distance_integrated_m,speed_reconstructed_kmh,lap_time_s,distance_official_length_scaled_m,drs_on,kers_active,kers_bar_fraction_visual
0,271.795,0,0,1,1,0.195652173913043
1,272.000089864262,0.0132329913621088,1.01386414626183,1,1,0.195652173913043
2,272.208029372768,0.0264655055398026,2.02772829252365,1,1,0.195652173913043
3,272.415968881275,0.0396980197174963,3.04159243878548,1,1,0.195652173913043
4,272.694159036088,0.0528940883507853,4.0554565850473,1,1,0.195652173913043
5,272.976881549177,0.0660878056282723,5.06932073130913,1,1,0.195652173913043
6,273.259604062266,0.0792815229057592,6.08318487757095,1,1,0.195652173913043
7,273.541522987809,0.0924377394311065,7.09704902383278,1,1,0.435704542908155
8,273.823360148561,0.10559014026618,8.11091317009461,1,0,0.70018216839605
9,274.105197309313,0.118742541101253,9.12477731635643,1,0,0.964659793883945
10,274.386272209938,0.131859369797086,10.1386414626183,1,0,1
11,274.667229546046,0.144970712148803,11.1525056088801,1,0,1
12,274.948186882154,0.15808205450052,12.1663697551419,1,0,1
13,275.159976457501,0.171165097166727,13.1802339014037,1,0,1
14,275.356126112423,0.184241740828187,14.1940980476656,1,0,1
15,275.552275767345,0.197318384489648,15.2079621939274,1,0,1
16,275.748102641356,0.210373509423704,16.2218263401892,1,0,1
17,275.943825729431,0.223421715295397,17.235690486451,1,0,1
18,276.139548817506,0.23646992116709,18.2495546327129,1,0,1
19,276.334978367993,0.249498557866184,19.2634187789747,1,0,1
20,276.530276740506,0.262518449367089,20.2772829252365,1,0,1
21,276.72557511302,0.275538340867993,21.2911470714983,1,0,1
22,276.920611760195,0.288540784012992,22.3050112177602,1,0,1
23,277.115487256406,0.301532483760375,23.318875364022,1,0,1
24,277.310362752616,0.314524183507759,24.3327395102838,1,0,1
25,277.505010870544,0.327500724702917,25.3466036565456,1,0,1
26,277.699465317789,0.340464354519265,26.3604678028075,1,0,1
27,277.893919765034,0.353427984335614,27.3743319490693,1,0,1
28,278.073499606918,0.366379968553459,28.3881960953311,1,0,1
29,278.235224674304,0.379317973944295,29.4020602415929,1,0,1
30,278.396949741689,0.39225597933513,30.4159243878548,1,0,1
31,278.55856956278,0.405185565022421,31.4297885341166,1,0,1
32,278.720004540359,0.418100363228699,32.4436526803784,1,0,1
33,278.881439517937,0.431015161434977,33.4575168266402,1,0,1
34,279.04279772829,0.443923818263205,34.4713809729021,1,0,1
35,279.203943654879,0.456815492390331,35.4852451191639,1,0,1
36,279.365089581468,0.469707166517457,36.4991092654257,1,0,1
37,279.526188617069,0.482595089365505,37.5129734116875,1,0,1
38,279.687046525916,0.49546372207328,38.5268375579494,1,0,1
39,279.847904434763,0.508332354781054,39.5407017042112,1,0,1
40,280.006998617059,0.521199861705924,40.554565850473,1,0,1
41,280.135478274447,0.534047827444682,41.5684299967348,1,0,1
42,280.263957931834,0.54689579318344,42.5822941429967,1,0,1
43,280.392437589222,0.559743758922198,43.5961582892585,1,0,1
44,280.520744877049,0.572574487704918,44.6100224355203,1,0,1
45,280.649041384533,0.585404138453314,45.6238865817822,1,0,1
46,280.777337892017,0.59823378920171,46.637750728044,1,0,1
47,280.958197896282,0.611046526418787,47.6516148743058,1,0,1
48,281.150334526775,0.623855635118306,48.6654790205676,1,0,1
49,281.342471157267,0.636664743817826,49.6793431668295,1,0,1
50,281.578999378992,0.649449968949609,50.6932073130913,1,0,1
51,281.834499733854,0.66222498669269,51.7070714593531,1,0,1
52,282.090000088715,0.67500000443577,52.7209356056149,1,0,1
53,282.345088552725,0.687754427636235,53.7347997518768,1,0,1
54,282.599865622788,0.70049328113942,54.7486638981386,1,0,1
55,282.854642692852,0.713232134642604,55.7625280444004,1,0,1
56,283.054593970692,0.725959397069209,56.7763921906622,1,0,1
57,283.18171261476,0.738671261475988,57.7902563369241,1,0,1
58,283.308831258828,0.751383125882768,58.8041204831859,1,0,1
59,283.435899197814,0.764089919781382,59.8179846294477,1,0,1
60,283.562838549013,0.776783854901269,60.8318487757095,1,0,1
61,283.689777900212,0.789477790021156,61.8457129219714,1,0,1
62,283.816693705986,0.802169370598591,62.8595770682332,1,0,1
63,283.943454269366,0.81484542693662,63.873441214495,1,0,1
64,284.070214832747,0.827521483274648,64.8873053607568,1,0,1
65,284.196975396127,0.840197539612676,65.9011695070187,1,0,1
66,284.323561928622,0.852856192862166,66.9150336532805,1,0,1
67,284.450144207103,0.865514420710267,67.9288977995423,1,0,1
68,284.576726485584,0.878172648558368,68.9427619458041,1,0,1
69,284.703163667486,0.890816366748595,69.956626092066,1,0,1
70,284.829568161868,0.903456816186798,70.9704902383278,1,0,1
71,284.95597265625,0.916097265625,71.9843543845896,1,0,1
72,285.082261614656,0.928726161465638,72.9982185308514,1,0,1
73,285.208488823633,0.941348882363254,74.0120826771133,1,0,1
74,285.334716032609,0.953971603260869,75.0259468233751,1,0,1
75,285.460857886905,0.966585788690476,76.0398109696369,1,0,1
76,285.586908307073,0.979190830707283,77.0536751158988,1,0,1
77,285.712958727241,0.991795872724089,78.0675392621606,1,0,1
78,285.838954589161,1.00439545891608,79.0814034084224,1,0,1
79,285.964828715035,1.0169828715035,80.0952675546842,1,0,1
80,286.090702840909,1.02957028409091,81.1091317009461,1,0,1
81,286.216553814595,1.0421553814595,82.1229958472079,1,0,1
82,286.342252138617,1.05472521386173,83.1368599934697,1,0,1
83,286.46795046264,1.06729504626397,84.1507241397315,1,0,1
84,286.593648786662,1.0798648786662,85.1645882859933,1,0,1
85,286.719180657252,1.09241806572524,86.1784524322552,1,0,1
86,286.844703669805,1.10497036698047,87.192316578517,1,0,1
87,286.970226682357,1.1175226682357,88.2061807247788,1,0,1
88,287.095616338788,1.13006163387883,89.2200448710407,1,0,1
89,287.220964528203,1.14259645282033,90.2339090173025,1,0,1
90,287.346312717618,1.15513127176184,91.2477731635643,1,0,1
91,287.471561239569,1.16765612395688,92.2616373098261,1,0,1
92,287.596735092142,1.18017350921419,93.275501456088,1,0,1
93,287.721908944715,1.19269089447149,94.2893656023498,1,0,1
94,287.847017404514,1.20520174045139,95.3032297486116,1,0,1
95,287.972017404514,1.21770174045139,96.3170938948734,1,0,1
96,288.097017404514,1.23020174045139,97.3309580411353,1,0,1
97,288.221986867198,1.24269868671983,98.3448221873971,1,0,1
98,288.346813496879,1.25518134968793,99.3586863336589,1,0,1
99,288.47164012656,1.26766401265603,100.372550479921,1,0,1
100,288.596466756241,1.28014667562413,101.386414626183,1,0,1
101,288.721125389543,1.29261253895429,102.400278772444,1,0,1
102,288.845779129155,1.30507791291551,103.414142918706,1,0,1
103,288.970432868767,1.31754328687673,104.428007064968,1,0,1
104,289.094955091632,1.32999550916321,105.44187121123,1,0,1
105,289.219436419433,1.34244364194329,106.455735357492,1,0,1
106,289.343917747234,1.35489177472337,107.469599503754,1,0,1
107,289.468304601174,1.3673304601174,108.483463650015,1,0,1
108,289.592613993439,1.37976139934392,109.497327796277,1,0,1
109,289.716923385704,1.39219233857044,110.511191942539,1,0,1
110,289.841175905172,1.40461759051724,111.525056088801,1,0,1
111,289.965313836207,1.41703138362069,112.538920235063,1,0,1
112,290.089451767241,1.42944517672414,113.552784381324,1,0,1
113,290.213570979683,1.44185709796832,114.566648527586,1,0,1
114,290.337537921832,1.4542537921832,115.580512673848,1,0,1
115,290.461504863981,1.46665048639807,116.59437682011,1,0,1
116,290.58547180613,1.47904718061295,117.608240966372,1,0,1
117,290.709288213549,1.49142882135488,118.622105112634,1,0,1
118,290.833084637208,1.50380846372077,119.635969258895,1,0,1
119,290.956881060867,1.51618810608666,120.649833405157,1,0,1
120,291.080566663805,1.52855666638049,121.663697551419,1,0,1
121,291.204193037431,1.54091930374313,122.677561697681,1,0,1
122,291.327819411058,1.55328194110577,123.691425843943,1,0,1
123,291.451375214335,1.56563752143347,124.705289990205,1,0,1
124,291.574832004458,1.57798320044582,125.719154136466,1,0,1
125,291.698288794582,1.59032887945816,126.733018282728,1,0,1
126,291.818614450316,1.60267168587015,127.74688242899,1,0,1
127,291.924294767357,1.61500105619159,128.760746575252,1,0,1
128,292.029975084398,1.62733042651304,129.774610721514,1,0,1
129,292.135655401438,1.63965979683448,130.788474867776,1,0,1
130,292.224838391112,1.65197737475562,131.802339014037,1,0,1
131,292.312814930701,1.66429409029814,132.816203160299,1,0,1
132,292.40079147029,1.67661080584066,133.830067306561,1,0,1
133,292.488709224156,1.68891929138184,134.843931452823,1,0,1
134,292.576599849156,1.70122397888184,135.857795599085,1,0,1
135,292.664490474156,1.71352866638184,136.871659745346,1,0,1
136,292.752343932927,1.72582815060976,137.885523891608,1,0,1
137,292.840148810976,1.73812083353658,138.89938803787,1,0,1
138,292.927953689024,1.75041351646341,139.913252184132,1,0,1
139,293.013776146055,1.76270418336887,140.927116330394,1,0,1
140,293.090535207889,1.77498563326226,141.940980476656,1,0,1
141,293.167294269723,1.78726708315565,142.954844622917,1,0,1
142,293.244053331557,1.79954853304904,143.968708769179,1,0,1
143,293.32075205049,1.8118203280784,144.982572915441,1,0,1
144,293.39744570196,1.82409131231359,145.996437061703,1,0,1
145,293.47413935343,1.83636229654879,147.010301207965,1,0,1
146,293.550789724351,1.84862635589613,148.024165354227,1,0,1
147,293.627418076841,1.86088689229459,149.038029500488,1,0,1
148,293.704046429332,1.87314742869306,150.05189364675,1,0,1
149,293.780648686729,1.88540378987665,151.065757793012,1,0,1
150,293.85721185134,1.89765389621438,152.079621939274,1,0,1
151,293.933775015951,1.90990400255211,153.093486085536,1,0,1
152,294.016522816111,1.92215228161115,154.107350231798,1,0,1
153,294.138888553705,1.9343888553705,155.121214378059,1,0,1
154,294.261254291298,1.94662542912984,156.135078524321,1,0,1
155,294.383620028892,1.95886200288919,157.148942670583,1,0,1
156,294.505841861847,1.97108418618466,158.162806816845,1,0,1
157,294.628041454515,1.98330414545146,159.176670963107,1,0,1
158,294.750241047183,1.99552410471826,160.190535109368,1,0,1
159,294.872342415254,2.00773424152542,161.20439925563,1,0,1
160,294.994376313559,2.01993763135593,162.218263401892,1,0,1
161,295.116410211864,2.03214102118644,163.232127548154,1,0,1
162,295.238392053148,2.04433920531483,164.245991694416,1,0,1
163,295.360260705823,2.05652607058226,165.259855840678,1,0,1
164,295.482129358497,2.0687129358497,166.273719986939,1,0,1
165,295.603992604801,2.08089926048005,167.287584133201,1,0,1
166,295.725696458756,2.09306964587559,168.301448279463,1,0,1
167,295.847400312711,2.10524003127113,169.315312425725,1,0,1
168,295.969104166667,2.11741041666667,170.329176571987,1,0,1
169,296.090685389939,2.12956853899392,171.343040718249,1,0,1
170,296.212224890277,2.14172248902768,172.35690486451,1,0,1
171,296.333764390614,2.15387643906144,173.370769010772,1,0,1
172,296.455229307148,2.16602293071477,174.384633157034,1,0,1
173,296.576604897168,2.17816048971679,175.398497303296,1,0,1
174,296.697980487188,2.19029804871881,176.412361449558,1,0,1
175,296.816569375631,2.20243309382366,177.426225595819,1,0,1
176,296.920470477175,2.2145548890038,178.440089742081,1,0,1
177,297.02437157872,2.22667668418394,179.453953888343,1,0,1
178,297.128272680264,2.23879847936409,180.467818034605,1,0,1
179,297.217212565216,2.25090975913023,181.481682180867,1,0,1
180,297.303709441718,2.26301932184046,182.495546327129,1,0,1
181,297.390206318219,2.2751288845507,183.50941047339,1,0,1
182,297.476656980831,2.28723197731637,184.523274619652,1,0,1
183,297.563070807043,2.29932991298608,185.537138765914,1,0,1
184,297.649484633256,2.31142784865578,186.551002912176,1,0,1
185,297.735877727818,2.32352288189448,187.564867058438,1,0,1
186,297.82220866307,2.33560921282974,188.5787312047,1,0,1
187,297.908539598321,2.34769554376499,189.592595350961,1,0,1
188,297.994870533573,2.35978187470024,190.606459497223,1,0,1
189,298.070987447589,2.37185799161426,191.620323643485,1,0,1
190,298.146459145702,2.38393346331237,192.634187789747,1,0,1
191,298.221930843816,2.39600893501048,193.648051936009,1,0,1
192,298.297362824675,2.40807805194805,194.661916082271,1,0,1
193,298.372771287181,2.42014340594889,195.675780228532,1,0,1
194,298.448179749686,2.43220875994973,196.689644374794,1,0,1
195,298.523568464839,2.44427095437421,197.703508521056,1,0,1
196,298.598913797614,2.45632620761825,198.717372667318,1,0,1
197,298.674259130389,2.46838146086228,199.73123681358,1,0,1
198,298.749604463165,2.48043671410632,200.745100959841,1,0,1
199,298.824887102677,2.49248193642827,201.758965106103,1,0,1
200,298.900169411334,2.50452710581347,202.772829252365,1,0,1
201,298.975451719992,2.51657227519866,203.786693398627,1,0,1
202,299.050691626619,2.52861066025909,204.800557544889,1,0,1
203,299.125911016507,2.54064576264104,205.814421691151,1,0,1
204,299.201130406394,2.55268086502298,206.828285837412,1,0,1
205,299.276327792276,2.56471244676409,207.842149983674,1,0,1
206,299.351484368476,2.57673749895616,208.856014129936,1,0,1
207,299.426640944676,2.58876255114822,209.869878276198,1,0,1
208,299.501796021068,2.60078736337088,210.88374242246,1,0,1
209,299.576889888402,2.61280238214435,211.897606568722,1,0,1
210,299.651983755736,2.62481740091781,212.911470714983,1,0,1
211,299.72707762307,2.63683241969128,213.925334861245,1,0,1
212,299.80212799604,2.6488404793664,214.939199007507,1,0,1
213,299.877159259066,2.6608454814506,215.953063153769,1,0,1
214,299.952190522093,2.67285048353481,216.966927300031,1,0,1
215,300.031082847454,2.6848515986435,217.980791446292,1,0,1
216,300.116756336268,2.69684588707758,218.994655592554,1,0,1
217,300.202429825083,2.70884017551166,220.008519738816,1,0,1
218,300.288101041879,2.72083414586305,221.022383885078,1,0,1
219,300.373693053291,2.73281702746077,222.03624803134,1,0,1
220,300.459285064703,2.74479990905849,223.050112177602,1,0,1
221,300.544877076116,2.7567827906562,224.063976323863,1,0,1
222,300.630412992026,2.76875781888361,225.077840470125,1,0,1
223,300.715923680862,2.78072931532066,226.091704616387,1,0,1
224,300.801434369698,2.79270081175772,227.105568762649,1,0,1
225,300.892869856675,2.80466814994542,228.119432908911,1,0,1
226,300.995380416212,2.81662771522472,229.133297055173,1,0,1
227,301.097890975749,2.82858728050401,230.147161201434,1,0,1
228,301.200467858328,2.84054678583278,231.161025347696,1,0,1
229,301.319910459522,2.85249104595222,232.174889493958,1,0,1
230,301.439353060717,2.86443530607166,233.18875364022,1,0,1
231,301.558795661911,2.87637956619111,234.202617786482,1,0,1
232,301.678134567594,2.88831345675944,235.216481932744,1,0,1
233,301.797418861829,2.9002418861829,236.230346079005,1,0,1
234,301.916703156064,2.91217031560636,237.244210225267,1,0,1
235,302.017975856504,2.92409517130089,238.258074371529,1,0,1
236,302.077558776068,2.9360117552135,239.271938517791,1,0,1
237,302.137141695631,2.94792833912612,240.285802664053,1,0,1
238,302.196724615194,2.95984492303873,241.299666810315,1,0,1
239,302.256270282005,2.97175405640093,242.313530956576,1,0,1
240,302.315813781839,2.98366275636785,243.327395102838,1,0,1
241,302.375357281674,2.99557145633477,244.3412592491,1,0,1
242,302.434877706612,3.00747554132231,245.355123395362,1,0,1
243,302.494381838843,3.01937636776859,246.368987541624,1,0,1
244,302.553885971074,3.03127719421488,247.382851687885,1,0,1
245,302.613381256194,3.04317625123885,248.396715834147,1,0,1
246,302.672846072844,3.05506921456888,249.410579980409,1,0,1
247,302.732310889495,3.06696217789891,250.424444126671,1,0,1
248,302.791775706145,3.07885514122894,251.438308272933,1,0,1
249,302.851206689502,3.0907413379003,252.452172419195,1,0,1
250,302.910632242489,3.10262644849785,253.466036565456,1,0,1
251,302.970057795477,3.11451155909541,254.479900711718,1,0,1
252,303.049095691314,3.12639148295767,255.49376485798,1,0,1
253,303.148051161352,3.13826613936229,256.507629004242,1,0,1
254,303.247006631391,3.1501407957669,257.521493150504,1,0,1
255,303.345948231283,3.16201378775398,258.535357296766,1,0,1
256,303.444795018763,3.17387540225151,259.549221443027,1,0,1
257,303.543641806242,3.18573701674904,260.563085589289,1,0,1
258,303.642488593721,3.19759863124657,261.576949735551,1,0,1
259,303.741253462699,3.20945041552386,262.590813881813,1,0,1
260,303.839991806089,3.22129901673066,263.604678028075,1,0,1
261,303.938730149479,3.23314761793746,264.618542174336,1,0,1
262,304.037427431507,3.24499129178082,265.632406320598,1,0,1
263,304.136057568493,3.25682690821918,266.64627046686,1,0,1
264,304.234687705479,3.26866252465753,267.660134613122,1,0,1
265,304.333317842466,3.28049814109589,268.673998759384,1,0,1
266,304.431840026911,3.29232080322934,269.687862905646,1,0,1
267,304.530362194399,3.30414346332786,270.701727051907,1,0,1
268,304.628884361887,3.31596612342638,271.715591198169,1,0,1
269,304.727340110716,3.32778081328595,272.729455344431,1,0,1
270,304.825754544833,3.33959054537999,273.743319490693,1,0,1
271,304.92416897895,3.35140027747403,274.757183636955,1,0,1
272,305.012307825536,3.363207721618,275.771047783217,1,0,1
273,305.065943105632,3.37500748323897,276.784911929478,1,0,1
274,305.119578385727,3.38680724485995,277.79877607574,1,0,1
275,305.173213665822,3.39860700648093,278.812640222002,1,0,1
276,305.226822125927,3.41040086770399,279.826504368264,1,0,1
277,305.280425461246,3.42219360147409,280.840368514526,1,0,1
278,305.334028796565,3.43398633524419,281.854232660788,1,0,1
279,305.387617848688,3.44577592671131,282.868096807049,1,0,1
280,305.441189277259,3.45756164099702,283.881960953311,1,0,1
281,305.494760705831,3.46934735528274,284.895825099573,1,0,1
282,305.54833042257,3.4811326929655,285.909689245835,1,0,1
283,305.601869982356,3.49291139611838,286.923553392097,1,0,1
284,305.655409542142,3.50469009927127,287.937417538358,1,0,1
285,305.708949101928,3.51646880242415,288.95128168462,1,0,1
286,305.762467724773,3.52824289945006,289.965145830882,1,0,1
287,305.815975453667,3.54001459980678,290.979009977144,1,0,1
288,305.869483182561,3.55178630016349,291.992874123406,1,0,1
289,305.925586894815,3.56355609840783,293.006738269668,1,0,1
290,305.989087799981,3.57532047662814,294.020602415929,1,0,1
291,306.052588705148,3.58708485484844,295.034466562191,1,0,1
292,306.116089610314,3.59884923306874,296.048330708453,1,0,1
293,306.188160229592,3.61060563673469,297.062194854715,1,0,1
294,306.261629617347,3.62236073877551,298.076059000977,1,0,1
295,306.335099005102,3.63411584081632,299.089923147239,1,0,1
296,306.408541012439,3.64586656199021,300.1037872935,1,0,1
297,306.481950474103,3.65761207585644,301.117651439762,1,0,1
298,306.555359935767,3.66935758972267,302.131515586024,1,0,1
299,306.628766325387,3.68110261206194,303.145379732286,1,0,1
300,306.702115958639,3.69283855338223,304.159243878548,1,0,1
301,306.775465591891,3.70457449470253,305.173108024809,1,0,1
302,306.848815225143,3.71631043602282,306.186972171071,1,0,1
303,306.919508817791,3.72804031736696,307.200836317333,1,0,1
304,306.988727841712,3.73976683436068,308.214700463595,1,0,1
305,307.057946865634,3.75149335135441,309.228564609857,1,0,1
306,307.126210390295,3.76321787025316,310.242428756119,1,0,1
307,307.1913098478,3.77493577260398,311.25629290238,1,0,1
308,307.256409305304,3.78665367495479,312.270157048642,1,0,1
309,307.321508762809,3.7983715773056,313.284021194904,1,0,1
310,307.386569712986,3.81008254833755,314.297885341166,1,0,1
311,307.451622116311,3.82179198093603,315.311749487428,1,0,1
312,307.516674519636,3.83350141353451,316.32561363369,1,0,1
313,307.581708019843,3.84520744357168,317.339477779951,1,0,1
314,307.646713436961,3.85690841865294,318.353341926213,1,0,1
315,307.711718854079,3.8686093937342,319.367206072475,1,0,1
316,307.776724271197,3.88031036881546,320.381070218737,1,0,1
317,307.841683530314,3.89200303545651,321.394934364999,1,0,1
318,307.906642029051,3.90369556522916,322.408798511261,1,0,1
319,307.971600527788,3.9153880950018,323.422662657522,1,0,1
320,308.027401964431,3.92707647146335,324.436526803784,1,0,1
321,308.076090089938,3.93876162158507,325.450390950046,1,0,1
322,308.124778215445,3.95044677170679,326.464255096308,1,0,1
323,308.173462664459,3.96213103947013,327.47811924257,1,0,1
324,308.222124464945,3.97380987158691,328.491983388831,1,0,1
325,308.270786265432,3.9854887037037,329.505847535093,1,0,1
326,308.319448065919,3.99716753582049,330.519711681355,1,0,1
327,308.368091073359,4.00884185760605,331.533575827617,1,0,1
328,308.416726577276,4.02051437854634,332.547439973879,1,0,1
329,308.465362081194,4.03218689948662,333.561304120141,1,0,1
330,308.51399002498,4.04385760599514,334.575168266402,1,0,1
331,308.562599260734,4.05552382257629,335.589032412664,1,0,1
332,308.611208496489,4.06719003915744,336.602896558926,1,0,1
333,308.659817732244,4.07885625573859,337.616760705188,1,0,1
334,308.708404425326,4.09051706207827,338.63062485145,1,0,1
335,308.756987421278,4.10217698110661,339.644488997712,1,0,1
336,308.805570417229,4.11383690013495,340.658353143973,1,0,1
337,308.854142180335,4.12549412328028,341.672217290235,1,0,1
338,308.902698964796,4.13714775155112,342.686081436497,1,0,1
339,308.951255749258,4.14880137982196,343.699945582759,1,0,1
340,308.99981253372,4.1604550080928,344.713809729021,1,0,1
341,309.058008755257,4.17210175105144,345.727673875283,1,0,1
342,309.116242336622,4.18374846732449,346.741538021544,1,0,1
343,309.174475917988,4.19539518359754,347.755402167806,1,0,1
344,309.232688348691,4.20703766973812,348.769266314068,1,0,1
345,309.290884274976,4.21867685499515,349.78313046033,1,0,1
346,309.349080201261,4.23031604025218,350.796994606592,1,0,1
347,309.407271425687,4.24195428513732,351.810858752854,1,0,1
348,309.465429745557,4.25358594911147,352.824722899115,1,0,1
349,309.523588065428,4.26521761308562,353.838587045377,1,0,1
350,309.581746385299,4.27684927705977,354.852451191639,1,0,1
351,309.63987893526,4.28847578705198,355.866315337901,1,0,1
352,309.697999697288,4.30009993945754,356.880179484163,1,0,1
353,309.756120459315,4.31172409186309,357.894043630424,1,0,1
354,309.814232030494,4.32334640609874,358.907907776686,1,0,1
355,309.872315283156,4.33496305663117,359.921771922948,1,0,1
356,309.930398535818,4.3465797071636,360.93563606921,1,0,1
357,309.98848178848,4.35819635769603,361.949500215472,1,0,1
358,310.046535008868,4.36980700177362,362.963364361734,1,0,1
359,310.104580800548,4.38141616010964,363.977228507995,1,0,1
360,310.162626592228,4.39302531844566,364.991092654257,1,0,1
361,310.220659059781,4.40463181195617,366.004956800519,1,0,1
362,310.278667438769,4.41623348775378,367.018820946781,1,0,1
363,310.336675817757,4.4278351635514,368.032685093043,1,0,1
364,310.394684196745,4.43943683934902,369.046549239305,1,0,1
365,310.452658635266,4.45103172705314,370.060413385566,1,0,1
366,310.510629649758,4.46262592995169,371.074277531828,1,0,1
367,310.568600664251,4.47422013285024,372.08814167809,1,0,1
368,310.626554574348,4.48581091486965,373.102005824352,1,0,1
369,310.684488272449,4.49739765448986,374.115869970614,1,0,1
370,310.74242197055,4.50898439411007,375.129734116876,1,0,1
371,310.800355439852,4.52057108797041,376.143598263137,1,0,1
372,310.858251869572,4.53215037391444,377.157462409399,1,0,1
373,310.916148299292,4.54372965985847,378.171326555661,1,0,1
374,310.974044729013,4.55530894580251,379.185190701923,1,0,1
375,311.039897574327,4.56688361189232,380.199054848185,1,0,1
376,311.112215774407,4.57845452390518,381.212918994446,1,0,1
377,311.184533974488,4.59002543591804,382.226783140708,1,0,1
378,311.256846673023,4.60159546768366,383.24064728697,1,0,1
379,311.329106809514,4.61315708952228,384.254511433232,1,0,1
380,311.401366946006,4.6247187113609,385.268375579494,1,0,1
381,311.473627082497,4.63628033319952,386.282239725756,1,0,1
382,311.545850406137,4.64783606498195,387.296103872017,1,0,1
383,311.618052572202,4.65938841155234,388.309968018279,1,0,1
384,311.690254738267,4.67094075812274,389.323832164541,1,0,1
385,311.762446918838,4.68249150701403,390.337696310803,1,0,1
386,311.834591207415,4.69403459318637,391.351560457065,1,0,1
387,311.906735495992,4.70557767935872,392.365424603327,1,0,1
388,311.978879784569,4.71712076553106,393.379288749588,1,0,1
389,311.918341845734,4.72866581542655,394.39315289585,1,0,1
390,311.802883218409,4.74021167815907,395.407017042112,1,0,1
391,311.687424591084,4.7517575408916,396.420881188374,1,0,1
392,311.571929953436,4.76330700465639,397.434745334636,1,0,1
393,311.45632301702,4.77486769829801,398.448609480897,1,0,1
394,311.340716080604,4.78642839193963,399.462473627159,1,0,1
395,311.225109144188,4.79798908558124,400.476337773421,1,0,1
396,311.177351914731,4.80955923410753,401.490201919683,1,0,1
397,311.148419985132,4.82113200594712,402.504066065945,1,0,1
398,311.119488055533,4.83270477778671,403.517930212207,1,0,1
399,311.118880161472,4.84427603229434,404.531794358468,1,0,1
400,311.176720778438,4.85584415568766,405.54565850473,1,0,1
401,311.234561395405,4.86741227908098,406.559522650992,1,0,1
402,311.292402012371,4.87898040247429,407.573386797254,1,0,1
403,311.350210360469,4.89054207209377,408.587250943516,1,0,1
404,311.408013828677,4.90210276573539,409.601115089778,1,0,1
405,311.465817296885,4.91366345937701,410.614979236039,1,0,1
406,311.52360560414,4.92522112082798,411.628843382301,1,0,1
407,311.581371971277,4.93677439425545,412.642707528563,1,0,1
408,311.639138338415,4.94832766768292,413.656571674825,1,0,1
409,311.696904705552,4.9598809411104,414.670435821087,1,0,1
410,311.75463600465,4.97142720093008,415.684299967349,1,0,1
411,311.812365318313,4.9829730636626,416.69816411361,1,0,1
412,311.870094631976,4.99451892639512,417.712028259872,1,0,1
413,311.924598167342,5.00606132479027,418.725892406134,1,0,1
414,311.975634614021,5.01759999969181,419.739756552396,1,0,1
415,312.026671060701,5.02913867459334,420.753620698658,1,0,1
416,312.077604841576,5.04067725880976,421.767484844919,1,0,1
417,312.121961667599,5.05221003357565,422.781348991181,1,0,1
418,312.166318493621,5.06374280834155,423.795213137443,1,0,1
419,312.210675319644,5.07527558310744,424.809077283705,1,0,1
420,312.255020193492,5.08680525030788,425.822941429967,1,0,1
421,312.299355168861,5.09833234390394,426.836805576229,1,0,1
422,312.343690144231,5.1098594375,427.85066972249,1,0,1
423,312.388023440755,5.12138609459626,428.864533868752,1,0,1
424,312.432336586988,5.13290751261694,429.878398015014,1,0,1
425,312.476649733222,5.14442893063762,430.892262161276,1,0,1
426,312.520962879455,5.1559503486583,431.906126307538,1,0,1
427,312.565262829582,5.16746833569144,432.9199904538,1,0,1
428,312.609554168165,5.17898408372293,433.933854600061,1,0,1
429,312.653845506748,5.19049983175443,434.947718746323,1,0,1
430,312.698133978064,5.20201483429661,435.961582892585,1,0,1
431,312.74240353045,5.21352491791687,436.975447038847,1,0,1
432,312.786673082835,5.22503500153714,437.989311185109,1,0,1
433,312.830942635221,5.2365450851574,439.003175331371,1,0,1
434,312.875197901303,5.24805145433874,440.017039477632,1,0,1
435,312.919445688913,5.2595558791175,441.030903623894,1,0,1
436,312.963693476524,5.27106030389626,442.044767770156,1,0,1
437,313.008598632553,5.28256367181262,443.058631916418,1,0,1
438,313.056509199494,5.29406220787863,444.07249606268,1,0,1
439,313.104419766436,5.30556074394464,445.086360208941,1,0,1
440,313.152330333378,5.31705928001065,446.100224355203,1,0,1
441,313.200223036934,5.32855352886406,447.114088501465,1,0,1
442,313.248108112752,5.34004594706039,448.127952647727,1,0,1
443,313.29599318857,5.35153836525672,449.141816793989,1,0,1
444,313.343872656873,5.36302943764956,450.155680940251,1,0,1
445,313.391732268679,5.37451574448285,451.169545086512,1,0,1
446,313.439591880484,5.38600205131614,452.183409232774,1,0,1
447,313.487451492289,5.39748835814943,453.197273379036,1,0,1
448,313.535292336567,5.40897016077598,454.211137525298,1,0,1
449,313.583126511427,5.42045036274249,455.22500167156,1,0,1
450,313.630960686287,5.43193056470901,456.238865817822,1,0,1
451,313.678788418548,5.44340922045153,457.252729964083,1,0,1
452,313.726597183488,5.45488332403718,458.266594110345,1,0,1
453,313.774405948428,5.46635742762284,459.280458256607,1,0,1
454,313.822214713369,5.4778315312085,460.294322402869,1,0,1
455,313.87000399854,5.48930095964959,461.308186549131,1,0,1
456,313.917787380542,5.50076897132997,462.322050695392,0,0,1
457,313.965570762543,5.51223698301035,463.335914841654,0,0,1
458,313.983974175693,5.52370516486142,464.349778987916,0,0,1
459,313.926631072794,5.53517378544122,465.363643134178,0,0,1
460,313.869287969895,5.54664240602103,466.37750728044,0,0,1
461,313.811944866996,5.55811102660083,467.391371426702,0,0,1
462,313.75457282037,5.56958543592604,468.405235572963,0,0,1
463,313.697193158272,5.58106136834555,469.419099719225,0,0,1
464,313.639813496175,5.59253730076506,470.432963865487,0,0,1
465,313.582422627592,5.60401547448166,471.446828011749,0,0,1
466,313.525006359649,5.61549872807018,472.460692158011,0,0,1
467,313.467590091707,5.62698198165869,473.474556304273,0,0,1
468,313.410173823764,5.63846523524721,474.488420450534,0,0,1
469,313.352727397861,5.6499545204277,475.502284596796,0,0,1
470,313.295274477338,5.6614451045324,476.516148743058,0,0,1
471,313.237821556815,5.67293568863709,477.53001288932,0,0,1
472,313.180356096295,5.68442878074098,478.543877035582,0,0,1
473,313.122866476365,5.69592670472692,479.557741181844,0,0,1
474,313.065376856436,5.70742462871287,480.571605328105,0,0,1
475,313.007887236506,5.71892255269882,481.585469474367,0,0,1
476,312.801273112604,5.7304363443698,482.599333620629,0,0,1
477,312.570946817019,5.74195265914907,483.613197766891,0,0,1
478,312.340620521433,5.75346897392834,484.627061913153,0,0,1
479,312.110064063502,5.76499679682489,485.640926059414,0,0,1
480,311.879146808852,5.77654265955741,486.654790205676,0,0,1
481,311.648229554201,5.78808852228993,487.668654351938,0,0,1
482,311.417312299551,5.79963438502245,488.6825184982,0,0,1
483,311.239410002411,5.81120599983925,489.696382644462,0,0,1
484,311.065804472754,5.82277970181643,490.710246790724,0,0,1
485,310.892198943096,5.8343534037936,491.724110936985,0,0,1
486,310.745650313909,5.84593496860914,492.737975083247,0,0,1
487,310.629745613329,5.8575254386671,493.751839229509,0,0,1
488,310.51384091275,5.86911590872505,494.765703375771,0,0,1
489,310.397933550935,5.88070664490651,495.779567522033,0,0,1
490,310.281879392327,5.89231206076725,496.793431668295,0,0,1
491,310.16582523372,5.90391747662798,497.807295814556,0,0,1
492,310.049771075113,5.91552289248872,498.821159960818,0,0,1
493,309.867176921835,5.92714115390827,499.83502410708,0,0,1
494,309.6346187823,5.93876906088501,500.848888253342,0,0,1
495,309.402060642765,5.95039696786176,501.862752399604,0,0,1
496,309.169423494171,5.96202882529145,502.876616545866,0,0,1
497,308.936262872409,5.97368685637953,503.890480692127,0,0,1
498,308.703102250648,5.98534488746762,504.904344838389,0,0,1
499,308.469941628886,5.9970029185557,505.918208984651,0,0,1
500,308.154455870412,6.00868480431958,506.932073130913,0,0,1
501,307.803692635596,6.0203769121468,507.945937277175,0,0,1
502,307.452929400779,6.03206901997402,508.959801423436,0,0,1
503,307.068916285901,6.04377709285248,509.973665569698,0,0,1
504,306.598942395561,6.05552644011097,510.98752971596,0,0,1
505,306.128968505222,6.06727578736945,512.001393862222,0,0,1
506,305.658994614882,6.07902513462794,513.015258008484,0,0,1
507,305.186863353018,6.09082841617454,514.029122154746,0,0,1
508,304.714422408136,6.10263943979659,515.042986301007,0,0,1
509,304.241981463254,6.11445046341864,516.056850447269,0,0,1
510,303.652027493395,6.12629954177675,517.070714593531,0,0,1
511,302.938685353368,6.13818857744386,518.084578739793,0,0,1
512,302.225343213342,6.15007761311096,519.098442886055,0,0,1
513,301.511298019307,6.16197836634487,520.112307032317,0,0,1
514,300.792256741012,6.1739623876498,521.126171178578,0,0,1
515,300.073215462716,6.18594640895473,522.14003532484,0,0,1
516,299.354174184421,6.19793043025965,523.153899471102,0,0,1
517,298.630583640939,6.20999027265101,524.167763617364,0,0,1
518,297.905751426174,6.22207080956376,525.181627763626,0,0,1
519,297.180919211409,6.23415134647651,526.195491909888,0,0,1
520,296.453294739513,6.24627842100812,527.209356056149,0,0,1
521,295.722577554127,6.25845704076455,528.223220202411,0,0,1
522,294.991860368742,6.27063566052097,529.237084348673,0,0,1
523,294.260006565484,6.28283322390859,530.250948494935,0,0,1
524,293.523308066166,6.29511153223056,531.264812641197,0,0,1
525,292.786609566849,6.30738984055252,532.278676787458,0,0,1
526,292.049911067531,6.31966814887449,533.29254093372,0,0,1
527,290.959169150586,6.33206478721571,534.306405079982,0,0,1
528,289.842697751551,6.34447002498277,535.320269226244,0,0,1
529,288.726226352516,6.35687526274983,536.334133372506,0,0,1
530,287.599828637474,6.36939079291696,537.347997518768,0,0,1
531,286.469333173413,6.38195185362875,538.361861665029,0,0,1
532,285.338837709351,6.39451291434054,539.375725811291,0,0,1
533,284.200815856891,6.4071576015901,540.389589957553,0,0,1
534,283.055939531802,6.41987844964664,541.403454103815,0,0,1
535,281.911063206714,6.43259929770318,542.417318250077,0,0,1
536,280.760597306729,6.44538225214746,543.431182396338,0,0,1
537,279.600969532928,6.45826700518969,544.4450465426,0,0,1
538,278.441341759127,6.47115175823192,545.458910688862,0,0,1
539,277.277559418057,6.4840826731327,546.472774835124,0,0,1
540,276.102795096084,6.49713561004351,547.486638981386,0,0,1
541,274.928030774112,6.51018854695431,548.500503127648,0,0,1
542,273.75000326047,6.52327774155033,549.514367273909,0,0,1
543,272.559702011389,6.53650331098457,550.528231420171,0,0,1
544,271.369400762307,6.54972888041881,551.542095566433,0,0,1
545,270.176138821668,6.56298734642591,552.555959712695,0,0,1
546,268.969884167908,6.57639017591214,553.569823858957,0,0,1
547,267.763629514148,6.58979300539836,554.583688005219,0,0,1
548,266.581485854395,6.60323142682007,555.59755215148,0,0,1
549,265.495103357224,6.6168112080347,556.611416297742,0,0,1
550,264.408720860053,6.63039098924934,557.625280444004,0,0,1
551,263.35435893402,6.64400915808543,558.639144590266,0,0,1
552,262.39326053585,6.65773913520214,559.653008736528,0,0,1
553,261.432162137681,6.67146911231884,560.66687288279,0,0,1
554,260.467513155358,6.68524981206631,561.680737029051,0,0,1
555,259.496040526214,6.69912799248265,562.694601175313,0,0,1
556,258.52456789707,6.713006172899,563.708465321575,0,0,1
557,257.418231411007,6.72696409543325,564.722329467837,0,0,1
558,256.153594408665,6.7410156176815,565.736193614099,0,0,1
559,254.888957406323,6.75506713992974,566.750057760361,0,0,1
560,253.613265587886,6.76924149346793,567.763921906622,0,0,1
561,252.330605255344,6.78349327494062,568.777786052884,0,0,1
562,251.047944922803,6.7977450564133,569.791650199146,0,0,1
563,249.750324849397,6.81216305722891,570.805514345408,0,0,1
564,248.44912003012,6.82662088855422,571.81937849167,0,0,1
565,247.147151130807,6.8410872096577,572.833242637931,0,0,1
566,245.826857732274,6.85575713630807,573.847106784193,0,0,1
567,244.506564333741,6.87042706295844,574.860970930455,0,0,1
568,243.18011119727,6.88516543114144,575.874835076717,0,0,1
569,241.840160825062,6.90005376861042,576.888699222979,0,0,1
570,240.500210452854,6.9149421060794,577.902563369241,0,0,1
571,239.242919043624,6.9299635119547,578.916427515502,0,0,1
572,238.034865352349,6.94506418309564,579.930291661764,0,0,1
573,236.826811661074,6.96016485423658,580.944155808026,0,0,1
574,235.60268664966,6.97546641687925,581.958019954288,0,0,1
575,234.378196853741,6.99077253932823,582.97188410055,0,0,1
576,233.260955749354,7.00615073751077,583.985748246812,0,0,1
577,232.330723191214,7.02165461347976,584.999612393073,0,0,1
578,231.400490633075,7.03715848944875,586.013476539335,0,0,1
579,230.709704644097,7.05275738389757,587.027340685597,0,0,1
580,230.084704644097,7.06838238389757,588.041204831859,0,0,1
581,229.458723557692,7.08403191105769,589.055068978121,0,0,1
582,228.829352928321,7.09976617679196,590.068933124383,0,0,1
583,228.199982298951,7.11550044252622,591.082797270644,0,0,1
584,227.241274988967,7.13133892872904,592.096661416906,0,0,1
585,226.129183197264,7.1472259543248,593.110525563168,0,0,1
586,225.014803004915,7.16314567135836,594.12438970943,0,0,1
587,223.888797642985,7.17923146224308,595.138253855692,0,0,1
588,222.762792281054,7.19531725312779,596.152118001953,0,0,1
589,221.571723947725,7.21154368069699,597.165982148215,0,0,1
590,220.349728021045,7.22783695971939,598.179846294477,0,0,1
591,219.105380624426,7.24418274219467,599.193710440739,0,0,1
592,217.783066574839,7.26071166781451,600.207574587001,0,0,1
593,216.460752525252,7.27724059343434,601.221438733263,0,0,1
594,215.122609040074,7.29396738699907,602.235302879524,0,0,1
595,213.780577353215,7.31074278308481,603.249167025786,0,0,1
596,212.787273834746,7.32759087217514,604.263031172048,0,0,1
597,212.278799258475,7.34454002471751,605.27689531831,0,0,1
598,211.770156072443,7.36149479758523,606.290759464572,0,0,1
599,211.25879243608,7.37854025213068,607.304623610834,0,0,1
600,210.747428799716,7.39558570667614,608.318487757095,0,0,1
601,210.111748213435,7.41270629466413,609.332351903357,0,0,1
602,209.425707241544,7.42985731896141,610.346216049619,0,0,1
603,208.671610276442,7.44706779447116,611.360080195881,0,0,1
604,207.806225661058,7.46437548677885,612.373944342143,0,0,1
605,206.940266686893,7.48169466626214,613.387808488405,0,0,1
606,206.066480279126,7.49917039441748,614.401672634666,0,0,1
607,205.192693871359,7.51664612257282,615.415536780928,0,0,1
608,204.312230085784,7.53425539828431,616.42940092719,0,0,1
609,203.429877144608,7.55190245710784,617.443265073452,0,0,1
610,202.543044245049,7.56963911509901,618.457129219714,0,0,1
611,201.651955136139,7.58746089727723,619.470993365975,0,0,1
612,200.806876311844,7.6053280922039,620.484857512237,0,0,1
613,200.087236131934,7.62331909670165,621.498721658499,0,0,1
614,199.375538040744,7.64131539864185,622.512585804761,0,0,1
615,198.8322784834,7.65942405055332,623.526449951023,0,0,1
616,198.289018926056,7.67753270246479,624.540314097285,0,0,1
617,197.743000822368,7.69573330592105,625.554178243546,0,0,1
618,197.196442117915,7.71395192940283,626.568042389808,0,0,1
619,196.529846839959,7.73225382900102,627.58190653607,0,0,1
620,195.795901885831,7.75060245285423,628.595770682332,0,0,1
621,195.059177543679,7.76902056140802,629.609634828594,0,0,1
622,194.319198098664,7.7875200475334,630.623498974856,0,0,1
623,193.633127718799,7.80606240937338,631.637363121117,0,0,1
624,193.07383201709,7.82470559943035,632.651227267379,0,0,1
625,192.542757414152,7.8433621292924,633.665091413641,0,0,1
626,192.168147632674,7.86209261836628,634.678955559903,0,0,1
627,191.79351084117,7.88082445794148,635.692819706165,0,0,1
628,191.417335292581,7.89963323537095,636.706683852427,0,0,1
629,191.041159743992,7.91844201280042,637.720547998688,0,0,1
630,190.49483698792,7.93733876706933,638.73441214495,0,0,1
631,189.927610097164,7.95624633009454,639.748276291212,0,0,1
632,189.357594939218,7.97524683535941,640.762140437474,0,0,1
633,188.786770414905,7.99427431950317,641.776004583736,0,0,1
634,188.213494481383,8.01338351728723,642.789868729997,0,0,1
635,187.639026396277,8.03253245345745,643.803732876259,0,0,1
636,187.062403439507,8.05175321868308,644.817597022521,0,0,1
637,186.484244981263,8.07102516729122,645.831461168783,0,0,1
638,185.904186220366,8.09036045932112,646.845325315045,0,0,1
639,185.322289668642,8.10975701104526,647.859189461307,0,0,1
640,184.825991197183,8.12920044014084,648.873053607568,0,0,1
641,184.435958694475,8.14870206527627,649.88691775383,0,0,1
642,184.045255576714,8.16823722116431,650.900781900092,0,0,1
643,183.653525435256,8.18782372823721,651.914646046354,0,0,1
644,183.295921776837,8.20743854821087,652.928510192616,0,0,1
645,183.00092041109,8.22710530592734,653.942374338878,0,0,1
646,182.737124794633,8.24678752053669,654.956238485139,0,0,1
647,182.539972549288,8.26650274507119,655.970102631401,0,0,1
648,182.342694772228,8.28623052277717,656.983966777663,0,0,1
649,182.145109700878,8.30598902991218,657.997830923925,0,0,1
650,181.788940121413,8.32577649696468,659.011695070187,0,0,1
651,180.994238134658,8.34564404663355,660.025559216449,0,0,1
652,180.197750278397,8.36555624304009,661.03942336271,0,0,1
653,179.395968541203,8.38560078646993,662.053287508972,0,0,1
654,178.618345724516,8.4056901221567,663.067151655234,0,0,1
655,177.910679338669,8.42590916175232,664.081015801496,0,0,1
656,177.229960195136,8.44616799349547,665.094879947758,0,0,1
657,176.619100466629,8.4665299844457,666.108744094019,0,0,1
658,176.006930310364,8.48693565632118,667.122608240281,0,0,1
659,175.3918961418,8.50743679527335,668.136472386543,0,0,1
660,174.850389318442,8.52798053407789,669.150336532805,0,0,1
661,174.438018184422,8.54859909077892,670.164200679067,0,0,1
662,174.024844505178,8.56925777474108,671.178064825329,0,0,1
663,173.61057523015,8.58997123849252,672.19192897159,0,0,1
664,173.144131071119,8.61073475715525,673.205793117852,0,0,1
665,172.623749457936,8.63155002168256,674.219657264114,0,0,1
666,172.041658687427,8.65244471041909,675.233521410376,0,0,1
667,171.413020736321,8.67339930878929,676.247385556638,0,0,1
668,170.781459334701,8.69445135550996,677.261249702899,0,0,1
669,170.148399545721,8.71555334847596,678.275113849161,0,0,1
670,169.511906508264,8.73676978305785,679.288977995423,0,0,1
671,168.874362234357,8.75802125885478,680.302842141685,0,0,1
672,168.232800014863,8.77940666617122,681.316706287947,0,0,1
673,167.58907730608,8.80081207696915,682.330570434209,0,0,1
674,166.834360324948,8.82237541928721,683.344434580471,0,0,1
675,166.061160519952,8.8439709870012,684.358298726732,0,0,1
676,165.190543833132,8.8657364041717,685.372162872994,0,0,1
677,164.317191391942,8.88757021520146,686.386027019256,0,0,1
678,163.438070512821,8.90954823717948,687.399891165518,0,0,1
679,162.666360606527,8.93162131311576,688.41375531178,0,0,1
680,162.001335975985,8.95378880080049,689.427619458041,0,0,1
681,161.332859568859,8.97607134770471,690.441483604303,0,0,1
682,160.662884382754,8.99840385390819,691.455347750565,0,0,1
683,159.988356015625,9.0208881328125,692.469211896827,0,0,1
684,159.312701275189,9.0434099574937,693.483076043089,0,0,1
685,158.632600519521,9.06607998268262,694.496940189351,0,0,1
686,157.950615244289,9.08881282519035,695.510804335612,0,0,1
687,157.265336056472,9.11165546478426,696.524668481874,0,0,1
688,156.718250159642,9.13458749201788,697.538532628136,0,0,1
689,156.2584800447,9.157575997765,698.552396774398,0,0,1
690,155.796649390244,9.1806675304878,699.56626092066,0,0,1
691,155.30120698838,9.20379310038734,700.580125066921,0,0,1
692,154.603982972886,9.22703390090381,701.593989213183,0,0,1
693,153.805188722295,9.25037028194263,702.607853359445,0,0,1
694,152.86646642764,9.27383833930899,703.621717505707,0,0,1
695,151.920658432148,9.29748353919631,704.635581651969,0,0,1
696,150.995604753521,9.32120323943662,705.649445798231,0,0,1
697,150.846474678956,9.34506405136703,706.663309944492,0,0,1
698,150.697257209544,9.36893884647303,707.677174090754,0,0,1
699,150.547879616183,9.39283926141079,708.691038237016,0,0,1
700,150.39833328138,9.41676667497922,709.704902383278,0,0,1
701,150.248705193589,9.44070716902581,710.71876652954,0,0,1
702,150.098830089509,9.4646871856786,711.732630675802,0,0,1
703,149.941558567683,9.48868180052431,712.746494822063,0,0,1
704,149.76996657531,9.51270467945663,713.760358968325,0,0,1
705,149.598153167212,9.53675855659026,714.774223114587,0,0,1
706,149.426228921736,9.56082795095694,715.788087260849,0,0,1
707,149.253980117908,9.58494278349282,716.801951407111,0,0,1
708,149.19792572082,9.60906622323866,717.815815553373,0,0,1
709,149.353105566598,9.63320531035969,718.829679699634,0,0,1
710,149.735394025367,9.65726970126836,719.843543845896,0,0,1
711,150.215949701195,9.68129748505976,720.857407992158,0,0,1
712,150.694037350598,9.70520186752988,721.87127213842,0,0,1
713,151.085720982143,9.72907209821429,722.885136284682,0,0,1
714,151.323816220238,9.75288162202381,723.899000430943,0,0,1
715,151.561484251319,9.77664842513193,724.912864577205,0,0,1
716,151.798951269789,9.80039512697889,725.926728723467,0,0,1
717,151.8,9.82409513660303,726.940592869729,0,0,1
718,151.72690625,9.847809375,727.954457015991,0,0,1
719,151.48943923153,9.87155607684697,728.968321162253,0,0,1
720,151.251580605159,9.89534193948413,729.982185308514,0,0,1
721,151.013485367063,9.91915146329366,730.996049454776,0,0,1
722,150.548990537848,9.94305047310758,732.009913601038,0,0,1
723,150.070213451268,9.96698932743659,733.0237777473,0,0,1
724,149.589572596796,9.99102137016022,734.037641893562,0,0,1
725,149.107368959731,10.0151315520134,735.051506039824,0,0,1
726,148.624147483221,10.0392926258389,736.065370186085,0,0,1
727,148.138447874494,10.0635776062753,737.079234332347,0,0,1
728,147.651818012211,10.0879090993894,738.093098478609,0,0,1
729,147.163351255088,10.1123324372456,739.106962624871,0,0,1
730,146.344431942544,10.1368892014364,740.120826771133,0,0,1
731,145.359031466113,10.1615242133472,741.134690917395,0,0,1
732,144.363180843706,10.1864204789073,742.148555063656,0,0,1
733,143.362489160839,10.211437770979,743.162419209918,0,0,1
734,142.355496153846,10.2366125961539,744.17628335618,0,0,1
735,141.338868104667,10.2620282973833,745.190147502442,0,0,1
736,140.317281473533,10.2875679631617,746.204011648704,0,0,1
737,139.287238555078,10.313319036123,747.217875794965,0,0,1
738,138.43726128974,10.3392579570087,748.231739941227,0,0,1
739,137.655662991982,10.3653112336006,749.245604087489,0,0,1
740,136.86849098032,10.391550300656,750.259468233751,0,0,1
741,135.901809786607,10.4179547553348,751.273332380013,0,0,1
742,134.799962220149,10.444500755597,752.287196526275,0,0,1
743,133.456678638059,10.4713664272388,753.301060672536,0,0,1
744,132.099961647727,10.4985007670455,754.314924818798,0,0,1
745,130.893399502297,10.5258300248852,755.32878896506,0,0,1
746,130.342097817764,10.5533951091118,756.342653111322,0,0,1
747,129.7882740755,10.581086296225,757.356517257584,0,0,1
748,129.190596888328,10.6088761244669,758.370381403846,0,0,1
749,128.492651948429,10.6367939220628,759.384245550107,0,0,1
750,127.667112382629,10.6649295872457,760.398109696369,0,0,1
751,126.818459419431,10.6932180193523,761.411973842631,0,0,1
752,125.941559499999,10.72166881,762.425837988893,0,0,1
753,124.501559499999,10.75046881,763.439702135155,0,0,1
754,123.046300304877,10.7795739939024,764.453566281417,0,0,1
755,121.575991219008,10.8089801756198,765.467430427678,0,0,1
756,120.088387913223,10.8387322417355,766.48129457394,0,0,1
757,118.577268382352,10.868954632353,767.495158720202,0,0,1
758,117.048674679487,10.8995265064103,768.509022866464,0,0,1
759,115.668756864162,10.9304372940752,769.522887012726,0,0,1
760,114.627845638401,10.961664630848,770.536751158987,0,0,1
761,113.575214059454,10.9932435782164,771.550615305249,0,0,1
762,112.512987795858,11.0251103661243,772.564479451511,0,0,1
763,111.328740557553,11.0572814860612,773.578343597773,0,0,1
764,110.028430200729,11.0897892449818,774.592207744035,0,0,1
765,108.702412633163,11.1226686081519,775.606071890297,0,0,1
766,107.201717867067,11.1560173807318,776.619936036558,0,0,1
767,105.530140919811,11.1898971816038,777.63380018282,0,0,1
768,103.929124879865,11.2242972248919,778.647664329082,0,0,1
769,102.452304199218,11.2591923950195,779.661528475344,0,0,1
770,101.037261408729,11.2945684647818,780.675392621606,0,0,1
771,99.702383928571,11.3304205357143,781.689256767868,0,0,1
772,98.6136146894089,11.3667128436864,782.703120914129,0,0,1
773,97.5273309505406,11.4034067619784,783.716985060391,0,0,1
774,96.5999789501037,11.4405010524948,784.730849206653,0,0,1
775,95.851538201663,11.4779230899169,785.744713352915,0,0,1
776,95.0972534067083,11.5156373296646,786.758577499177,0,0,1
777,94.3369764799152,11.5536511760042,787.772441645439,0,0,1
778,93.5705541044774,11.5919722947761,788.7863057917,0,0,1
779,92.6468797068313,11.6306248117267,789.800169937962,0,0,1
780,91.523496323529,11.6697167892157,790.814034084224,0,0,1
781,90.3357280629135,11.7093090645695,791.827898230486,0,0,1
782,89.7120154510021,11.7492984548998,792.841762376748,0,0,1
783,89.309832074944,11.7895167925056,793.85562652301,0,0,1
784,88.9058313202246,11.8299168679775,794.869490669271,0,0,1
785,88.4999885722347,11.8705011427765,795.883354815533,0,0,1
786,88.0922787698412,11.9112721230159,796.897218961795,0,0,1
787,87.3639038242008,11.95230480879,797.911083108057,0,0,1
788,86.5359213709677,11.9937039314516,798.924947254319,0,0,1
789,85.9628665045018,12.0354706796399,799.93881140058,0,0,1
790,85.7154369900932,12.0774126019814,800.952675546842,0,0,1
791,85.5051926839953,12.1194614632009,801.966539693104,0,0,1
792,85.2944189407277,12.1616162118545,802.980403839366,0,0,1
793,85.0831116911764,12.2038776617647,803.994267985628,0,0,1
794,84.8712794074292,12.2462441185142,805.00813213189,0,0,1
795,84.6589183658392,12.2887163268322,806.021996278151,0,0,1
796,84.4460248074644,12.3312950385071,807.035860424413,0,0,1
797,84.2325949376484,12.3739810124703,808.049724570675,0,0,1
798,84.2218812407133,12.4167508320951,809.063588716937,0,0,1
799,84.7778540683964,12.4593927034198,810.077452863199,0,0,1
800,85.6229208528039,12.5016460426402,811.09131700946,0,0,1
801,86.2304061774943,12.5435406177494,812.105181155722,0,0,1
802,86.646893908776,12.5851893908776,813.119045301984,0,0,1
803,87.0613909482759,12.6266390948276,814.132909448246,0,0,1
804,87.4739246281465,12.6678924628147,815.146773594508,0,0,1
805,87.8845217824602,12.708952178246,816.16063774077,0,0,1
806,88.8756550507903,12.749688501693,817.174501887032,0,0,1
807,90.0826618875281,12.7899220629176,818.188366033293,0,0,1
808,90.9830805830585,12.8296540291529,819.202230179555,0,0,1
809,91.486006701313,12.8691006701313,820.216094325817,0,0,1
810,91.8786602668846,12.9083660266885,821.229958472079,0,0,1
811,91.4571831331876,12.9476408433406,822.243822618341,0,0,1
812,90.6664975220263,12.9871751238987,823.257686764602,0,0,1
813,90.0018709744585,13.0270419350361,824.271550910864,0,0,1
814,89.5334708426338,13.0671529157366,825.285415057126,0,0,1
815,89.1304819226457,13.1074518077354,826.299279203388,0,0,1
816,89.5449890939599,13.147749454698,827.31314334965,0,0,1
817,90.3454769955655,13.1877738497783,828.327007495912,0,0,1
818,91.2732842531577,13.2274313701263,829.340871642173,0,0,1
819,92.3841978036878,13.2666399267896,830.354735788435,0,0,1
820,93.5458569325483,13.3053618977516,831.368599934697,0,0,1
821,94.4631570444916,13.3436578522246,832.382464080959,0,0,1
822,95.2222901785715,13.3816145089286,833.396328227221,0,0,1
823,96.0690529021344,13.4192621160854,834.410192373482,0,0,1
824,97.0815127314816,13.4565504243827,835.424056519744,0,0,1
825,98.1878357469513,13.4934278582317,836.437920666006,0,0,1
826,99.1883503521127,13.5299175176056,837.451784812268,0,0,1
827,99.9117966566867,13.5660898328343,838.46564895853,0,0,1
828,100.637630195448,13.6020052078179,839.479513104792,0,0,1
829,101.528278389411,13.6376311355764,840.493377251053,0,0,1
830,102.57165398728,13.6728884662427,841.507241397315,0,0,1
831,103.618791465184,13.7077930488395,842.521105543577,0,0,1
832,104.437950431034,13.7423975215517,843.534969689839,0,0,1
833,105.125114306084,13.7767557153042,844.548833836101,0,0,1
834,105.859806989627,13.8108922795851,845.562697982363,0,0,1
835,106.728759678172,13.8447919892724,846.576562128624,0,0,1
836,107.736222364739,13.8783740788246,847.590426274886,0,0,1
837,108.733238353321,13.9116079451107,848.604290421148,0,0,1
838,109.960328324226,13.9445082081056,849.61815456741,0,0,1
839,111.262154847396,13.9770538711849,850.632018713672,0,0,1
840,112.506184539619,14.0092481297034,851.645882859934,0,0,1
841,113.618415389667,14.0411138463222,852.659747006195,0,0,1
842,114.564124671629,14.0726374890543,853.673611152457,0,0,1
843,115.502452664644,14.1039150888215,854.687475298719,0,0,1
844,116.433816788164,14.1349605596055,855.701339444981,0,0,1
845,117.358429859932,14.1657809953311,856.715203591243,0,0,1
846,118.275238009338,14.1963412669779,857.729067737504,0,0,1
847,119.165437008524,14.2266368734618,858.742931883766,0,0,1
848,120.035254246645,14.2567338986326,859.756796030028,0,0,1
849,120.889709195692,14.2866398218492,860.77066017629,0,0,1
850,121.737765732795,14.3163218006478,861.784524322552,0,0,1
851,122.579020128354,14.3457657044924,862.798388468814,0,0,1
852,122.725366781346,14.3751471049949,863.812252615075,0,0,1
853,122.174445961539,14.4045295487179,864.826116761337,0,0,1
854,121.620599807692,14.4340680102564,865.839980907599,0,0,1
855,121.064071013932,14.4637495459236,866.853845053861,0,0,1
856,120.505280179128,14.4935517237798,867.867709200123,0,0,1
857,119.880502936242,14.5234874265939,868.881573346385,0,0,1
858,118.672449244967,14.5536887688758,869.895437492646,0,0,1
859,117.451666241497,14.5842083439626,870.909301638908,0,0,1
860,116.146403137129,14.6150243747305,871.92316578517,0,0,1
861,114.716622258772,14.6461675548245,872.937029931432,0,0,1
862,113.137674890351,14.677746502193,873.950894077694,0,0,1
863,111.532990513393,14.7098401897321,874.964758223956,0,0,1
864,110.782842847473,14.7422157152527,875.978622370217,0,0,1
865,110.457418365036,14.7747581634964,876.992486516479,0,0,1
866,110.062037989081,14.8073981005459,878.006350662741,0,0,1
867,109.406896951775,14.8401551524113,879.020214809003,0,0,1
868,108.417802964155,14.8732399011948,880.034078955265,0,0,1
869,107.416514521376,14.9066161826208,881.047943101526,0,0,1
870,106.406174459587,14.9402941846804,882.061807247788,0,0,1
871,105.386473027567,14.9742842324144,883.07567139405,0,0,1
872,104.39766908938,15.0085932364248,884.089535540312,0,0,1
873,103.545716812016,15.0432141593992,885.103399686574,0,0,1
874,102.848042393411,15.0780978803294,886.117263832836,0,0,1
875,102.14529272461,15.1132353637695,887.131127979097,0,0,1
876,101.437775344488,15.1486112327756,888.144992125359,0,0,1
877,100.725376736111,15.1842311631944,889.158856271621,0,0,1
878,100.106131746627,15.2200912168915,890.172720417883,0,0,1
879,99.6435641315262,15.2561435868474,891.186584564145,0,0,1
880,99.2816430191534,15.2923356980847,892.200448710407,0,0,1
881,98.754237423781,15.328692085874,893.214312856668,0,0,1
882,97.6549070216055,15.3653364326131,894.22817700293,0,0,1
883,96.5621017169619,15.4023949141519,895.242041149192,0,0,1
884,95.8128821540065,15.4398558922997,896.255905295454,0,0,1
885,95.4299057269876,15.4775094273012,897.269769441716,0,0,1
886,95.0518801207985,15.5153119879202,898.283633587978,0,0,1
887,94.6723521888187,15.5532647811181,899.297497734239,0,0,1
888,94.2913028336866,15.5913697166313,900.311361880501,0,0,1
889,93.7419842799577,15.6296464549118,901.325226026763,0,0,1
890,92.9777812636945,15.6682035410276,902.339090173025,0,0,1
891,92.1443152780852,15.707098620356,903.352954319287,0,0,1
892,91.3032575195315,15.7463479824219,904.366818465548,0,0,1
893,90.5228756034485,15.7859466344827,905.38068261181,0,0,1
894,89.7741096140476,15.8258808205841,906.394546758072,0,0,1
895,89.0190530329596,15.8661505049088,907.408410904334,0,0,1
896,88.2575457036779,15.9067642291372,908.422275050596,0,0,1
897,87.728234481777,15.9476765518223,909.436139196858,0,0,1
898,87.316922053776,15.9888077946224,910.450003343119,0,0,1
899,86.9036665229887,16.0301333477011,911.463867489381,0,0,1
900,86.4884409642034,16.0716559035797,912.477731635643,0,0,1
901,86.0712179524364,16.1133782047564,913.491595781905,0,0,1
902,85.564708272595,16.1553233381924,914.505459928167,0,0,1
903,85.0372285557187,16.1975217155425,915.519324074429,0,0,1
904,84.5064747418881,16.2399820206489,916.53318822069,0,0,1
905,84.0157980687605,16.2827117296265,917.547052366952,0,0,1
906,84.3212800187333,16.3254792026227,918.560916513214,0,0,1
907,84.6256650054203,16.3680931007588,919.574780659476,0,0,1
908,84.9433138548142,16.4105532830617,920.588644805738,0,0,1
909,85.3234310597188,16.4528431059719,921.602508952,0,0,1
910,85.7443008449882,16.4949300844988,922.616373098261,0,0,1
911,86.1631207946635,16.5368120794663,923.630237244523,0,0,1
912,86.5799193129329,16.5784919312933,924.644101390785,0,0,1
913,87.0919186530728,16.6199612435382,925.657965537047,0,0,1
914,87.812779328018,16.6611389664009,926.671829683309,0,0,1
915,88.6289167607222,16.7019458380361,927.68569382957,0,0,1
916,89.2192938621075,16.7424293862108,928.699557975832,0,0,1
917,89.6218863002231,16.7826886300223,929.713422122094,0,0,1
918,90.0226779166666,16.8227677916667,930.727286268356,0,0,1
919,90.4216926161504,16.862669261615,931.741150414618,0,0,1
920,90.8189538821585,16.9023953882159,932.75501456088,0,0,1
921,91.4280309080961,16.9419015454048,933.768878707141,0,0,1
922,92.2121694685464,16.9811084734273,934.782742853403,0,0,1
923,92.9896991935482,17.0199849596774,935.796606999665,0,0,1
924,93.7607891791043,17.0585394589552,936.810471145927,0,0,1
925,94.5256028012683,17.0967801400634,937.824335292189,0,0,1
926,95.2842979559746,17.1347148977987,938.83819943845,0,0,1
927,96.0370272869021,17.1723513643451,939.852063584712,0,0,1
928,96.7839384020616,17.2096969201031,940.865927730974,0,0,1
929,97.5251740797544,17.2467587039877,941.879791877236,0,0,1
930,98.2608724645028,17.2835436232251,942.893656023498,0,0,1
931,98.9910955882351,17.3200547794118,943.90752016976,0,0,1
932,100.071114834337,17.3562038278112,944.921384316022,0,0,1
933,101.144077752976,17.3919692584325,945.935248462283,0,0,1
934,102.071922817557,17.4273769127023,946.949112608545,0,0,1
935,102.840097519455,17.4625048759727,947.962976754807,0,0,1
936,103.53785738417,17.4973928692085,948.976840901069,0,0,1
937,104.345918140535,17.5320306046845,949.990705047331,0,0,1
938,105.376399220226,17.5663799740075,951.004569193592,0,0,1
939,106.397193171077,17.6004064390359,952.018433339854,0,0,1
940,107.406570443925,17.6340523481308,953.032297486116,0,0,1
941,108.406867259704,17.6673955753235,954.046161632378,0,0,1
942,109.398382426873,17.7004460808958,955.06002577864,0,0,1
943,110.381401785714,17.7332133928571,956.073889924902,0,0,1
944,111.356198904293,17.7657066301431,957.087754071163,0,0,1
945,112.322209637746,17.7979069879249,958.101618217425,0,0,1
946,113.278787942478,17.8297929314159,959.115482363687,0,0,1
947,114.227872482487,17.8614290827496,960.129346509949,0,0,1
948,115.169697032062,17.8928232344021,961.143210656211,0,0,1
949,116.104485741852,17.9239828580617,962.157074802472,0,0,1
950,117.030729309605,17.9548576436535,963.170938948734,0,0,1
951,117.949261778438,17.9854753926146,964.184803094996,0,0,1
952,118.93803900672,18.0158725430491,965.198667241258,0,0,1
953,120.021592454394,18.0460398113599,966.21253138752,0,0,1
954,121.215622305141,18.0758905576285,967.226395533782,0,0,1
955,122.396432487725,18.1054108121931,968.240259680043,0,0,1
956,123.426238167476,18.1347079389158,969.254123826305,0,0,1
957,124.299062800481,18.1638020933494,970.267987972567,0,0,1
958,125.164447415865,18.1926482471955,971.281852118829,0,0,1
959,126.127517205474,18.2212862058707,972.295716265091,0,0,1
960,127.169310736677,18.2497327684169,973.309580411353,0,0,1
961,128.297837382445,18.2779459345611,974.323444557614,0,0,1
962,129.413653637771,18.3058413409443,975.337308703876,0,0,1
963,130.521743501529,18.3335435875382,976.351172850138,0,0,1
964,131.622387084592,18.3610596771148,977.3650369964,0,0,1
965,132.710000377643,18.3882500094411,978.378901142662,0,0,1
966,133.716861095558,18.4152674598731,979.392765288924,0,0,1
967,134.648839034763,18.4421279678254,980.406629435185,0,0,1
968,135.44765560281,18.4687551867603,981.420493581447,0,0,1
969,136.242544263196,18.4952514754399,982.434357727709,0,0,1
970,137.056558423913,18.5216311684783,983.448221873971,0,0,1
971,138.36090625,18.547718125,984.462086020233,0,0,1
972,139.655750446428,18.5736150089286,985.475950166494,0,0,1
973,140.941464732142,18.5993292946428,986.489814312756,0,0,1
974,142.089288878126,18.6247064195139,987.503678459018,0,0,1
975,143.178301183844,18.6499575295961,988.51754260528,0,0,1
976,144.181086699164,18.6750271674791,989.531406751542,0,0,1
977,145.175234504132,18.6998808626033,990.545270897804,0,0,1
978,146.165150204359,18.724628755109,991.559135044065,0,0,1
979,147.146076634877,18.7491519158719,992.572999190327,0,0,1
980,148.121321091644,18.7735330272911,993.586863336589,0,0,1
981,149.091671495957,18.7977917873989,994.600727482851,0,0,1
982,149.946472449149,18.8218277842614,995.614591629113,0,0,1
983,150.758750248016,18.8457916749339,996.628455775375,0,0,1
984,151.473035962301,18.8696011987434,997.642319921636,0,0,1
985,152.184271899606,18.8933090633202,998.656184067898,0,0,1
986,152.892933316929,18.9169311105643,999.67004821416,0,0,1
987,153.992240665584,18.9403448133117,1000.68391236042,0,0,1
988,155.159006810897,18.9636801362179,1001.69777650668,0,0,1
989,156.312852964743,18.9867570592949,1002.71164065295,0,0,1
990,157.414843660968,19.0097187480215,1003.72550479921,0,0,1
991,158.440484686609,19.0325107708135,1004.73936894547,0,0,1
992,159.38599028822,19.0551497572055,1005.75323309173,0,0,1
993,160.288245927318,19.0777061481829,1006.76709723799,0,0,1
994,161.182655397022,19.1000663849255,1007.78096138425,0,0,1
995,162.056476245387,19.1223825415129,1008.79482553052,0,0,1
996,162.720682887454,19.1445227629151,1009.80868967678,0,0,1
997,163.383535027472,19.1666178342491,1010.82255382304,0,0,1
998,164.042875686813,19.1885958562271,1011.8364179693,0,0,1
999,164.74991544229,19.2104975840654,1012.85028211556,0,0,1
1000,165.513320471069,19.2323091563163,1013.86414626183,0,0,1
1001,166.339760204081,19.253994005102,1014.87801040809,0,0,1
1002,167.204105942377,19.2756026485594,1015.89187455435,0,0,1
1003,168.062093043995,19.2970523260999,1016.90573870061,0,0,1
1004,168.918216706302,19.3184554176575,1017.91960284687,0,0,1
1005,169.767043875147,19.3396760968787,1018.93346699313,0,0,1
1006,170.614959451575,19.3608739862894,1019.9473311394,0,0,1
1007,171.455099474912,19.3818774868728,1020.96119528566,0,0,1
1008,172.29435867052,19.402858966763,1021.97505943192,0,0,1
1009,173.126728612716,19.4236682153179,1022.98892357818,0,0,1
1010,173.957640607102,19.4444410151775,1024.00278772444,0,0,1
1011,174.782382875143,19.4650595718786,1025.01665187071,0,0,1
1012,175.605244324631,19.4856311081158,1026.03051601697,0,0,1
1013,176.422497446084,19.5060624361521,1027.04438016323,0,0,1
1014,177.178395481419,19.5264465160473,1028.05824430949,0,0,1
1015,177.786503589527,19.5467167863176,1029.07210845575,0,0,1
1016,178.393305578859,19.5669435192953,1030.08597260201,0,0,1
1017,178.997332424496,19.5870777474832,1031.09983674828,0,0,1
1018,179.63328821855,19.6071653776729,1032.11370089454,0,0,0.996377512134294
1019,180.333093828103,19.6271598236601,1033.1275650408,0,1,0.985510965402119
1020,181.063898953744,19.6470974738436,1034.14142918706,0,1,0.978260869565217
1021,181.856850495594,19.6669212623899,1035.15529333332,0,1,0.978260869565217
1022,182.647620360262,19.6866905090065,1036.16915747959,0,1,0.978260869565217
1023,183.433646561135,19.7063411640284,1037.18302162585,0,1,0.978260869565217
1024,184.163505078548,19.7259501692849,1038.19688577211,0,1,0.978260869565217
1025,184.748553832611,19.7454517944204,1039.21074991837,0,1,0.978260869565217
1026,185.332739706674,19.7649246568891,1040.22461406463,0,1,0.978260869565217
1027,185.914009889666,19.7843003296555,1041.23847821089,0,1,0.978260869565217
1028,186.494668649732,19.8036556216577,1042.25234235716,0,1,0.978260869565217
1029,187.072208756684,19.8229069585561,1043.26620650342,0,1,0.978260869565217
1030,187.649431655154,19.8421477218385,1044.28007064968,0,1,0.978260869565217
1031,188.223289253453,19.8612763084484,1045.29393479594,0,1,0.978260869565217
1032,188.797146851753,19.8804048950584,1046.3077989422,0,1,0.978260869565217
1033,189.367386681626,19.8994128893875,1047.32166308847,0,1,0.978260869565217
1034,189.93760843453,19.918420281151,1048.33552723473,0,1,0.978260869565217
1035,190.504632935467,19.9373210978489,1049.34939138099,0,1,0.978260869565217
1036,191.071264624868,19.9562088208289,1050.36325552725,0,1,0.978260869565217
1037,191.635156608446,19.9750052202815,1051.37711967351,0,1,0.978260869565217
1038,192.198243156934,19.9937747718978,1052.39098381978,0,1,0.978260869565217
1039,192.759083095855,20.0124694365285,1053.40484796604,0,1,0.965250612469018
1040,193.318668588083,20.0311222862694,1054.4187121123,0,1,0.944975775794128
1041,193.876534693614,20.0497178231205,1055.43257625856,0,1,0.934782608695652
1042,194.432662397013,20.0682554132338,1056.44644040482,0,1,0.934782608695652
1043,194.987630693449,20.0867543564483,1057.46030455108,0,1,0.934782608695652
1044,195.540343078301,20.10517810261,1058.47416869735,0,1,0.934782608695652
1045,196.123191310975,20.1235797827744,1059.48803284361,0,1,0.934782608695652
1046,196.854898628048,20.1418724657012,1060.50189698987,0,1,0.934782608695652
1047,197.586605945121,20.160165148628,1061.51576113613,0,1,0.934782608695652
1048,198.312520413306,20.1783130103326,1062.52962528239,0,1,0.934782608695652
1049,199.038326864919,20.196458171623,1063.54348942865,0,1,0.934782608695652
1050,199.689790166291,20.2144940047512,1064.55735357492,0,1,0.934782608695652
1051,200.319947705676,20.2324985058764,1065.57121772118,1,1,0.934782608695652
1052,200.898225832504,20.2504408610835,1066.58508186744,1,1,0.934782608695652
1053,201.43500515656,20.2683335052187,1067.5989460137,1,1,0.934782608695652
1054,201.970765995553,20.2861921998518,1068.61281015996,1,1,0.934782608695652
1055,202.504362833498,20.3039787611166,1069.62667430623,1,1,0.934782608695652
1056,203.037735940569,20.3217578646856,1070.64053845249,1,1,0.934782608695652
1057,203.568187806974,20.3394395935658,1071.65440259875,1,1,0.934782608695652
1058,204.098639673379,20.357121322446,1072.66826674501,1,1,0.934782608695652
1059,204.626577331542,20.3747192443847,1073.68213089127,1,1,0.934782608695652
1060,205.153921081543,20.3922973693847,1074.69599503754,1,1,0.934782608695652
1061,205.726151631885,20.4098186180539,1075.7098591838,1,1,0.929718142362009
1062,206.337653694491,20.4272901055569,1076.72372333006,1,1,0.920222768719076
1063,206.969190992292,20.4447297748073,1077.73758747632,1,1,0.91304347826087
1064,207.662832610789,20.4620708152697,1078.75145162258,1,1,0.91304347826087
1065,208.356474229287,20.4794118557322,1079.76531576884,1,1,0.91304347826087
1066,209.045143642447,20.4966285910612,1080.77917991511,1,1,0.91304347826087
1067,209.733480162523,20.5138370040631,1081.79304406137,1,1,0.91304347826087
1068,210.314259437322,20.5309753145774,1082.80690820763,1,1,0.91304347826087
1069,210.827079950142,20.5480693316714,1083.82077235389,1,1,0.91304347826087
1070,211.339107825779,20.565136927526,1084.83463650015,1,1,0.91304347826087
1071,211.849022839943,20.5821340946648,1085.84850064642,1,1,0.91304347826087
1072,212.358937854107,20.5991312618036,1086.86236479268,1,1,0.91304347826087
1073,212.943785701713,20.6160367343346,1087.87622893894,1,1,0.91304347826087
1074,213.535196168739,20.6329341762497,1088.8900930852,1,1,0.91304347826087
1075,214.170568732525,20.6497642183131,1089.90395723146,1,1,0.91304347826087
1076,214.841584575955,20.6665396143989,1090.91782137772,1,1,0.91304347826087
1077,215.511767113783,20.6832941778446,1091.93168552399,1,1,0.903932028767611
1078,216.17781706753,20.6999454266882,1092.94554967025,1,1,0.849634478190649
1079,216.843867021276,20.7165966755319,1093.95941381651,1,1,0.795336927613363
1080,217.379977194393,20.7331659064798,1094.97327796277,1,1,0.782608695652174
1081,217.876300723805,20.7497100241268,1095.98714210903,1,1,0.782608695652174
1082,218.371677502285,20.7662225834095,1097.0010062553,1,1,0.782608695652174
1083,218.865278964808,20.7826759654936,1098.01487040156,1,1,0.782608695652174
1084,219.358880427331,20.7991293475777,1099.02873454782,1,1,0.782608695652174
1085,219.924896813224,20.8154970518064,1100.04259869408,1,1,0.782608695652174
1086,220.497493950238,20.8318569700068,1101.05646284034,1,1,0.782608695652174
1087,221.106516471119,20.848162911778,1102.0703269866,1,1,0.782608695652174
1088,221.756335965704,20.8644083991426,1103.08419113287,1,1,0.782608695652174
1089,222.406111335125,20.8806527833781,1104.09805527913,1,1,0.782608695652174
1090,223.051272625447,20.8967818156362,1105.11191942539,1,1,0.782608695652174
1091,223.69643391577,20.9129108478942,1106.12578357165,1,1,0.782608695652174
1092,224.16988424688,20.928994212344,1107.13964771791,1,1,0.782608695652174
1093,224.490739861854,20.9450369930927,1108.15351186418,1,1,0.782608695652174
1094,224.81155428508,20.961077714254,1109.16737601044,1,1,0.782608695652174
1095,225.13127009325,20.9770635046625,1110.1812401567,1,1,0.782608695652174
1096,225.450985901421,20.993049295071,1111.19510430296,1,1,0.782608695652174
1097,225.855033337019,21.0090011112339,1112.20896844922,1,1,0.782608695652174
1098,226.332698087129,21.024923269571,1113.22283259548,1,1,0.782608695652174
1099,226.813726054481,21.040843151362,1114.23669674175,1,1,0.782608695652174
1100,227.446414982425,21.0566603745606,1115.25056088801,1,1,0.782608695652174
1101,228.079103910369,21.0724775977592,1116.26442503427,1,1,0.782608695652174
1102,228.709616273996,21.0882404068499,1117.27828918053,1,1,0.782608695652174
1103,229.337888525305,21.1039472131326,1118.29215332679,1,1,0.782608695652174
1104,229.966160776614,21.1196540194153,1119.30601747306,1,1,0.782608695652174
1105,230.443118115785,21.1352706038595,1120.31988161932,1,1,0.782608695652174
1106,230.911461567649,21.150882052255,1121.33374576558,1,1,0.782608695652174
1107,231.378874191113,21.1664624730371,1122.34760991184,1,1,0.782608695652174
1108,231.844793086712,21.1819931028904,1123.3614740581,1,1,0.782608695652174
1109,232.310711982312,21.1975237327437,1124.37533820436,1,1,0.782608695652174
1110,232.712309642627,21.2129923857051,1125.38920235063,1,1,0.782608695652174
1111,233.098658644559,21.2284463457823,1126.40306649689,1,1,0.782608695652174
1112,233.467758875107,21.2438879437553,1127.41693064315,1,1,0.782608695652174
1113,233.775714392643,21.2592857196322,1128.43079478941,1,1,0.782608695652174
1114,234.083669910179,21.274683495509,1129.44465893567,1,1,0.782608695652174
1115,234.390971973572,21.2900485986786,1130.45852308194,1,1,0.761850872437828
1116,234.697877344416,21.3053938672208,1131.4723872282,1,1,0.728491592998266
1117,235.007143622665,21.3207381207555,1132.48625137446,1,1,0.695652173913043
1118,235.465547697368,21.3360182565789,1133.50011552072,1,1,0.695652173913043
1119,235.923951772071,21.3512983924024,1134.51397966698,1,1,0.695652173913043
1120,236.381431746199,21.3665477248733,1135.52784381324,1,1,0.695652173913043
1121,236.83751282728,21.381750427576,1136.54170795951,1,1,0.695652173913043
1122,237.293593908361,21.3969531302787,1137.55557210577,1,1,0.695652173913043
1123,237.747911922268,21.4120970640756,1138.56943625203,1,1,0.695652173913043
1124,238.201693434874,21.4272231144958,1139.58330039829,1,1,0.695652173913043
1125,238.655196645067,21.4423398881689,1140.59716454455,1,1,0.695652173913043
1126,239.106701661789,21.457390055393,1141.61102869082,1,1,0.695652173913043
1127,239.558206678511,21.472440222617,1142.62489283708,1,1,0.695652173913043
1128,240.008664881447,21.4874554960482,1143.63875698334,1,1,0.695652173913043
1129,240.457916129367,21.5024305376456,1144.6526211296,1,1,0.695652173913043
1130,240.907167377288,21.5174055792429,1145.66648527586,1,1,0.695652173913043
1131,241.354648334023,21.5323216111341,1146.68034942212,1,1,0.695652173913043
1132,241.801668201573,21.5472222733857,1147.69421356839,1,1,0.695652173913043
1133,242.248447436161,21.5621149145387,1148.70807771465,1,1,0.695652173913043
1134,242.693257979818,21.5769419326606,1149.72194186091,1,1,0.695652173913043
1135,243.138068523476,21.5917689507825,1150.73580600717,1,1,0.695652173913043
1136,243.551680800369,21.6065672320147,1151.74967015343,1,1,0.697300878264864
1137,243.920608859397,21.6213243543759,1152.7635342997,1,0,0.701310965863016
1138,244.289536918426,21.636081476737,1153.77739844596,1,0,0.705321053461142
1139,244.606054023693,21.6508027011846,1154.79126259222,1,0,0.706521739130435
1140,244.900171670751,21.6655085835376,1155.80512673848,1,0,0.706521739130435
1141,245.19428931781,21.6802144658905,1156.81899088474,1,0,0.706521739130435
1142,245.487467528501,21.6948733764251,1157.832855031,1,0,0.706521739130435
1143,245.780627137622,21.7095313568811,1158.84671917727,1,0,0.706521739130435
1144,246.11023129562,21.7241743765207,1159.86058332353,1,0,0.706521739130435
1145,246.5481875,21.7387729166667,1160.87444746979,1,0,0.706521739130435
1146,246.986143704379,21.7533714568126,1161.88831161605,1,0,0.706521739130435
1147,247.423014679177,21.7679338226392,1162.90217576231,1,0,0.706521739130435
1148,247.858850030266,21.7824616676755,1163.91603990858,1,0,0.706521739130435
1149,248.294685381356,21.7969895127119,1164.92990405484,1,0,0.706521739130435
1150,248.674161603736,21.8114664641494,1165.9437682011,1,0,0.706521739130435
1151,249.03567998092,21.8259271992368,1166.95763234736,1,0,0.706521739130435
1152,249.397198358104,21.8403879343241,1167.97149649362,1,0,0.706521739130435
1153,249.685996897518,21.8547998448759,1168.98536063988,1,0,0.706521739130435
1154,249.974227481985,21.8692113740993,1169.99922478615,1,0,0.706521739130435
1155,250.26225867917,21.8836129339585,1171.01308893241,1,0,0.706521739130435
1156,250.549569134078,21.8979784567039,1172.02695307867,1,0,0.706521739130435
1157,250.836879588986,21.9123439794493,1173.04081722493,1,0,0.706521739130435
1158,251.123794848846,21.9266897424423,1174.05468137119,1,0,0.706521739130435
1159,251.41019103023,21.9410095515115,1175.06854551746,1,0,0.706521739130435
1160,251.696587211615,21.9553293605807,1176.08240966372,1,0,0.706521739130435
1161,251.982402954005,21.9696201477002,1177.09627380998,1,0,0.706521739130435
1162,252.267890662173,21.9838945331086,1178.11013795624,1,0,0.706521739130435
1163,252.553378370341,21.998168918517,1179.1240021025,1,0,0.706521739130435
1164,252.838110770751,22.0124055385375,1180.13786624877,1,0,0.706521739130435
1165,253.122695750988,22.0266347875494,1181.15173039503,1,0,0.706521739130435
1166,253.407257781718,22.0408628890859,1182.16559454129,1,0,0.706521739130435
1167,253.69094572498,22.055047286249,1183.17945868755,1,0,0.706521739130435
1168,253.974633668243,22.0692316834121,1184.19332283381,1,0,0.706521739130435
1169,254.258138354281,22.083406917714,1185.20718698007,1,0,0.706521739130435
1170,254.540934897879,22.0975467448939,1186.22105112634,1,0,0.706521739130435
1171,254.823731441477,22.1116865720738,1187.2349152726,1,0,0.706521739130435
1172,255.053138763715,22.1258138763715,1188.24877941886,1,0,0.706521739130435
1173,255.194204594436,22.1399204594436,1189.26264356512,1,0,0.706521739130435
1174,255.335270425157,22.1540270425157,1190.27650771138,1,0,0.706521739130435
1175,255.476216793818,22.1681216793818,1191.29037185765,1,0,0.706521739130435
1176,255.617061864241,22.1822061864241,1192.30423600391,1,0,0.706521739130435
1177,255.757906934663,22.1962906934663,1193.31810015017,1,0,0.706521739130435
1178,255.947867677211,22.2103578451474,1194.33196429643,1,0,0.706521739130435
1179,256.158763986526,22.2244175991017,1195.34582844269,1,0,0.706521739130435
1180,256.369660295841,22.238477353056,1196.35969258895,1,0,0.706521739130435
1181,256.640039038162,22.2525019519081,1197.37355673522,1,0,0.706521739130435
1182,256.920412869938,22.2665206434969,1198.38742088148,1,0,0.706521739130435
1183,257.20078425854,22.280539212927,1199.40128502774,1,0,0.706521739130435
1184,257.48028736413,22.2945143682065,1200.415149174,1,0,0.706521739130435
1185,257.75979046972,22.308489523486,1201.42901332026,1,0,0.706521739130435
1186,258.039171923374,22.3224585961687,1202.44287746653,1,0,0.706521739130435
1187,258.317809694272,22.3363904847136,1203.45674161279,1,0,0.706521739130435
1188,258.59644746517,22.3503223732585,1204.47060575905,1,0,0.706521739130435
1189,258.874853491512,22.3642426745756,1205.48446990531,1,0,0.706521739130435
1190,259.15263126929,22.3781315634645,1206.49833405157,1,0,0.706521739130435
1191,259.430409047068,22.3920204523534,1207.51219819783,1,0,0.706521739130435
1192,259.707853942307,22.4058926971154,1208.5260623441,1,0,0.706521739130435
1193,259.984777019231,22.4197388509615,1209.53992649036,1,0,0.706521739130435
1194,260.261700096154,22.4335850048077,1210.55379063662,1,0,0.706521739130435
1195,260.538197948619,22.447409897431,1211.56765478288,1,0,0.708399428649729
1196,260.814271568251,22.4612135784126,1212.58151892914,1,0,0.712150428916469
1197,261.090345187883,22.4750172593942,1213.59538307541,1,0,0.715901429183208
1198,261.365909881498,22.4887954940749,1214.60924722167,1,0,0.717391304347826
1199,261.641139239296,22.5025569619648,1215.62311136793,1,0,0.717391304347826
1200,261.916368597095,22.5163184298547,1216.63697551419,1,0,0.717391304347826
1201,262.095579757818,22.5300579757818,1217.65083966045,1,0,0.717391304347826
1202,262.232879528985,22.5437879528985,1218.66470380671,1,0,0.717391304347826
1203,262.370179300152,22.5575179300152,1219.67856795298,1,0,0.717391304347826
1204,262.507315356055,22.5712315356055,1220.69243209924,1,0,0.717391304347826
1205,262.644405988195,22.5849405988195,1221.7062962455,1,0,0.717391304347826
1206,262.781496620335,22.5986496620335,1222.72016039176,1,0,0.717391304347826
1207,262.943768083127,22.6123397244928,1223.73402453802,1,0,0.717391304347826
1208,263.109968555658,22.6260268222307,1224.74788868429,1,0,0.717391304347826
1209,263.276169028189,22.6397139199685,1225.76175283055,1,0,0.717391304347826
1210,263.469629955478,22.6533740968835,1226.77561697681,1,0,0.717391304347826
1211,263.664751906697,22.6670326334688,1227.78948112307,1,0,0.717391304347826
1212,263.859867949857,22.68069075649,1228.80334526933,1,0,0.717391304347826
1213,264.054567787607,22.6943197451325,1229.81720941559,1,0,0.717391304347826
1214,264.249267625357,22.707948733775,1230.83107356186,1,0,0.717391304347826
1215,264.443934228278,22.7215753959795,1231.84493770812,1,0,0.717391304347826
1216,264.638213774959,22.7351749642472,1232.85880185438,1,0,0.717391304347826
1217,264.83249332164,22.7487745325148,1233.87266600064,1,0,0.717391304347826
1218,265.046713865348,22.7623685546139,1234.8865301469,1,0,0.717391304347826
1219,265.385696916196,22.7759278766478,1235.90039429317,1,0,0.717391304347826
1220,265.724679967043,22.7894871986817,1236.91425843943,1,0,0.717391304347826
1221,266.06342413227,22.8030369652908,1237.92812258569,1,0,0.717391304347826
1222,266.401135201688,22.8165454080675,1238.94198673195,1,0,0.717391304347826
1223,266.738846271107,22.8300538508443,1239.95585087821,1,0,0.717391304347826
1224,267.07627114486,22.8435508457944,1240.96971502447,1,0,0.717391304347826
1225,267.41271974299,22.8570087897196,1241.98357917074,1,0,0.717391304347826
1226,267.749168341121,22.8704667336448,1242.997443317,1,0,0.717391304347826
1227,268.08529806797,22.8839119227188,1244.01130746326,1,0,0.717391304347826
1228,268.420493598696,22.8973197439478,1245.02517160952,1,0,0.717391304347826
1229,268.755689129422,22.9107275651769,1246.03903575578,1,0,0.717391304347826
1230,269.036259333209,22.9241259333209,1247.05289990205,1,0,0.717391304347826
1231,269.169988902303,22.9374988902303,1248.06676404831,1,0,0.717391304347826
1232,269.303718471397,22.9508718471397,1249.08062819457,1,0,0.717391304347826
1233,269.437392479599,22.9642392479599,1250.09449234083,1,0,0.717391304347826
1234,269.570923636869,22.9775923636869,1251.10835648709,1,0,0.717391304347826
1235,269.704454794139,22.9909454794139,1252.12222063335,1,0,0.717391304347826
1236,269.837929675926,23.0042929675926,1253.13608477962,1,0,0.717391304347826
1237,269.971263009259,23.0176263009259,1254.14994892588,1,0,0.717391304347826
1238,270.104596342593,23.0309596342592,1255.16381307214,1,0,0.717391304347826
1239,270.237873566938,23.0442873566938,1256.1776772184,1,0,0.717391304347826
1240,270.371009661612,23.0576009661612,1257.19154136466,1,0,0.717391304347826
1241,270.504145756287,23.0709145756287,1258.20540551093,1,0,0.717391304347826
1242,270.637226781758,23.0842226781758,1259.21926965719,1,0,0.717391304347826
1243,270.770166220458,23.0975166220458,1260.23313380345,1,0,0.717391304347826
1244,270.903105659158,23.1108105659158,1261.24699794971,1,0,0.717391304347826
1245,271.071930821665,23.1240965410833,1262.26086209597,1,0,0.717391304347826
1246,271.337221904937,23.1373610952469,1263.27472624223,1,0,0.717391304347826
1247,271.602512988209,23.1506256494105,1264.2885903885,1,0,0.717391304347826
1248,271.867604794269,23.1638802397134,1265.30245453476,1,0,0.717391304347826
1249,272.132116182954,23.1771058091477,1266.31631868102,1,0,0.717391304347826
1250,272.396627571638,23.1903313785819,1267.33018282728,1,0,0.717391304347826
1251,272.660959798535,23.2035479899267,1268.34404697354,1,0,0.717391304347826
1252,272.924696062271,23.2167348031135,1269.35791111981,1,0,0.717391304347826
1253,273.188432326007,23.2299216163004,1270.37177526607,1,0,0.717391304347826
1254,273.452016161432,23.2431008080716,1271.38563941233,1,0,0.717391304347826
1255,273.714981829803,23.2562490914901,1272.39950355859,1,0,0.717391304347826
1256,273.977947498174,23.2693973749087,1273.41336770485,1,0,0.717391304347826
1257,274.240793973052,23.2825396986526,1274.42723185111,1,0,0.717391304347826
1258,274.502993536052,23.2956496768026,1275.44109599738,1,0,0.717391304347826
1259,274.765193099053,23.3087596549526,1276.45496014364,1,0,0.717391304347826
1260,275.01366646984,23.321866646984,1277.4688242899,1,0,0.717391304347826
1261,275.144480423328,23.3349480423328,1278.48268843616,1,0,0.717391304347826
1262,275.275294376817,23.3480294376817,1279.49655258242,1,0,0.717391304347826
1263,275.406099464804,23.3611099464804,1280.51041672869,1,0,0.717391304347826
1264,275.536723557692,23.3741723557692,1281.52428087495,1,0,0.717391304347826
1265,275.66734765058,23.387234765058,1282.53814502121,1,0,0.717391304347826
1266,275.797971743469,23.4002971743469,1283.55200916747,1,0,0.717391304347826
1267,275.955913674533,23.4133399496675,1284.56587331373,1,0,0.717391304347826
1268,276.114286471677,23.4263824153145,1285.57973745999,1,0,0.717391304347826
1269,276.27265926882,23.4394248809616,1286.59360160626,1,0,0.717391304347826
1270,276.456336398686,23.4524435479081,1287.60746575252,1,0,0.717391304347826
1271,276.64228681191,23.4654600768337,1288.62132989878,1,0,0.717391304347826
1272,276.828237225133,23.4784766057593,1289.63519404504,1,0,0.717391304347826
1273,277.013863834683,23.4914704684278,1290.6490581913,1,0,0.717391304347826
1274,277.199430844992,23.5044601591495,1291.66292233757,1,0,0.717391304347826
1275,277.384997855302,23.5174498498711,1292.67678648383,1,0,0.717391304347826
1276,277.570272698045,23.5304190888632,1293.69065063009,1,0,0.717391304347826
1277,277.75545788323,23.5433820518261,1294.70451477635,1,0,0.717391304347826
1278,277.940643068416,23.5563450147891,1295.71837892261,1,0,0.717391304347826
1279,278.10988774708,23.5692910197664,1296.73224306888,1,0,0.717391304347826
1280,278.271612814465,23.5822290251572,1297.74610721514,1,0,0.717391304347826
1281,278.433337881851,23.5951670305481,1298.7599713614,1,0,0.717391304347826
1282,278.594892432735,23.6080913946188,1299.77383550766,1,0,0.717391304347826
1283,278.756327410314,23.6210061928251,1300.78769965392,1,0,0.717391304347826
1284,278.917762387892,23.6339209910314,1301.80156380018,1,0,0.717391304347826
1285,279.079055561773,23.6468244449418,1302.81542794645,1,0,0.71567270517886
1286,279.240201488362,23.6597161190689,1303.82929209271,1,0,0.712169532861712
1287,279.401347414951,23.6726077931961,1304.84315623897,1,0,0.708666360544537
1288,279.562381646559,23.6854905317247,1305.85702038523,1,0,0.706521739130435
1289,279.723239555407,23.6983591644325,1306.87088453149,1,0,0.706521739130435
1290,279.884097464254,23.7112277971403,1307.88474867776,1,0,0.706521739130435
1291,280.035906539971,23.7240906539971,1308.89861282402,1,0,0.706521739130435
1292,280.164386197359,23.7369386197359,1309.91247697028,1,0,0.706521739130435
1293,280.292865854747,23.7497865854747,1310.92634111654,1,0,0.706521739130435
1294,280.421315083749,23.7626315083749,1311.9402052628,1,0,0.706521739130435
1295,280.549611591233,23.7754611591233,1312.95406940906,1,0,0.706521739130435
1296,280.677908098717,23.7882908098717,1313.96793355533,1,0,0.706521739130435
1297,280.806195774021,23.8011195774021,1314.98179770159,1,0,0.706521739130435
1298,280.934309653025,23.8139309653025,1315.99566184785,1,0,0.706521739130435
1299,281.062423532028,23.8267423532028,1317.00952599411,1,0,0.706521739130435
1300,281.190537411032,23.8395537411032,1318.02339014037,1,0,0.706521739130435
1301,281.318482631485,23.8523482631485,1319.03725428664,1,0,0.706521739130435
1302,281.446414401208,23.8651414401208,1320.0511184329,1,0,0.706521739130435
1303,281.574346170931,23.8779346170931,1321.06498257916,1,0,0.706521739130435
1304,281.702132762597,23.8907132762597,1322.07884672542,1,0,0.706521739130435
1305,281.829882940028,23.9034882940028,1323.09271087168,1,0,0.706521739130435
1306,281.957633117459,23.9162633117459,1324.10657501794,1,0,0.706521739130435
1307,282.085262269667,23.9290262269667,1325.12043916421,1,0,0.706521739130435
1308,282.212831369596,23.9417831369596,1326.13430331047,1,0,0.706521739130435
1309,282.340400469525,23.9545400469525,1327.14816745673,1,0,0.706521739130435
1310,282.467873363411,23.9672873363411,1328.16203160299,1,0,0.706521739130435
1311,282.595261898443,23.9800261898443,1329.17589574925,1,0,0.706521739130435
1312,282.722650433475,23.9927650433475,1330.18975989552,1,0,0.706521739130435
1313,282.849968242049,24.0054968242049,1331.20362404178,1,0,0.706521739130435
1314,282.977176722615,24.0182176722615,1332.21748818804,1,0,0.706521739130435
1315,283.10438520318,24.030938520318,1333.2313523343,1,0,0.706521739130435
1316,283.23154909139,24.043654909139,1334.24521648056,1,0,0.706521739130435
1317,283.358578025759,24.0563578025758,1335.25908062682,1,0,0.706521739130435
1318,283.485606960127,24.0690606960127,1336.27294477309,1,0,0.706521739130435
1319,283.612618084919,24.0817618084919,1337.28680891935,1,0,0.706521739130435
1320,283.739467979211,24.0944467979211,1338.30067306561,1,0,0.706521739130435
1321,283.866317873502,24.1071317873502,1339.31453721187,1,0,0.706521739130435
1322,283.993167767794,24.1198167767794,1340.32840135813,1,0,0.706521739130435
1323,284.119848742083,24.1324848742083,1341.3422655044,1,0,0.706521739130435
1324,284.246520100281,24.1451520100281,1342.35612965066,1,0,0.706521739130435
1325,284.37319145848,24.157819145848,1343.36999379692,1,0,0.706521739130435
1326,284.499722461349,24.1704722461349,1344.38385794318,1,0,0.706521739130435
1327,284.626215785313,24.1831215785313,1345.39772208944,1,0,0.706521739130435
1328,284.752709109276,24.1957709109276,1346.4115862357,1,0,0.706521739130435
1329,284.87909127193,24.208409127193,1347.42545038197,1,0,0.706521739130435
1330,285.005407061403,24.2210407061403,1348.43931452823,1,0,0.706521739130435
1331,285.131722850877,24.2336722850877,1349.45317867449,1,0,0.706521739130435
1332,285.257957296776,24.2462957296776,1350.46704282075,1,0,0.706521739130435
1333,285.384096049404,24.2589096049404,1351.48090696701,1,0,0.706521739130435
1334,285.510234802032,24.2715234802032,1352.49477111328,1,0,0.706521739130435
1335,285.636322646956,24.2841322646956,1353.50863525954,1,0,0.706521739130435
1336,285.762284858292,24.2967284858292,1354.5224994058,1,0,0.706521739130435
1337,285.888247069629,24.3093247069629,1355.53636355206,1,0,0.706521739130435
1338,286.014189421733,24.3219189421733,1356.55022769832,1,0,0.706521739130435
1339,286.139975585255,24.3344975585255,1357.56409184458,1,0,0.706521739130435
1340,286.265761748777,24.3470761748777,1358.57795599085,1,0,0.706521739130435
1341,286.391547912299,24.3596547912299,1359.59182013711,1,0,0.706521739130435
1342,286.517170315771,24.3722170315771,1360.60568428337,1,0,0.706521739130435
1343,286.642780922889,24.3847780922889,1361.61954842963,1,0,0.706521739130435
1344,286.768391530007,24.3973391530007,1362.63341257589,1,0,0.706521739130435
1345,286.893871123693,24.4098871123693,1363.64727672216,1,0,0.706521739130435
1346,287.019306663763,24.4224306663763,1364.66114086842,1,0,0.706521739130435
1347,287.144742203833,24.4349742203833,1365.67500501468,1,0,0.706521739130435
1348,287.270080071329,24.4475080071329,1366.68886916094,1,0,0.706521739130435
1349,287.395341031663,24.4600341031663,1367.7027333072,1,0,0.706521739130435
1350,287.520601991997,24.4725601991997,1368.71659745346,1,0,0.706521739130435
1351,287.64579920952,24.485079920952,1369.73046159973,1,0,0.706521739130435
1352,287.7708860754,24.4975886075399,1370.74432574599,1,0,0.706521739130435
1353,287.895972941279,24.5100972941279,1371.75818989225,1,0,0.706521739130435
1354,288.013147532538,24.5226036052061,1372.77205403851,1,0,0.706521739130435
1355,288.091238638829,24.5350981822126,1373.78591818477,1,0,0.706521739130435
1356,288.169329745119,24.5475927592191,1374.79978233104,1,0,0.706521739130435
1357,288.24742085141,24.5600873362256,1375.8136464773,1,0,0.706521739130435
1358,288.325446494365,24.5725714390984,1376.82751062356,1,0,0.706521739130435
1359,288.403469901387,24.5850551842219,1377.84137476982,1,0,0.706521739130435
1360,288.481493308409,24.5975389293455,1378.85523891608,1,0,0.706521739130435
1361,288.559465163491,24.6100144261585,1379.86910306234,1,0,0.706521739130435
1362,288.637420988523,24.6224873581637,1380.88296720861,1,0,0.706521739130435
1363,288.715376813556,24.6349602901689,1381.89683135487,1,0,0.706521739130435
1364,288.793295137386,24.6474272219818,1382.91069550113,1,0,0.708404136408097
1365,288.871183497404,24.6598893595846,1383.92455964739,1,0,0.711790586843642
1366,288.949071857421,24.6723514971874,1384.93842379365,1,0,0.715177037279186
1367,289.030783133646,24.6848096387105,1385.95228793992,1,0,0.717391304347826
1368,289.11971593997,24.6972602315958,1386.96615208618,1,0,0.717391304347826
1369,289.208648746294,24.7097108244812,1387.98001623244,1,0,0.717391304347826
1370,289.297569837646,24.7221597772705,1388.9938803787,1,0,0.717391304347826
1371,289.386414852454,24.7345980793435,1390.00774452496,1,0,0.717391304347826
1372,289.475259867261,24.7470363814166,1391.02160867122,1,0,0.717391304347826
1373,289.564104882069,24.7594746834896,1392.03547281749,1,0,0.717391304347826
1374,289.652869501092,24.7719017301528,1393.04933696375,1,0,0.717391304347826
1375,289.741626897542,24.7843277656558,1394.06320111001,1,0,0.717391304347826
1376,289.830384293991,24.7967538011588,1395.07706525627,1,0,0.717391304347826
1377,289.931464496823,24.8091708579627,1396.09092940253,1,0,0.717391304347826
1378,290.037863196394,24.8215840395793,1397.1047935488,1,0,0.717391304347826
1379,290.144261895966,24.833997221196,1398.11865769506,1,0,0.717391304347826
1380,290.259025525138,24.8464025525138,1399.13252184132,1,0,0.717391304347826
1381,290.382992467286,24.8587992467286,1400.14638598758,1,0,0.717391304347826
1382,290.506959409435,24.8711959409435,1401.16025013384,1,0,0.717391304347826
1383,290.630883811898,24.8835883811898,1402.1741142801,1,0,0.717391304347826
1384,290.754680235557,24.8959680235557,1403.18797842637,1,0,0.717391304347826
1385,290.878476659216,24.9083476659216,1404.20184257263,1,0,0.717391304347826
1386,291.002269960508,24.9207269960508,1405.21570671889,1,0,0.717391304347826
1387,291.125896334135,24.9330896334135,1406.22957086515,1,0,0.717391304347826
1388,291.249522707761,24.9454522707761,1407.24343501141,1,0,0.717391304347826
1389,291.373149081387,24.9578149081387,1408.25729915768,1,0,0.717391304347826
1390,291.496642704047,24.9701642704047,1409.27116330394,1,0,0.717391304347826
1391,291.62009949417,24.982509949417,1410.2850274502,1,0,0.717391304347826
1392,291.743556284294,24.9948556284293,1411.29889159646,1,0,0.717391304347826
1393,291.866921275685,25.0071921275685,1412.31275574272,1,0,0.717391304347826
1394,291.990208946918,25.0195208946918,1413.32661988898,1,0,0.717391304347826
1395,292.113496618151,25.0318496618151,1414.34048403525,1,0,0.717391304347826
1396,292.236733968878,25.0441733968878,1415.35434818151,1,0,0.717391304347826
1397,292.359852983926,25.0564852983926,1416.36821232777,1,0,0.717391304347826
1398,292.482971998974,25.0687971998974,1417.38207647403,1,0,0.717391304347826
1399,292.606082692964,25.0811082692964,1418.39594062029,1,0,0.717391304347826
1400,292.729033512637,25.0934033512636,1419.40980476656,1,0,0.717391304347826
1401,292.851984332309,25.1056984332309,1420.42366891282,1,0,0.717391304347826
1402,292.974935151981,25.1179935151981,1421.43753305908,1,0,0.717391304347826
1403,293.097752430082,25.1302752430082,1422.45139720534,1,0,0.717391304347826
1404,293.220535513301,25.1425535513301,1423.4652613516,1,0,0.717391304347826
1405,293.343318596521,25.1548318596521,1424.47912549786,1,0,0.717391304347826
1406,293.466011622956,25.1671011622956,1425.49298964413,1,0,0.717391304347826
1407,293.588627426771,25.1793627426771,1426.50685379039,1,0,0.717391304347826
1408,293.711243230586,25.1916243230586,1427.52071793665,1,0,0.717391304347826
1409,293.833812967687,25.2038812967687,1428.53458208291,1,0,0.717391304347826
1410,293.956261947279,25.2161261947279,1429.54844622917,1,0,0.717391304347826
1411,294.078710926871,25.2283710926871,1430.56231037544,1,0,0.717391304347826
1412,294.201158330503,25.2406158330503,1431.5761745217,1,0,0.717391304347826
1413,294.323440939198,25.2528440939198,1432.59003866796,1,0,0.717391304347826
1414,294.445723547894,25.2650723547894,1433.60390281422,1,0,0.717391304347826
1415,294.56800615659,25.277300615659,1434.61776696048,1,0,0.717391304347826
1416,294.690166256784,25.2895166256784,1435.63163110675,1,0,0.717391304347826
1417,294.812282946065,25.3017282946065,1436.64549525301,1,0,0.717391304347826
1418,294.934399635346,25.3139399635346,1437.65935939927,1,0,0.717391304347826
1419,295.056439744241,25.3261439744241,1438.67322354553,1,0,0.717391304347826
1420,295.178390963753,25.3383390963753,1439.68708769179,1,0,0.717391304347826
1421,295.300342183266,25.3505342183265,1440.70095183805,1,0,0.717391304347826
1422,295.422263235792,25.3627263235792,1441.71481598432,1,0,0.717391304347826
1423,295.544049433356,25.3749049433356,1442.72868013058,1,0,0.717391304347826
1424,295.66583563092,25.387083563092,1443.74254427684,1,0,0.717391304347826
1425,295.787621828484,25.3992621828484,1444.7564084231,1,0,0.717391304347826
1426,295.89365610068,25.4114265450794,1445.77027256936,1,0,0.717391304347826
1427,295.997908236401,25.4235892942468,1446.78413671563,0,0,0.717391304347826
1428,296.102160372122,25.4357520434142,1447.79800086189,0,0,0.717391304347826
1429,296.195766320258,25.4479072848361,1448.81186500815,0,0,0.717391304347826
1430,296.282555134144,25.4600577187801,1449.82572915441,0,0,0.717391304347826
1431,296.36934394803,25.4722081527242,1450.83959330067,0,0,0.717391304347826
1432,296.456106209572,25.4843548693401,1451.85345744693,0,0,0.717391304347826
1433,296.542811411884,25.4964935976638,1452.8673215932,0,0,0.717391304347826
1434,296.629516614196,25.5086323259875,1453.88118573946,0,0,0.717391304347826
1435,296.71621995308,25.5207707934312,1454.89504988572,0,0,0.717391304347826
1436,296.802841704764,25.532897838667,1455.90891403198,0,0,0.717391304347826
1437,296.889463456448,25.5450248839028,1456.92277817824,0,0,0.717391304347826
1438,296.976085208133,25.5571519291386,1457.93664232451,0,0,0.717391304347826
1439,297.048730389865,25.5692714701758,1458.95050647077,0,0,0.717391304347826
1440,297.116045273934,25.5813881493081,1459.96437061703,0,0,0.717391304347826
1441,297.183360158003,25.5935048284405,1460.97823476329,0,0,0.717391304347826
1442,297.250653776885,25.6056176798393,1461.99209890955,0,0,0.717391304347826
1443,297.317918350876,25.6177253031577,1463.00596305581,0,0,0.717391304347826
1444,297.385182924867,25.6298329264761,1464.01982720208,0,0,0.717391304347826
1445,297.452441521969,25.6419394739544,1465.03369134834,0,0,0.717391304347826
1446,297.519655861028,25.6540380549851,1466.0475554946,0,0,0.717391304347826
1447,297.586870200087,25.6661366360157,1467.06141964086,0,0,0.717391304347826
1448,297.654084539146,25.6782352170463,1468.07528378712,0,0,0.717391304347826
1449,297.721258107898,25.6903264594216,1469.08914793339,0,0,0.717391304347826
1450,297.788422287003,25.7024160116604,1470.10301207965,0,0,0.717391304347826
1451,297.855586466107,25.7145055638992,1471.11687622591,0,0,0.717391304347826
1452,297.875350753366,25.7265921609853,1472.13074037217,0,0,0.717391304347826
1453,297.848498107261,25.7386758517324,1473.14460451843,0,0,0.717391304347826
1454,297.821645461157,25.7507595424794,1474.15846866469,0,0,0.717391304347826
1455,297.776542296707,25.7628457703293,1475.17233281096,0,0,0.717391304347826
1456,297.655574554772,25.7749425445228,1476.18619695722,0,0,0.717391304347826
1457,297.534606812836,25.7870393187164,1477.20006110348,0,0,0.717391304347826
1458,297.413639070901,25.7991360929099,1478.21392524974,0,0,0.717391304347826
1459,297.292526875841,25.8112473124159,1479.227789396,0,0,0.717391304347826
1460,297.171396324024,25.8233603675976,1480.24165354227,0,0,0.717391304347826
1461,297.050265772207,25.8354734227793,1481.25551768853,0,0,0.717391304347826
1462,295.653387947571,25.8476819309463,1482.26938183479,0,0,0.717391304347826
1463,293.351597666242,25.85995814578,1483.28324598105,0,0,0.717391304347826
1464,291.049807384912,25.8722343606138,1484.29711012731,0,0,0.717391304347826
1465,288.728280019687,25.884615839895,1485.31097427357,0,0,0.717391304347826
1466,286.366075295278,25.8972142650919,1486.32483841984,0,0,0.717391304347826
1467,284.003870570868,25.9098126902887,1487.3387025661,0,0,0.717391304347826
1468,281.686598995698,25.9224587562769,1488.35256671236,0,0,0.717391304347826
1469,279.620601865138,25.9353712383429,1489.36643085862,0,0,0.717391304347826
1470,277.554604734579,25.9482837204089,1490.38029500488,0,0,0.717391304347826
1471,275.485990455215,25.9612125596549,1491.39415915115,0,0,0.717391304347826
1472,273.371453010281,25.9744284186857,1492.40802329741,0,0,0.717391304347826
1473,271.256915565347,25.9876442777166,1493.42188744367,0,0,0.717391304347826
1474,269.140991729325,26.0008688016917,1494.43575158993,0,0,0.717391304347826
1475,266.97557819549,26.0144026362782,1495.44961573619,0,0,0.717391304347826
1476,264.810164661656,26.0279364708646,1496.46347988245,0,0,0.717391304347826
1477,262.640923728815,26.0414942266949,1497.47734402872,0,0,0.717391304347826
1478,260.422125577814,26.0553617151387,1498.49120817498,0,0,0.717391304347826
1479,258.203327426812,26.0692292035824,1499.50507232124,0,0,0.717391304347826
1480,255.974027646131,26.0831623272117,1500.5189364675,0,0,0.717391304347826
1481,253.699146129544,26.0973803366903,1501.53280061376,0,0,0.717391304347826
1482,251.424264612956,26.111598346169,1502.54666476003,0,0,0.717391304347826
1483,249.182529605265,26.1259498026316,1503.56052890629,0,0,0.717391304347826
1484,246.996294787451,26.140524701417,1504.57439305255,0,0,0.717391304347826
1485,244.810059969637,26.1550996002024,1505.58825719881,0,0,0.717391304347826
1486,242.589563537346,26.169902909751,1506.60212134507,0,0,0.717391304347826
1487,240.348899636931,26.1848406690871,1507.61598549133,0,0,0.717391304347826
1488,238.108235736516,26.1997784284232,1508.6298496376,0,0,0.717391304347826
1489,235.886472319721,26.2150760529674,1509.64371378386,0,0,0.717391304347826
1490,233.665668235484,26.2303919432036,1510.65757793012,0,0,0.717391304347826
1491,231.452946054928,26.2458360996077,1511.67144207638,0,0,0.717391304347826
1492,229.255910309505,26.261529212075,1512.68530622264,0,0,0.717391304347826
1493,227.058874564082,26.2772223245423,1513.69917036891,0,0,0.717391304347826
1494,224.818345956213,26.2932261003128,1514.71303451517,0,0,0.717391304347826
1495,222.566335232352,26.3093118911975,1515.72689866143,0,0,0.717391304347826
1496,220.347558779764,26.3255187786172,1516.74076280769,0,0,0.717391304347826
1497,218.204701636907,26.3420022951007,1517.75462695395,0,0,0.717391304347826
1498,216.061844494049,26.3584858115842,1518.76849110021,0,0,0.717391304347826
1499,213.873108993904,26.3753222385084,1519.78235524648,0,0,0.717391304347826
1500,211.677987042685,26.3922077919793,1520.79621939274,0,0,0.717391304347826
1501,209.499242219421,26.4093060622446,1521.810083539,0,0,0.717391304347826
1502,207.336300618844,26.4266095950492,1522.82394768526,0,0,0.717391304347826
1503,205.180648868112,26.4439945927657,1523.83781183152,0,0,0.717391304347826
1504,203.054664616144,26.4617111281988,1524.85167597779,0,0,0.717391304347826
1505,200.928680364175,26.4794276636319,1525.86554012405,0,0,0.717391304347826
1506,198.754374243953,26.4975468813004,1526.87940427031,0,0,0.717391304347826
1507,196.576954889114,26.5156920425907,1527.89326841657,0,0,0.717391304347826
1508,194.359854597109,26.5341678783574,1528.90713256283,0,0,0.717391304347826
1509,192.128449638432,26.5527629196797,1529.92099670909,0,0,0.717391304347826
1510,189.863918697036,26.571634010858,1530.93486085536,0,0,0.717391304347826
1511,187.575783103816,26.5907018074682,1531.94872500162,0,0,0.717391304347826
1512,185.306483869875,26.6100088359141,1532.96258914788,0,0,0.717391304347826
1513,183.057095116818,26.6295687381146,1533.97645329414,0,0,0.717391304347826
1514,180.82733219655,26.6493424345768,1534.9903174404,0,0,0.717391304347826
1515,178.622432419267,26.6693869780067,1536.00418158667,0,0,0.717391304347826
1516,176.392858804226,26.6896558290525,1537.01804573293,0,0,0.717391304347826
1517,174.132584831623,26.710203774258,1538.03190987919,0,0,0.717391304347826
1518,172.055787894277,26.7309912456191,1539.04577402545,0,0,0.717391304347826
1519,170.163264529791,26.7520192830023,1540.05963817171,0,0,0.717391304347826
1520,168.246485008951,26.7733168332339,1541.07350231797,0,0,0.717391304347826
1521,166.313310784608,26.7947965468377,1542.08736646424,0,0,0.717391304347826
1522,164.267888876183,26.8166274855139,1543.1012306105,0,0,0.717391304347826
1523,162.181887046357,26.838585399512,1544.11509475676,0,0,0.717391304347826
1524,159.946186718752,26.8610381328125,1545.12895890302,0,0,0.717391304347826
1525,157.688396634618,26.8836160336538,1546.14282304928,0,0,0.717391304347826
1526,155.380704326926,26.9066929567307,1547.15668719555,0,0,0.717391304347826
1527,153.048617598687,26.9300138240131,1548.17055134181,0,0,0.717391304347826
1528,150.680196546055,26.9536980345394,1549.18441548807,0,0,0.717391304347826
1529,148.266147804057,26.9778385219594,1550.19827963433,0,0,0.717391304347826
1530,145.854883064518,27.0022072580645,1551.21214378059,0,0,0.717391304347826
1531,143.732094302812,27.0271812434963,1552.22600792686,0,0,0.717391304347826
1532,141.767088615441,27.0523987340651,1553.23987207312,0,0,0.717391304347826
1533,139.982386065866,27.0778944847733,1554.25373621938,0,0,0.717391304347826
1534,138.165266708817,27.1038533327312,1555.26760036564,0,0,0.717391304347826
1535,136.234209010342,27.1300723873707,1556.2814645119,0,0,0.717391304347826
1536,134.10717799114,27.1566602751108,1557.29532865816,0,0,0.717391304347826
1537,131.936096066568,27.1837987991679,1558.30919280443,0,0,0.717391304347826
1538,129.845181351668,27.2112831235476,1559.32305695069,0,0,0.717391304347826
1539,127.893206138654,27.2391684837335,1560.33692109695,0,0,0.717391304347826
1540,126.175307464457,27.2675782089257,1561.35078524321,0,0,0.717391304347826
1541,124.451158816427,27.2963140197262,1562.36464938947,0,0,0.717391304347826
1542,122.804876841245,27.3253780789689,1563.37851353574,0,0,0.717391304347826
1543,121.626480769232,27.3548379807692,1564.392377682,0,0,0.717391304347826
1544,120.435455638475,27.3846136090381,1565.40624182826,0,0,0.717391304347826
1545,119.162887295083,27.4146580601093,1566.42010597452,0,0,0.717391304347826
1546,117.775170405984,27.4449965918803,1567.43397012078,0,0,0.717391304347826
1547,116.236708867523,27.4757658226495,1568.44783426704,0,0,0.717391304347826
1548,114.675608152175,27.5069878369565,1569.46169841331,0,0,0.717391304347826
1549,113.276996024736,27.5385750993816,1570.47556255957,0,0,0.717391304347826
1550,111.999246863801,27.570518828405,1571.48942670583,0,0,0.717391304347826
1551,110.719186335758,27.6028089618355,1572.50329085209,0,0,0.717391304347826
1552,109.574252214904,27.6355213652885,1573.51715499835,0,0,0.717391304347826
1553,108.558427964156,27.6685524011948,1574.53101914462,0,0,0.717391304347826
1554,107.558707829927,27.7018764056691,1575.54488329088,0,0,0.717391304347826
1555,106.700543855535,27.7354728072232,1576.55874743714,0,0,0.717391304347826
1556,106.023799385634,27.7693100307183,1577.5726115834,0,0,0.717391304347826
1557,105.328513280134,27.8033594687946,1578.58647572966,0,0,0.717391304347826
1558,104.47096206527,27.8376615173892,1579.60033987592,0,0,0.717391304347826
1559,103.445635476879,27.8723121507707,1580.61420402219,0,0,0.717391304347826
1560,102.395876827486,27.9073041057505,1581.62806816845,0,0,0.717391304347826
1561,101.335473002959,27.9426508999014,1582.64193231471,0,0,0.717391304347826
1562,100.264041541917,27.9783652819361,1583.65579646097,0,0,0.717391304347826
1563,99.2511607142862,28.0144535714286,1584.66966060723,0,0,0.717391304347826
1564,98.3922400712834,28.0508879964358,1585.6835247535,0,0,0.717391304347826
1565,97.6578847535938,28.0876057623203,1586.69738889976,0,0,0.717391304347826
1566,96.8767319761417,28.1246089341286,1587.71125304602,0,0,0.717391304347826
1567,95.7558504464293,28.1619716517857,1588.72511719228,0,0,0.717391304347826
1568,94.6213966649168,28.1997867778361,1589.73898133854,0,0,0.717391304347826
1569,93.8492877258241,28.2380356137088,1590.7528454848,0,0,0.717391304347826
1570,93.4401601228635,28.2764839877136,1591.76670963107,0,0,0.717391304347826
1571,93.0540663894852,28.3150933610515,1592.78057377733,0,0,0.717391304347826
1572,92.3312956263503,28.3539352186825,1593.79443792359,0,0,0.717391304347826
1573,91.548126089325,28.3930936955337,1594.80830206985,0,0,0.717391304347826
1574,90.9189289538718,28.4325714030752,1595.82216621611,0,0,0.717391304347826
1575,90.4823287803534,28.4722671219647,1596.83603036238,0,0,0.717391304347826
1576,90.0835807926831,28.5121419207317,1597.84989450864,0,0,0.717391304347826
1577,89.6830622216037,28.5521937778396,1598.8637586549,0,0,0.717391304347826
1578,89.2807493008951,28.5924250699105,1599.87762280116,0,0,0.717391304347826
1579,88.5525081552312,28.6328745922384,1600.89148694742,0,0,0.717391304347826
1580,87.4015599373584,28.6737813354214,1601.90535109368,0,0,0.717391304347826
1581,86.1572397517328,28.7152586749422,1602.91921523995,0,0,0.717391304347826
1582,85.6333215326343,28.7571678467366,1603.93307938621,0,0,0.717391304347826
1583,85.2119319379393,28.7993068062061,1604.94694353247,0,0,0.717391304347826
1584,84.5458631306092,28.8416930539049,1605.96080767873,0,0,0.717391304347826
1585,83.6281778210002,28.8845183683533,1606.97467182499,0,0,0.717391304347826
1586,82.7003202989606,28.9278183860485,1607.98853597126,0,0,0.717391304347826
1587,82.2062445940815,28.9714997116843,1609.00240011752,0,0,0.717391304347826
1588,83.0231807330823,29.0150696390977,1610.01626426378,0,0,0.717391304347826
1589,83.8322133941874,29.05821804769,1611.03012841004,0,0,0.717391304347826
1590,84.6335527141798,29.1009561447563,1612.0439925563,0,0,0.717391304347826
1591,83.3704893839728,29.1437787230861,1613.05785670256,0,0,0.717391304347826
1592,80.2922390160908,29.1877537283416,1614.07172084883,0,0,0.717391304347826
1593,78.4165428890314,29.233281903699,1615.08558499509,0,0,0.717391304347826
1594,78.5870027104589,29.2792002710459,1616.09944914135,0,0,0.717391304347826
1595,79.1304401695972,29.3248480056532,1617.11331328761,0,0,0.717391304347826
1596,80.4829583849002,29.3699319461633,1618.12717743387,0,0,0.717391304347826
1597,81.6759710012205,29.414298550061,1619.14104158014,0,0,0.717391304347826
1598,82.3764685983007,29.4581468598301,1620.1549057264,0,0,0.717391304347826
1599,82.8123310688403,29.501733106884,1621.16876987266,0,0,0.717391304347826
1600,83.4906717625892,29.5450335881295,1622.18263401892,0,0,0.717391304347826
1601,84.3487176365788,29.5879358818289,1623.19649816518,0,0,0.717391304347826
1602,85.1981414705875,29.6304070735294,1624.21036231144,0,0,0.709264382193097
1603,86.0391844405587,29.6724592220279,1625.22422645771,0,0,0.706521739130435
1604,86.8720788106229,29.7141039405311,1626.23809060397,0,0,0.706521739130435
1605,87.3493235378437,29.7554323537844,1627.25195475023,0,0,0.706521739130435
1606,87.7605138413239,29.7965513841324,1628.26581889649,0,0,0.706521739130435
1607,88.5387290011345,29.8374364500567,1629.27968304275,0,0,0.706521739130435
1608,89.7199892096404,29.8778329736547,1630.29354718902,0,0,0.706521739130435
1609,90.9157415652644,29.9176913855088,1631.30741133528,0,0,0.706521739130435
1610,92.0958846888635,29.9570294896288,1632.32127548154,0,0,0.706521739130435
1611,93.2610241109903,29.9958674703663,1633.3351396278,0,0,0.706521739130435
1612,94.4117344414885,30.0342244813829,1634.34900377406,0,0,0.706521739130435
1613,95.5485613182764,30.0721187106092,1635.36286792032,0,0,0.706521739130435
1614,96.67202321058,30.1095674403527,1636.37673206659,0,0,0.706521739130435
1615,97.7826130891384,30.1465871029713,1637.39059621285,0,0,0.706521739130435
1616,98.8807999746953,30.1831933324898,1638.40446035911,0,0,0.706521739130435
1617,99.967030374999,30.2194010125,1639.41832450537,0,0,0.706521739130435
1618,101.041729619564,30.2552243206521,1640.43218865163,0,0,0.706521739130435
1619,102.105303100585,30.2906767700195,1641.4460527979,0,0,0.706521739130435
1620,103.262548677883,30.3257509735577,1642.45991694416,0,0,0.706521739130435
1621,104.993317908652,30.360366358173,1643.47378109042,0,0,0.706521739130435
1622,106.691557193395,30.3943311438679,1644.48764523668,0,0,0.715714984746712
1623,108.092159870249,30.4278039967562,1645.50150938294,0,0,0.717391304347826
1624,109.212665178571,30.460922172619,1646.5153735292,0,0,0.717391304347826
1625,110.197310122282,30.4937436707427,1647.52923767547,0,0,0.717391304347826
1626,111.231163237924,30.5262790809481,1648.54310182173,0,0,0.717391304347826
1627,112.519177549194,30.5584794387298,1649.55696596799,0,0,0.717391304347826
1628,113.790159171074,30.5902539792769,1650.57083011425,0,0,0.717391304347826
1629,115.153624999998,30.6216916666666,1651.58469426051,0,0,0.717391304347826
1630,116.613718482904,30.6527743696581,1652.59855840678,0,0,0.717391304347826
1631,118.149622373948,30.683492447479,1653.61242255304,0,0,0.717391304347826
1632,119.662227415965,30.7137445483193,1654.6262866993,0,0,0.717391304347826
1633,121.155413739668,30.7436082747934,1655.64015084556,0,0,0.717391304347826
1634,122.632561483739,30.7731512296748,1656.65401499182,0,0,0.717391304347826
1635,124.094440499999,30.80238881,1657.66787913809,0,0,0.717391304347826
1636,125.534440499999,30.83118881,1658.68174328435,0,0,0.717391304347826
1637,126.959094980314,30.8596818996063,1659.69560743061,0,0,0.717391304347826
1638,128.370581879844,30.8879116375969,1660.70947157687,0,0,0.717391304347826
1639,129.765930717053,30.9158186143411,1661.72333572313,0,0,0.717391304347826
1640,131.143550095418,30.9433710019084,1662.73719986939,0,0,0.717391304347826
1641,132.509812499999,30.97069625,1663.75106401566,0,0,0.717391304347826
1642,133.863195958645,30.9977639191729,1664.76492816192,0,0,0.717391304347826
1643,135.317923500554,31.0244622454646,1665.77879230818,0,0,0.717391304347826
1644,136.826245087335,31.0509374181222,1666.79265645444,0,0,0.717391304347826
1645,138.398297489082,31.0771382914847,1667.8065206007,0,0,0.717391304347826
1646,139.946824570814,31.1029470761802,1668.82038474696,0,0,0.717391304347826
1647,141.483587025315,31.1285597837553,1669.83424889323,0,0,0.717391304347826
1648,143.002574367087,31.1538762394514,1670.84811303949,0,0,0.717391304347826
1649,144.502946576762,31.178882442946,1671.86197718575,0,0,0.717391304347826
1650,145.961368703198,31.203727374064,1672.87584133201,0,0,0.717391304347826
1651,147.186692052415,31.2282338410483,1673.88970547827,1,0,0.717391304347826
1652,148.284011103633,31.2526002775908,1674.90356962454,1,0,0.717391304347826
1653,149.253055518169,31.2768263879542,1675.9174337708,1,0,0.717391304347826
1654,150.213342543275,31.3008335635819,1676.93129791706,1,0,0.717391304347826
1655,151.21253330592,31.3247506661184,1677.94516206332,1,0,0.717391304347826
1656,152.396743832235,31.3484348766447,1678.95902620958,1,0,0.717391304347826
1657,153.573409496752,31.371968189935,1679.97289035585,1,0,0.717391304347826
1658,154.742240665583,31.3953448133117,1680.98675450211,1,0,0.717391304347826
1659,155.899391426281,31.4184878285256,1682.00061864837,1,0,0.717391304347826
1660,157.052563686708,31.4415512737342,1683.01448279463,1,0,0.717391304347826
1661,158.191804193037,31.4643360838607,1684.02834694089,1,0,0.717391304347826
1662,159.326906640624,31.4870381328125,1685.04221108715,1,0,0.717391304347826
1663,160.451906640624,31.5095381328125,1686.05607523342,1,0,0.717391304347826
1664,161.342716816212,31.5319238938737,1687.06993937968,1,0,0.714286985360408
1665,162.011033647895,31.5542011215965,1688.08380352594,1,0,0.708233390870516
1666,162.67581718366,31.5763605727887,1689.0976676722,1,0,0.706521739130435
1667,163.339207847051,31.5984735949017,1690.11153181846,1,0,0.706521739130435
1668,164.197099634368,31.6204274908592,1691.12539596473,1,0,0.706521739130435
1669,165.092199171686,31.6423439834337,1692.13926011099,1,0,0.706521739130435
1670,166.176536521083,31.6640307304217,1693.15312425725,1,0,0.706521739130435
1671,167.257768229166,31.6856553645833,1694.16698840351,1,0,0.706521739130435
1672,168.329196800594,31.7070839360119,1695.18085254977,1,0,0.706521739130435
1673,169.317102767962,31.728427569199,1696.19471669603,1,0,0.706521739130435
1674,170.165159305064,31.7496289826266,1697.2085808423,1,0,0.706521739130435
1675,171.009358518086,31.7707339629521,1698.22244498856,1,0,0.706521739130435
1676,171.849498541423,31.7917374635356,1699.23630913482,1,0,0.706521739130435
1677,172.745591194741,31.812624248772,1700.25017328108,1,0,0.706521739130435
1678,173.681736817393,31.833427484831,1701.26403742734,1,0,0.706521739130435
1679,174.678886071428,31.8540777214286,1702.27790157361,1,0,0.706521739130435
1680,175.707457499999,31.87464915,1703.29176571987,1,0,0.706521739130435
1681,176.727712217513,31.8950542443503,1704.30562986613,1,0,0.706521739130435
1682,177.744661370056,31.9153932274011,1705.31949401239,1,0,0.706521739130435
1683,178.603154642058,31.9355788660514,1706.33335815865,1,0,0.706521739130435
1684,179.408523769574,31.9557130942394,1707.34722230491,1,0,0.706521739130435
1685,180.208448170731,31.9757112042683,1708.36108645118,1,0,0.706521739130435
1686,181.006674334811,31.9956668583703,1709.37495059744,1,0,0.706521739130435
1687,181.724779025831,32.0154936864523,1710.3888147437,1,0,0.706521739130435
1688,182.417276964825,32.0352793418521,1711.40267888996,1,0,0.706521739130435
1689,183.033968545305,32.0549656181768,1712.41654303622,1,0,0.706521739130435
1690,183.62348819596,32.0746162731987,1713.43040718249,1,0,0.706521739130435
1691,184.210320159978,32.0941773386659,1714.44427132875,1,0,0.706521739130435
1692,184.796003457158,32.1137001152386,1715.45813547501,1,0,0.706521739130435
1693,185.505081001076,32.1331270250269,1716.47199962127,1,0,0.706521739130435
1694,186.280107911733,32.1525026977933,1717.48586376753,1,0,0.706521739130435
1695,187.051248932764,32.1717812233191,1718.49972791379,1,0,0.706521739130435
1696,187.819658751334,32.1909914687833,1719.51359206006,1,0,0.706521739130435
1697,188.536774510452,32.2101221288701,1720.52745620632,1,0,0.706521739130435
1698,189.203617590632,32.2291747883038,1721.54132035258,1,0,0.706521739130435
1699,189.830299881703,32.2481766627234,1722.55518449884,1,0,0.706521739130435
1700,190.398123225552,32.2671041075184,1723.5690486451,1,0,0.706521739130435
1701,190.964906152037,32.2859968717346,1724.58291279137,1,0,0.706521739130435
1702,191.529169474921,32.304805649164,1725.59677693763,1,0,0.706521739130435
1703,192.092850661994,32.3235950220664,1726.61064108389,1,0,0.706521739130435
1704,192.653598325545,32.3422866108515,1727.62450523015,1,0,0.706521739130435
1705,193.214257159442,32.3609752386481,1728.63836937641,1,0,0.706521739130435
1706,193.771532701238,32.3795510900413,1729.65223352267,1,0,0.706521739130435
1707,194.328808243034,32.3981269414345,1730.66609766894,1,0,0.706521739130435
1708,194.963463438862,32.416598955396,1731.6799618152,1,0,0.706521739130435
1709,195.609451647013,32.4350557613432,1732.69382596146,1,0,0.706521739130435
1710,196.31639903357,32.4534099758393,1733.70769010772,1,0,0.706521739130435
1711,197.048850712106,32.4717212678026,1734.72155425398,1,0,0.706521739130435
1712,197.778224268415,32.4899556067104,1735.73541840025,1,0,0.706521739130435
1713,198.504763118062,32.5081190779515,1736.74928254651,1,0,0.706521739130435
1714,199.172259706914,32.5262419902304,1737.76314669277,1,0,0.706521739130435
1715,199.713341871242,32.5442780623747,1738.77701083903,1,0,0.706521739130435
1716,200.25409879233,32.5623032930777,1739.79087498529,1,0,0.706521739130435
1717,200.791947397908,32.5802315799303,1740.80473913155,1,0,0.706521739130435
1718,201.329796003486,32.5981598667829,1741.81860327782,1,0,0.706521739130435
1719,201.864866522277,32.6159955507426,1742.83246742408,1,0,0.706521739130435
1720,202.399519987624,32.6338173329208,1743.84633157034,1,0,0.706521739130435
1721,202.932199987697,32.6515733329232,1744.8601957166,1,0,0.706521739130435
1722,203.463696050689,32.6692898683563,1745.87405986286,1,0,0.706521739130435
1723,203.994046171722,32.6869682057241,1746.88792400913,1,0,0.706521739130435
1724,204.522421905577,32.7045807301859,1747.90178815539,1,0,0.706521739130435
1725,205.01488394137,32.7221868466886,1748.91565230165,1,0,0.706521739130435
1726,205.169700455132,32.7397327182483,1749.92951644791,1,0,0.706521739130435
1727,205.324516968893,32.7572785898079,1750.94338059417,1,0,0.706521739130435
1728,205.479116438053,32.7747998629794,1751.95724474043,1,0,0.706521739130435
1729,205.633667096325,32.7923156042501,1752.9711088867,1,0,0.706521739130435
1730,205.788076608193,32.8098153489286,1753.98497303296,1,0,0.706521739130435
1731,205.942362322479,32.8273010632143,1754.99883717922,1,0,0.706521739130435
1732,206.09658330572,32.8447794413149,1756.01270132548,1,0,0.706521739130435
1733,206.250604982844,32.862235231389,1757.02656547174,1,0,0.706521739130435
1734,206.404626659969,32.8796910214632,1758.04042961801,1,0,0.706521739130435
1735,206.55839739695,32.8971183716543,1759.05429376427,1,0,0.706521739130435
1736,206.712155939091,32.9145443397637,1760.06815791053,1,0,0.706521739130435
1737,206.8657418685,32.9319507450966,1761.08202205679,1,0,0.706521739130435
1738,207.019238173218,32.9493469929647,1762.09588620305,1,0,0.706521739130435
1739,207.172640685509,32.9667326110244,1763.10975034931,1,0,0.706521739130435
1740,207.325875645782,32.9840992398553,1764.12361449558,1,0,0.706521739130435
1741,207.479096120438,33.001464226983,1765.13747864184,1,0,0.706521739130435
1742,207.632070624687,33.0188013374646,1766.1513427881,1,0,0.706521739130435
1743,207.785045128937,33.0361384479462,1767.16520693436,1,0,0.706521739130435
1744,208.010162656031,33.0534500618471,1768.17907108062,1,0,0.706521739130435
1745,208.259530048841,33.0707531054298,1769.19293522689,1,0,0.706521739130435
1746,208.550584410919,33.088029220546,1770.20679937315,1,0,0.706521739130435
1747,208.895411997126,33.1052705998563,1771.22066351941,1,0,0.706521739130435
1748,209.240085997137,33.1225042998569,1772.23452766567,1,0,0.707066385830679
1749,209.583597447519,33.1396798723759,1773.24839181193,1,0,0.711733660971714
1750,209.927108897901,33.156855444895,1774.26225595819,1,0,0.716400936112772
1751,210.269591373574,33.1739795686787,1775.27612010446,1,0,0.717391304347826
1752,210.611796696768,33.1910898348384,1776.28998425072,1,0,0.717391304347826
1753,210.953418678977,33.2081709339488,1777.30384839698,1,0,0.717391304347826
1754,211.294327769886,33.2252163884943,1778.31771254324,1,0,0.717391304347826
1755,211.635103891509,33.2422551945755,1779.3315766895,1,0,0.717391304347826
1756,211.974726533019,33.2592363266509,1780.34544083577,1,0,0.717391304347826
1757,212.314349174528,33.2762174587264,1781.35930498203,1,0,0.717391304347826
1758,212.653017034774,33.2931508517387,1782.37316912829,1,0,0.717391304347826
1759,212.991362899436,33.3100681449718,1783.38703327455,1,0,0.717391304347826
1760,213.329222963483,33.3269611481741,1784.40089742081,1,0,0.715635557561385
1761,213.666301615168,33.3438150807584,1785.41476156707,1,0,0.711055684576521
1762,214.030406872126,33.3606658556661,1786.42862571334,1,0,0.706521739130435
1763,217.062566137057,33.3772049062021,1787.4424898596,1,0,0.706521739130435
1764,220.094725401988,33.3937439567381,1788.45635400586,1,0,0.706521739130435
1765,222.299027405024,33.4099986302134,1789.47021815212,1,0,0.706521739130435
1766,223.931619777339,33.4260569158427,1790.48408229838,1,0,0.706521739130435
1767,225.432072741364,33.4421036370682,1791.49794644465,1,0,0.706521739130435
1768,225.750938994685,33.4580469497343,1792.51181059091,1,0,0.706521739130435
1769,226.069805248007,33.4739902624003,1793.52567473717,1,0,0.706521739130435
1770,226.388005406002,33.4899002703001,1794.53953888343,1,0,0.706521739130435
1771,226.705745917917,33.5057872958958,1795.55340302969,1,0,0.706521739130435
1772,227.035074857205,33.5216691619068,1796.56726717596,1,0,0.706521739130435
1773,227.509591553163,33.5374863851054,1797.58113132222,1,0,0.706521739130435
1774,227.984108249121,33.553303608304,1798.59499546848,1,0,0.706521739130435
1775,228.457268520542,33.5690756173514,1799.60885961474,1,0,0.706521739130435
1776,228.929296492569,33.5848098830856,1800.622723761,1,0,0.706521739130435
1777,229.401098200695,33.6005439280278,1801.63658790726,1,0,0.706521739130435
1778,229.792487633181,33.6161995053272,1802.65045205353,1,0,0.706521739130435
1779,230.183877065666,33.6318550826266,1803.66431619979,1,0,0.706521739130435
1780,230.539696815424,33.6474848407712,1804.67818034605,1,0,0.706521739130435
1781,230.85165522097,33.6630827610485,1805.69204449231,1,0,0.706521739130435
1782,231.163613626516,33.6786806813258,1806.70590863857,1,0,0.706521739130435
1783,231.474620142487,33.6942310071243,1807.71977278484,1,0,0.706521739130435
1784,231.785500971502,33.7097750485751,1808.7336369311,1,0,0.706521739130435
1785,232.096050021514,33.7253025010757,1809.74750107736,1,0,0.706521739130435
1786,232.405860692771,33.7407930346385,1810.76136522362,1,0,0.706521739130435
1787,232.715671364027,33.7562835682014,1811.77522936988,1,0,0.706521739130435
1788,233.024708512007,33.7717354256003,1812.78909351614,1,0,0.706521739130435
1789,233.333456367924,33.7871728183962,1813.80295766241,1,0,0.706521739130435
1790,233.642059935897,33.8026029967949,1814.81682180867,1,0,0.706521739130435
1791,233.94975224359,33.8179876121795,1815.83068595493,1,0,0.706521739130435
1792,234.257444551282,33.8333722275641,1816.84455010119,1,0,0.706521739130435
1793,234.564574212095,33.8487287106048,1817.85841424745,1,0,0.706521739130435
1794,234.871218164395,33.8640609082197,1818.87227839372,1,0,0.706521739130435
1795,235.177862116695,33.8793931058347,1819.88614253998,1,0,0.706521739130435
1796,235.483540004244,33.8946770002122,1820.90000668624,1,0,0.706521739130435
1797,235.789142720713,33.9099571360356,1821.9138708325,1,0,0.706521739130435
1798,236.094424809644,33.9252212404822,1822.92773497876,1,0,0.706521739130435
1799,236.398993337563,33.9404496668782,1823.94159912502,1,0,0.706521739130435
1800,236.703561865482,33.9556780932741,1824.95546327129,1,0,0.706521739130435
1801,237.007428435919,33.9708714217959,1825.96932741755,1,0,0.706521739130435
1802,237.310969751265,33.9860484875632,1826.98319156381,1,0,0.706521739130435
1803,237.618074065322,34.0012229626129,1827.99705571007,1,0,0.706521739130435
1804,237.996145898971,34.0163458359588,1829.01091985633,1,0,0.706521739130435
1805,238.374217732619,34.0314687093048,1830.0247840026,1,0,0.706521739130435
1806,238.781868885869,34.0465622961956,1831.03864814886,1,0,0.706521739130435
1807,239.233373902592,34.0616124634197,1832.05251229512,1,0,0.706521739130435
1808,239.684878919314,34.0766626306438,1833.06637644138,1,0,0.706521739130435
1809,240.134704814892,34.091656827163,1834.08024058764,1,0,0.706521739130435
1810,240.583956062812,34.1066318687604,1835.0941047339,1,0,0.706521739130435
1811,241.022046499586,34.1216023249793,1836.10796888017,1,0,0.706521739130435
1812,241.320306648716,34.1365153324358,1837.12183302643,1,0,0.706521739130435
1813,241.618566797846,34.1514283398923,1838.13569717269,1,0,0.706521739130435
1814,241.916441061106,34.1663220530553,1839.14956131895,1,0,0.706521739130435
1815,242.213716040462,34.1811858020231,1840.16342546521,1,0,0.706521739130435
1816,242.510991019818,34.1960495509909,1841.17728961148,1,0,0.706521739130435
1817,242.807580349794,34.2108790174897,1842.19115375774,1,0,0.706521739130435
1818,243.10387664609,34.2256938323045,1843.205017904,1,0,0.706521739130435
1819,243.400172374897,34.2405086187449,1844.21888205026,1,0,0.706521739130435
1820,243.695496410992,34.2552748205496,1845.23274619652,1,0,0.706521739130435
1821,243.990820447087,34.2700410223544,1846.24661034278,1,0,0.706521739130435
1822,244.285862735077,34.2847931367539,1847.26047448905,1,0,0.706521739130435
1823,244.580220870809,34.2995110435405,1848.27433863531,1,0,0.706521739130435
1824,244.874579006541,34.314228950327,1849.28820278157,1,0,0.706521739130435
1825,245.168386409943,34.3289193204971,1850.30206692783,1,0,0.706521739130435
1826,245.46178494295,34.3435892471475,1851.31593107409,1,0,0.706521739130435
1827,245.755183475957,34.3582591737979,1852.32979522036,1,0,0.706521739130435
1828,246.047774268887,34.3728887134443,1853.34365936662,1,0,0.706521739130435
1829,246.340219435418,34.3875109717709,1854.35752351288,1,0,0.706521739130435
1830,246.632558805668,34.4021279402834,1855.37138765914,1,0,0.706521739130435
1831,246.924056781376,34.4167028390688,1856.3852518054,1,0,0.706521739130435
1832,247.215554757085,34.4312777378542,1857.39911595166,1,0,0.706521739130435
1833,247.506707122679,34.445835356134,1858.41298009793,1,0,0.706521739130435
1834,247.797264023406,34.4603632011703,1859.42684424419,1,0,0.706521739130435
1835,248.087820924132,34.4748910462066,1860.44070839045,1,0,0.706521739130435
1836,248.377803801287,34.4893901900643,1861.45457253671,1,0,0.706521739130435
1837,248.667425683829,34.5038712841915,1862.46843668297,1,0,0.706521739130435
1838,248.957047566372,34.5183523783186,1863.48230082924,1,0,0.706521739130435
1839,249.245878207698,34.5327939103849,1864.4961649755,1,0,0.706521739130435
1840,249.534571070569,34.5472285535285,1865.51002912176,1,0,0.706521739130435
1841,249.823189548361,34.5616594774181,1866.52389326802,1,0,0.706521739130435
1842,250.110959332534,34.5760479666267,1867.53775741428,1,0,0.706521739130435
1843,250.398729116706,34.5904364558353,1868.55162156054,1,0,0.706521739130435
1844,250.686223207171,34.6048111603586,1869.56548570681,1,0,0.706521739130435
1845,250.973075796812,34.6191537898406,1870.57934985307,1,0,0.706521739130435
1846,251.259928386454,34.6334964193227,1871.59321399933,1,0,0.706521739130435
1847,251.54631463463,34.6478157317315,1872.60707814559,1,0,0.706521739130435
1848,251.832255857823,34.6621127928912,1873.62094229185,1,0,0.706521739130435
1849,252.118197081016,34.6764098540508,1874.63480643812,1,0,0.706521739130435
1850,252.403491785431,34.6906745892716,1875.64867058438,1,0,0.706521739130435
1851,252.688527414885,34.7049263707442,1876.66253473064,1,0,0.706521739130435
1852,252.973563044339,34.7191781522169,1877.6763988769,1,0,0.706521739130435
1853,253.128992940363,34.7333992940363,1878.69026302316,1,0,0.706521739130435
1854,253.27117303515,34.747617303515,1879.70412716942,1,0,0.706521739130435
1855,253.413332068218,34.7618332068217,1880.71799131569,1,0,0.706521739130435
1856,253.55528790418,34.776028790418,1881.73185546195,1,0,0.706521739130435
1857,253.697243740142,34.7902243740142,1882.74571960821,1,0,0.706521739130435
1858,253.858695212556,34.8044130141704,1883.75958375447,1,0,0.706521739130435
1859,254.071251795906,34.8185834530604,1884.77344790073,1,0,0.706521739130435
1860,254.283808379256,34.8327538919504,1885.787312047,1,0,0.706521739130435
1861,254.528108418367,34.8469054209183,1886.80117619326,1,0,0.706521739130435
1862,254.810682986656,34.8610341493328,1887.81504033952,1,0,0.706521739130435
1863,255.093257554945,34.8751628777472,1888.82890448578,1,0,0.706521739130435
1864,255.37528178795,34.8892640893975,1889.84276863204,1,0,0.706521739130435
1865,255.656971928795,34.9033485964397,1890.8566327783,0,0,0.706521739130435
1866,255.93866206964,34.917433103482,1891.87049692457,0,0,0.706521739130435
1867,256.219664684087,34.9314832342044,1892.88436107083,0,0,0.706521739130435
1868,256.500475916536,34.9455237958268,1893.89822521709,0,0,0.706521739130435
1869,256.781287148986,34.9595643574493,1894.91208936335,0,0,0.706521739130435
1870,257.061283145412,34.9735641572706,1895.92595350961,0,0,0.706521739130435
1871,257.341220937014,34.9875610468507,1896.93981765588,0,0,0.706521739130435
1872,257.615822906571,35.0015548604381,1897.95368180214,0,0,0.706521739130435
1873,257.825165802481,35.0155110534987,1898.9675459484,0,0,0.706521739130435
1874,258.034508698391,35.0294672465594,1899.98141009466,0,0,0.706521739130435
1875,258.229183484907,35.0434183484907,1900.99527424092,0,0,0.706521739130435
1876,258.368502370356,35.0573502370356,1902.00913838718,0,0,0.706521739130435
1877,258.507821255805,35.0712821255805,1903.02300253345,0,0,0.706521739130435
1878,258.647067281685,35.0852067281685,1904.03686667971,0,0,0.706521739130435
1879,258.786170836553,35.0991170836553,1905.05073082597,0,0,0.706521739130435
1880,258.925274391422,35.1130274391422,1906.06459497223,0,0,0.706521739130435
1881,259.064278597608,35.1269278597608,1907.07845911849,0,0,0.706521739130435
1882,259.203167486497,35.1408167486497,1908.09232326476,0,0,0.706521739130435
1883,259.342056375386,35.1547056375386,1909.10618741102,0,0,0.706521739130435
1884,259.480820541217,35.1685820541217,1910.12005155728,0,0,0.706521739130435
1885,259.619495425655,35.1824495425655,1911.13391570354,0,0,0.706521739130435
1886,259.758170310092,35.1963170310092,1912.1477798498,0,0,0.706521739130435
1887,259.917407140208,35.2101688233112,1913.16164399606,0,0,0.706521739130435
1888,260.08552515246,35.2240138360849,1914.17550814233,0,0,0.706521739130435
1889,260.253643164712,35.2378588488586,1915.18937228859,0,0,0.706521739130435
1890,260.44543161615,35.2516802131305,1916.20323643485,0,0,0.706521739130435
1891,260.642800037202,35.2654960026042,1917.21710058111,0,0,0.706521739130435
1892,260.840168458255,35.2793117920778,1918.23096472737,0,0,0.706521739130435
1893,261.037142144029,35.293099950082,1919.24482887364,0,0,0.706521739130435
1894,261.234078686699,35.3068855080689,1920.2586930199,0,0,0.706521739130435
1895,261.431009893559,35.3206706925491,1921.27255716616,0,0,0.706521739130435
1896,261.627516443777,35.3344261510644,1922.28642131242,0,0,0.706521739130435
1897,261.824022993995,35.3481816095797,1923.30028545868,0,0,0.706521739130435
1898,262.005519536983,35.3619350796155,1924.31414960494,0,0,0.706521739130435
1899,262.058351940857,35.3756715046228,1925.32801375121,0,0,0.706521739130435
1900,262.111184344731,35.3894079296302,1926.34187789747,0,0,0.706521739130435
1901,262.164010781698,35.4031428032414,1927.35574204373,0,0,0.706521739130435
1902,262.216812189735,35.4168711693312,1928.36960618999,0,0,0.706521739130435
1903,262.269613597773,35.4305995354209,1929.38347033625,0,0,0.706521739130435
1904,262.322406373328,35.4443256570654,1930.39733448252,0,0,0.706521739130435
1905,262.375176821877,35.4580459736881,1931.41119862878,0,0,0.706521739130435
1906,262.427947270426,35.4717662903107,1932.42506277504,0,0,0.706521739130435
1907,262.480706480031,35.4854836848081,1933.4389269213,0,0,0.706521739130435
1908,262.533446005375,35.4991959613976,1934.45279106756,0,0,0.706521739130435
1909,262.58618553072,35.5129082379871,1935.46665521383,0,0,0.706521739130435
1910,262.638911269569,35.5266169300878,1936.48051936009,0,0,0.706521739130435
1911,262.691619907929,35.5403211760615,1937.49438350635,0,0,0.706521739130435
1912,262.744328546289,35.5540254220351,1938.50824765261,0,0,0.706521739130435
1913,262.797020909311,35.5677254364208,1939.52211179887,0,0,0.708485172940434
1914,262.849698696844,35.5814216611794,1940.53597594513,0,0,0.712206973146576
1915,262.902376484377,35.5951178859379,1941.5498400914,0,0,0.715928773352692
1916,262.955035566236,35.6088092472214,1942.56370423766,0,0,0.717391304347826
1917,263.007682539035,35.6224974601491,1943.57756838392,0,0,0.717391304347826
1918,263.060329511834,35.6361856730769,1944.59143253018,0,0,0.717391304347826
1919,263.112955406932,35.6498684058024,1945.60529667644,0,0,0.717391304347826
1920,263.165571601028,35.6635486162672,1946.61916082271,0,0,0.717391304347826
1921,263.218187795123,35.6772288267319,1947.63302496897,0,0,0.717391304347826
1922,263.270780597598,35.6909029553754,1948.64688911523,0,0,0.717391304347826
1923,263.323366048956,35.7045751727286,1949.66075326149,0,0,0.717391304347826
1924,263.375951500315,35.7182473900818,1950.67461740775,0,0,0.717391304347826
1925,263.428511304043,35.7319129390511,1951.68848155401,0,0,0.717391304347826
1926,263.481066048568,35.7455771726277,1952.70234570028,0,0,0.717391304347826
1927,263.533620793094,35.7592414062044,1953.71620984654,0,0,0.717391304347826
1928,263.58614769169,35.7728983998395,1954.7300739928,0,0,0.717391304347826
1929,263.638671765224,35.7865546589583,1955.74393813906,0,0,0.717391304347826
1930,263.691195838758,35.800210918077,1956.75780228532,0,0,0.717391304347826
1931,263.743689925578,35.8138593806503,1957.77166643159,0,0,0.717391304347826
1932,263.796183363898,35.8275076746136,1958.78553057785,0,0,0.717391304347826
1933,263.848675331536,35.8411555861993,1959.79939472411,0,0,0.717391304347826
1934,263.901138170358,35.8547959242932,1960.81325887037,0,0,0.717391304347826
1935,263.953601009181,35.868436262387,1961.82712301663,0,0,0.717391304347826
1936,263.988735753925,35.8820769944504,1962.84098716289,0,0,0.717391304347826
1937,263.891280420953,35.8957207410666,1963.85485130916,0,0,0.717391304347826
1938,263.793825087981,35.9093644876827,1964.86871545542,0,0,0.717391304347826
1939,263.696350333914,35.923010953252,1965.88257960168,0,0,0.717391304347826
1940,263.598789358304,35.9366694898374,1966.89644374794,0,0,0.717391304347826
1941,263.501228382695,35.9503280264228,1967.9103078942,0,0,0.717391304347826
1942,263.40364038156,35.9639903465816,1968.92417204047,0,0,0.717391304347826
1943,263.305973534028,35.977663705236,1969.93803618673,0,0,0.717391304347826
1944,263.208306686497,35.9913370638904,1970.95190033299,0,0,0.717391304347826
1945,263.136139357315,36.0050143518843,1971.96576447925,0,0,0.717391304347826
1946,263.115774371514,36.0186996223426,1972.97962862551,0,0,0.717391304347826
1947,263.095409385713,36.032384892801,1973.99349277177,0,0,0.717391304347826
1948,263.10653263537,36.0460678324889,1975.00735691804,0,0,0.717391304347826
1949,263.163530735434,36.0597473765041,1976.0212210643,0,0,0.717391304347826
1950,263.220528835497,36.0734269205193,1977.03508521056,0,0,0.717391304347826
1951,263.277509513449,36.0871022832278,1978.04894935682,0,0,0.717391304347826
1952,263.334471538766,36.1007731693038,1979.06281350308,0,0,0.717391304347826
1953,263.391433564082,36.1144440553797,1980.07667764935,0,0,0.717391304347826
1954,263.448375520504,36.1281101249209,1981.09054179561,0,0,0.715323335619318
1955,263.505301516709,36.1417723640101,1982.10440594187,0,0,0.711610770649427
1956,263.562227512914,36.1554346030993,1983.11827008813,0,0,0.707898205679535
1957,263.619130866783,36.1690914080278,1984.13213423439,0,0,0.706521739130435
1958,263.676020879425,36.1827450110619,1985.14599838065,0,0,0.706521739130435
1959,263.732910892067,36.1963986140961,1986.15986252692,0,0,0.706521739130435
1960,263.789775762002,36.2100461828806,1987.17372667318,0,0,0.706521739130435
1961,263.846629836544,36.2236911607707,1988.18759081944,0,0,0.706521739130435
1962,263.903483911086,36.2373361386608,1989.2014549657,0,0,0.706521739130435
1963,263.958632064376,36.2509745632683,1990.21531911196,0,0,0.706521739130435
1964,264.01326526315,36.2646110096822,1991.22918325823,0,0,0.706521739130435
1965,264.067898461924,36.2782474560961,1992.24304740449,0,0,0.706521739130435
1966,264.120681551286,36.2918772033343,1993.25691155075,0,0,0.706521739130435
1967,264.173098557692,36.305505625,1994.27077569701,0,0,0.706521739130435
1968,264.225515564099,36.3191340466657,1995.28463984327,0,0,0.706521739130435
1969,264.277905118037,36.3327553306897,1996.29850398953,0,0,0.706521739130435
1970,264.330291613963,36.3463758196304,1997.3123681358,0,0,0.706521739130435
1971,264.382678109888,36.359996308571,1998.32623228206,0,0,0.706521739130435
1972,264.435035257809,36.3736091670302,1999.34009642832,0,0,0.706521739130435
1973,264.487391278751,36.3872217324753,2000.35396057458,0,0,0.706521739130435
1974,264.539746552158,36.400834103561,2001.36782472084,0,0,0.706612528141579
1975,264.592072133553,36.4144387547238,2002.38168886711,0,0,0.710309444218425
1976,264.644397714949,36.4280434058866,2003.39555301337,0,0,0.714006360295271
1977,264.696720730624,36.4416473899622,2004.40941715963,0,0,0.717391304347826
1978,264.749015907846,36.4552441360401,2005.42328130589,0,0,0.717391304347826
1979,264.801311085069,36.4688408821179,2006.43714545215,0,0,0.717391304347826
1980,264.853601934524,36.4824365029762,2007.45100959841,0,0,0.717391304347826
1981,264.905866742886,36.4960253531504,2008.46487374468,0,0,0.717391304347826
1982,264.958131551248,36.5096142033246,2009.47873789094,0,0,0.717391304347826
1983,264.983102849221,36.5232035441246,2010.4926020372,0,0,0.717391304347826
1984,264.898157120104,36.5367948607834,2011.50646618346,0,0,0.717391304347826
1985,264.813211390986,36.5503861774422,2012.52033032972,0,0,0.717391304347826
1986,264.72824512872,36.5639807794048,2013.53419447599,0,0,0.717391304347826
1987,264.643219148559,36.5775849362305,2014.54805862225,0,0,0.717391304347826
1988,264.558193168399,36.5911890930562,2015.56192276851,0,0,0.717391304347826
1989,264.473141814421,36.6047973096926,2016.57578691477,0,0,0.717391304347826
1990,264.388035431442,36.6184143309692,2017.58965106103,0,0,0.717391304347826
1991,264.302929048464,36.6320313522458,2018.60351520729,0,0,0.717391304347826
1992,264.217792208945,36.6456532465688,2019.61737935356,0,0,0.717391304347826
1993,264.132605270942,36.6592831566493,2020.63124349982,0,0,0.717391304347826
1994,264.047418332939,36.6729130667297,2021.64510764608,0,0,0.717391304347826
1995,264.030217744226,36.6865435488451,2022.65897179234,0,0,0.715749035639917
1996,264.09837374574,36.700174749148,2023.6728359386,0,0,0.712044905122825
1997,264.166529747255,36.713805949451,2024.68670008487,0,0,0.708340774605707
1998,264.234659501513,36.7274319003027,2025.70056423113,0,0,0.706521739130435
1999,264.302763928301,36.7410527856602,2026.71442837739,0,0,0.706521739130435
2000,264.370868355089,36.7546736710178,2027.72829252365,0,0,0.706521739130435
2001,264.438943312854,36.7682886625709,2028.74215666991,0,0,0.706521739130435
2002,264.506996242911,36.7818992485822,2029.75602081617,0,0,0.706521739130435
2003,264.575049172968,36.7955098345936,2030.76988496244,0,0,0.706521739130435
2004,264.643069536267,36.8091139072535,2031.7837491087,0,0,0.706521739130435
2005,264.711071047412,36.8227142094824,2032.79761325496,0,0,0.706521739130435
2006,264.779072558557,36.8363145117114,2033.81147740122,0,0,0.706521739130435
2007,264.84703852869,36.849907705738,2034.82534154748,0,0,0.709078180907067
2008,264.914988698565,36.8634977397131,2035.83920569375,0,0,0.712771124922037
2009,264.982938868441,36.8770877736882,2036.85306984001,0,0,0.71646406893701
2010,264.927289610302,36.8906794545577,2037.86693398627,0,0,0.717391304347826
2011,264.830202231661,36.9042716875674,2038.88079813253,0,0,0.717391304347826
2012,264.733114853021,36.9178639205771,2039.89466227879,0,0,0.717391304347826
2013,264.635942962242,36.9314679852862,2040.90852642506,0,0,0.717391304347826
2014,264.53875073762,36.9450748967332,2041.92239057132,0,0,0.717391304347826
2015,264.441558512998,36.9586818081803,2042.93625471758,0,0,0.717391304347826
2016,264.344275255792,36.9723014641892,2043.95011886384,0,0,0.717391304347826
2017,264.246977958494,36.9859230858108,2044.9639830101,0,0,0.717391304347826
2018,264.149680661197,36.9995447074324,2045.97784715636,0,0,0.717391304347826
2019,264.160965602348,37.0131759216434,2046.99171130263,0,0,0.717391304347826
2020,264.180439799037,37.026807859326,2048.00557544889,0,0,0.717391304347826
2021,264.199913995726,37.0404397970085,2049.01943959515,0,0,0.717391304347826
2022,264.335556023071,37.0540556023071,2050.03330374141,0,0,0.717391304347826
2023,264.471713360439,37.0676713360439,2051.04716788767,0,0,0.717391304347826
2024,264.607858808535,37.0812858808535,2052.06103203394,0,0,0.717391304347826
2025,264.743810470166,37.0948810470166,2053.0748961802,0,0,0.717391304347826
2026,264.879762131797,37.1084762131797,2054.08876032646,0,0,0.717391304347826
2027,264.984286206571,37.1220713793429,2055.10262447272,0,0,0.717391304347826
2028,264.84833454494,37.135666545506,2056.11648861898,0,0,0.717391304347826
2029,264.712382883308,37.1492617116692,2057.13035276524,0,0,0.717391304347826
2030,264.576395565431,37.1628604434569,2058.14421691151,0,0,0.717391304347826
2031,264.440238228064,37.1764761771936,2059.15808105777,0,0,0.717391304347826
2032,264.304080890696,37.1900919109304,2060.17194520403,0,0,0.717391304347826
2033,264.167874952652,37.2037125047348,2061.18580935029,0,0,0.717391304347826
2034,264.031511316288,37.2173488683712,2062.19967349655,0,0,0.717391304347826
2035,263.895147679924,37.2309852320076,2063.21353764282,0,0,0.717391304347826
2036,263.75872150038,37.244627849962,2064.22740178908,0,0,0.717391304347826
2037,263.622150938923,37.2582849061077,2065.24126593534,0,0,0.717391304347826
2038,263.485580377466,37.2719419622534,2066.2551300816,0,0,0.717391304347826
2039,263.348932323328,37.2856067676672,2067.26899422786,0,0,0.717391304347826
2040,263.212154207827,37.2992845792173,2068.28285837412,0,0,0.717391304347826
2041,263.075376092325,37.3129623907675,2069.29672252039,0,0,0.717391304347826
2042,262.938504518646,37.3266495481354,2070.31058666665,0,0,0.717391304347826
2043,262.801518217276,37.3403481782724,2071.32445081291,0,0,0.717391304347826
2044,262.664531915906,37.3540468084094,2072.33831495917,0,0,0.717391304347826
2045,262.527435165778,37.3677564834222,2073.35217910543,0,0,0.717391304347826
2046,262.390240043826,37.3814759956174,2074.3660432517,0,0,0.717391304347826
2047,262.253044921875,37.3951955078125,2075.37990739796,0,0,0.717391304347826
2048,262.242115225062,37.4089230450124,2076.39377154422,0,0,0.717391304347826
2049,262.310778204272,37.4226556408545,2077.40763569048,0,0,0.717391304347826
2050,262.379441183483,37.4363882366965,2078.42149983674,0,0,0.717391304347826
2051,262.591940734399,37.4500970367199,2079.435363983,0,0,0.717391304347826
2052,262.865913337138,37.4637956668569,2080.44922812927,0,0,0.717391304347826
2053,263.139885939878,37.4774942969939,2081.46309227553,0,0,0.717391304347826
2054,263.413209503035,37.4911604751517,2082.47695642179,0,0,0.717391304347826
2055,263.686350625948,37.5048175312974,2083.49082056805,0,0,0.717391304347826
2056,263.959491748862,37.5184745874431,2084.50468471431,0,0,0.717391304347826
2057,263.883771749432,37.5321228250568,2085.51854886058,0,0,0.717391304347826
2058,263.747304728961,37.5457695271039,2086.53241300684,0,0,0.717391304347826
2059,263.610837708491,37.5594162291509,2087.5462771531,0,0,0.717391304347826
2060,263.474179906986,37.5730820093014,2088.56014129936,0,0,0.717391304347826
2061,263.337505647305,37.5867494352695,2089.57400544562,0,0,0.717391304347826
2062,263.200831387624,37.6004168612376,2090.58786959188,0,0,0.717391304347826
2063,263.063950522814,37.6141049477186,2091.60173373815,0,0,0.717391304347826
2064,262.927068393536,37.6277931606464,2092.61559788441,0,0,0.717391304347826
2065,262.79017131569,37.6414828684311,2093.62946203067,0,0,0.717391304347826
2066,262.653080683549,37.6551919316451,2094.64332617693,0,0,0.717391304347826
2067,262.515990051409,37.6689009948591,2095.65719032319,0,0,0.717391304347826
2068,262.378867229215,37.6826132770785,2096.67105446946,0,0,0.717391304347826
2069,262.241567458047,37.6963432541953,2097.68491861572,0,0,0.717391304347826
2070,262.10426768688,37.710073231312,2098.69878276198,0,0,0.717391304347826
2071,261.966917446524,37.7238082553476,2099.71264690824,0,0,0.717391304347826
2072,261.82940789725,37.737559210275,2100.7265110545,0,0,0.717391304347826
2073,261.691898347976,37.7513101652024,2101.74037520076,0,0,0.717391304347826
2074,261.554319003443,37.7650680996557,2102.75423934703,0,0,0.717391304347826
2075,261.416599034048,37.7788400965952,2103.76810349329,0,0,0.717391304347826
2076,261.278879064652,37.7926120935348,2104.78196763955,0,0,0.717391304347826
2077,261.191584037809,37.8063911735336,2105.79583178581,0,0,0.717391304347826
2078,261.171886073265,37.8201797487141,2106.80969593207,0,0,0.717391304347826
2079,261.152188108722,37.8339683238947,2107.82356007834,0,0,0.717391304347826
2080,261.194652459384,37.8477513443138,2108.8374242246,0,0,0.717391304347826
2081,261.293066893501,37.8615293650902,2109.85128837086,0,0,0.717391304347826
2082,261.391481327618,37.8753073858666,2110.86515251712,0,0,0.717391304347826
2083,261.48982877721,37.8890760288094,2111.87901666338,0,0,0.717391304347826
2084,261.58813571331,37.9028389998634,2112.89288080964,0,0,0.717391304347826
2085,261.686442649411,37.9166019709175,2113.90674495591,0,0,0.717391304347826
2086,261.784672701855,37.9303541782597,2114.92060910217,0,0,0.717391304347826
2087,261.882872374522,37.9441021324332,2115.93447324843,0,0,0.717391304347826
2088,261.98107204719,37.9578500866066,2116.94833739469,0,0,0.717391304347826
2089,261.93064197494,37.9715972840095,2117.96220154095,0,0,0.717391304347826
2090,261.844723120525,37.985344300716,2118.97606568722,0,0,0.717391304347826
2091,261.75880426611,37.9990913174224,2119.98992983348,0,0,0.717391304347826
2092,261.672811723603,38.0128501242236,2121.00379397974,0,0,0.717391304347826
2093,261.586810768036,38.0266102771142,2122.017658126,0,0,0.717391304347826
2094,261.50080981247,38.0403704300048,2123.03152227226,0,0,0.717391304347826
2095,261.414727373266,38.0541436202774,2124.04538641852,0,0,0.717391304347826
2096,261.328644159493,38.0679169344811,2125.05925056479,0,0,0.717391304347826
2097,261.2425538236,38.081691388224,2126.07311471105,0,0,0.717391304347826
2098,261.156388194112,38.0954778889421,2127.08697885731,0,0,0.717391304347826
2099,261.070222564624,38.1092643896601,2128.10084300357,0,0,0.717391304347826
2100,261.025501579249,38.1230501579249,2129.11470714983,0,0,0.717391304347826
2101,261.163327000383,38.1368327000383,2130.1285712961,0,0,0.717391304347826
2102,261.301152421516,38.1506152421516,2131.14243544236,0,0,0.717391304347826
2103,261.438918243501,38.1643918243501,2132.15629958862,0,0,0.717391304347826
2104,261.5765329224,38.17815329224,2133.17016373488,0,0,0.717391304347826
2105,261.7141476013,38.19191476013,2134.18402788114,0,0,0.717391304347826
2106,261.812924513219,38.2056698052878,2135.1978920274,0,0,0.717391304347826
2107,261.847285494416,38.2194141977665,2136.21175617367,0,0,0.717391304347826
2108,261.881646475613,38.2331585902453,2137.22562031993,0,0,0.717391304347826
2109,261.86796980042,38.2469060399159,2138.23948446619,0,0,0.717391304347826
2110,261.799215025783,38.2606569948434,2139.25334861245,0,0,0.717391304347826
2111,261.730460251146,38.2744079497708,2140.26721275871,0,0,0.717391304347826
2112,261.66167619935,38.2881647601299,2141.28107690498,0,0,0.717391304347826
2113,261.592868859901,38.3019262280199,2142.29494105124,0,0,0.717391304347826
2114,261.524061520451,38.3156876959098,2143.3088051975,0,0,0.717391304347826
2115,261.455219945486,38.3294560109028,2144.32266934376,0,0,0.717391304347826
2116,261.386359960788,38.3432280078424,2145.33653349002,0,0,0.717391304347826
2117,261.31749997609,38.3570000047819,2146.35039763628,0,0,0.717391304347826
2118,261.248600665199,38.3707798669602,2147.36426178255,0,0,0.717391304347826
2119,261.179687954633,38.3845624090735,2148.37812592881,0,0,0.717391304347826
2120,261.110775244066,38.3983449511868,2149.39199007507,0,0,0.717391304347826
2121,261.1,38.4121341744876,2150.40585422133,0,0,0.717391304347826
2122,261.1,38.425924636085,2151.41971836759,0,0,0.717391304347826
2123,261.1,38.4397150976824,2152.43358251386,0,0,0.717391304347826
2124,261.164990452718,38.4534980905436,2153.44744666012,0,0,0.717391304347826
2125,261.233903163285,38.4672806326569,2154.46131080638,0,0,0.717391304347826
2126,261.302813719395,38.4810627438791,2155.47517495264,0,0,0.717391304347826
2127,261.371673704093,38.4948347408186,2156.4890390989,0,0,0.717391304347826
2128,261.440533688791,38.5086067377582,2157.50290324516,0,0,0.717391304347826
2129,261.509386491781,38.5223772983562,2158.51676739143,0,0,0.717391304347826
2130,261.578193831231,38.5361387662462,2159.53063153769,0,0,0.717391304347826
2131,261.64700117068,38.5499002341361,2160.54449568395,0,0,0.717391304347826
2132,261.715796433346,38.5636592866692,2161.55835983021,0,0,0.717391304347826
2133,261.784551207983,38.5774102415966,2162.57222397647,0,0,0.717391304347826
2134,261.85330598262,38.591161196524,2163.58608812274,0,0,0.717391304347826
2135,261.9,38.6049096249284,2164.599952269,0,0,0.717391304347826
2136,261.9,38.618652705669,2165.61381641526,0,0,0.717391304347826
2137,261.9,38.6323957864096,2166.62768056152,0,0,0.717391304347826
2138,261.871789510122,38.6461420979755,2167.64154470778,0,0,0.717391304347826
2139,261.803034735485,38.659893052903,2168.65540885405,0,0,0.717391304347826
2140,261.734279960848,38.6736440078304,2169.66927300031,0,0,0.717391304347826
2141,261.66549882932,38.6874002341361,2170.68313714657,0,0,0.717391304347826
2142,261.59669148987,38.701161702026,2171.69700129283,0,0,0.717391304347826
2143,261.527884150421,38.7149231699159,2172.71086543909,0,0,0.717391304347826
2144,261.459045500191,38.7286908999617,2173.72472958535,0,0,0.717391304347826
2145,261.390185515494,38.7424628969013,2174.73859373162,0,0,0.717391304347826
2146,261.321325530796,38.7562348938408,2175.75245787788,0,0,0.717391304347826
2147,261.25242914912,38.7700141701761,2176.76632202414,0,0,0.717391304347826
2148,261.183516438553,38.7837967122894,2177.7801861704,0,0,0.717391304347826
2149,261.114603727986,38.7975792544027,2178.79405031666,0,0,0.717391304347826
2150,261.090943012769,38.8113683846768,2179.80791446293,0,0,0.717391304347826
2151,261.079450594573,38.8251592865123,2180.82177860919,0,0,0.717391304347826
2152,261.067958176377,38.8389501883479,2181.83564275545,0,0,0.717391304347826
2153,261.107455977151,38.8527367931452,2182.84950690171,0,0,0.717391304347826
2154,261.15340951302,38.866522853906,2183.86337104797,0,0,0.717391304347826
2155,261.199363048889,38.8803089146668,2184.87723519423,0,0,0.717391304347826
2156,261.245293458153,38.8940880374457,2185.8910993405,0,0,0.717391304347826
2157,261.291223542358,38.9078670627073,2186.90496348676,0,0,0.717391304347826
2158,261.337151677931,38.9216455033792,2187.91882763302,0,0,0.717391304347826
2159,261.383058334396,38.9354175003188,2188.93269177928,0,0,0.717391304347826
2160,261.428964990861,38.9491894972583,2189.94655592554,0,0,0.717391304347826
2161,261.474867464313,38.9629602392939,2190.96042007181,0,0,0.717391304347826
2162,261.520750716926,38.9767252150777,2191.97428421807,0,0,0.717391304347826
2163,261.566633969539,38.9904901908616,2192.98814836433,0,0,0.717391304347826
2164,261.612510843949,39.0042532531847,2194.00201251059,0,0,0.717391304347826
2165,261.65837071656,39.0180112149681,2195.01587665685,0,0,0.717391304347826
2166,261.704230589172,39.0317691767516,2196.02974080311,0,0,0.717391304347826
2167,261.750081927468,39.0455245782404,2197.04360494938,0,0,0.717391304347826
2168,261.795918443893,39.0592755331678,2198.05746909564,0,0,0.717391304347826
2169,261.841754960317,39.0730264880952,2199.0713332419,0,0,0.717391304347826
2170,261.887580825274,39.0867742475821,2200.08519738816,0,0,0.717391304347826
2171,261.93339400929,39.100518202787,2201.09906153442,0,0,0.717391304347826
2172,261.979207193306,39.1142621579918,2202.11292568069,0,0,0.717391304347826
2173,262.037506700687,39.1280013401373,2203.12678982695,0,0,0.717391304347826
2174,262.10618277852,39.1417365557039,2204.14065397321,0,0,0.717391304347826
2175,262.174858856352,39.1554717712705,2205.15451811947,0,0,0.717391304347826
2176,262.24350173942,39.1692003478841,2206.16838226573,0,0,0.717391304347826
2177,262.312125452726,39.1829250905452,2207.18224641199,0,0,0.717391304347826
2178,262.380749166031,39.1966498332062,2208.19611055826,0,0,0.717391304347826
2179,262.449335261905,39.2103670523809,2209.20997470452,0,0,0.717391304347826
2180,262.517906690476,39.2240813380952,2210.22383885078,0,0,0.717391304347826
2181,262.586478119048,39.2377956238095,2211.23770299704,0,0,0.717391304347826
2182,262.655007637038,39.2515015274077,2212.2515671433,0,0,0.717391304347826
2183,262.723526860487,39.2652053720974,2213.26543128957,0,0,0.717391304347826
2184,262.792046083936,39.2789092167872,2214.27929543583,0,0,0.717391304347826
2185,262.860519232598,39.2926038465196,2215.29315958209,0,0,0.717391304347826
2186,262.928986330354,39.3062972660707,2216.30702372835,0,0,0.717391304347826
2187,262.997453428109,39.3199906856219,2217.32088787461,0,0,0.717391304347826
2188,263.082330195962,39.3336728313539,2218.33475202087,0,0,0.717391304347826
2189,263.167840884798,39.3473545415677,2219.34861616714,0,0,0.717391304347826
2190,263.253348392264,39.3610357427622,2220.3624803134,0,0,0.717391304347826
2191,263.338777912909,39.3747044660655,2221.37634445966,0,0,0.717391304347826
2192,263.424207433555,39.3883731893687,2222.39020860592,0,0,0.717391304347826
2193,263.509627815315,39.4020404504504,2223.40407275218,0,0,0.717391304347826
2194,263.594976321716,39.4156962114746,2224.41793689845,0,0,0.717391304347826
2195,263.680324828117,39.4293519724988,2225.43180104471,0,0,0.717391304347826
2196,263.765658485315,39.4430053576504,2226.44566519097,0,0,0.717391304347826
2197,263.85092613098,39.4566481809569,2227.45952933723,0,0,0.717391304347826
2198,263.936193776646,39.4702910042634,2228.47339348349,0,0,0.717391304347826
2199,264.0342960352,39.48392960352,2229.48725762975,0,0,0.717391304347826
2200,264.170556443982,39.4975556443981,2230.50112177602,0,0,0.717391304347826
2201,264.306816852763,39.5111816852763,2231.51498592228,0,0,0.717391304347826
2202,264.443012140967,39.5248012140967,2232.52885006854,0,0,0.717391304347826
2203,264.579066562736,39.5384066562736,2233.5427142148,0,0,0.717391304347826
2204,264.715120984505,39.5520120984505,2234.55657836106,0,0,0.717391304347826
2205,264.851098160377,39.5656098160377,2235.57044250733,0,0,0.717391304347826
2206,264.986947216981,39.5791947216981,2236.58430665359,0,0,0.717391304347826
2207,265.122796273585,39.5927796273585,2237.59817079985,0,0,0.717391304347826
2208,265.258556942351,39.6063556942351,2238.61203494611,0,0,0.717391304347826
2209,265.394201252826,39.6199201252826,2239.62589909237,0,0,0.717391304347826
2210,265.5298455633,39.63348455633,2240.63976323863,0,0,0.717391304347826
2211,265.66539131866,39.647039131866,2241.6536273849,0,0,0.717391304347826
2212,265.800831499247,39.6605831499247,2242.66749153116,0,0,0.717391304347826
2213,265.936271679834,39.6741271679834,2243.68135567742,0,0,0.717391304347826
2214,265.691901737609,39.6876889594558,2244.69521982368,0,0,0.717391304347826
2215,265.110005185885,39.7012665456627,2245.70908396994,0,0,0.717391304347826
2216,264.528108634161,39.7148441318696,2246.72294811621,0,0,0.717391304347826
2217,263.94400274055,39.7284732693872,2247.73681226247,0,0,0.717391304347826
2218,263.35831944337,39.742139212988,2248.75067640873,0,0,0.717391304347826
2219,262.772636146189,39.7558051565889,2249.76454055499,0,0,0.717391304347826
2220,262.184434449081,39.7695298628548,2250.77840470125,0,0,0.717391304347826
2221,261.594914798426,39.7832853213701,2251.79226884751,0,0,0.717391304347826
2222,261.005395147771,39.7970407798853,2252.80613299378,0,0,0.717391304347826
2223,260.272004621232,39.8108695383579,2253.81999714004,0,0,0.717391304347826
2224,259.490277895744,39.8247229233666,2254.8338612863,0,0,0.717391304347826
2225,258.708551170255,39.8385763083752,2255.84772543256,0,0,0.717391304347826
2226,257.756271043937,39.8525532708009,2256.86158957882,0,0,0.714115959021496
2227,256.77648877333,39.866550160381,2257.87545372509,0,0,0.710312456418205
2228,255.79667025354,39.8805475678066,2258.88931787135,0,0,0.706521739130435
2229,254.806104215804,39.8946985112028,2259.90318201761,0,0,0.706521739130435
2230,253.815538178069,39.908849454599,2260.91704616387,0,0,0.706521739130435
2231,252.873789434526,39.9230242113095,2261.93091031013,0,0,0.706521739130435
2232,252.15950372024,39.9373099255952,2262.94477445639,0,0,0.706521739130435
2233,251.445218005954,39.9515956398809,2263.95863860266,0,0,0.706521739130435
2234,250.728779750002,39.965924405,2264.97250274892,0,0,0.706521739130435
2235,250.008779750002,39.980324405,2265.98636689518,0,0,0.706521739130435
2236,249.288779750002,39.994724405,2267.00023104144,0,0,0.706521739130435
2237,248.56530216734,40.0091939566532,2268.0140951877,0,0,0.706521739130435
2238,247.839495715727,40.0237100856854,2269.02795933397,0,0,0.706521739130435
2239,247.113689264114,40.0382262147177,2270.04182348023,0,0,0.706521739130435
2240,246.382906250002,40.052841875,2271.05568762649,0,0,0.706521739130435
2241,245.651198932928,40.0674760213414,2272.06955177275,0,0,0.706521739130435
2242,244.918831711067,40.0821233657787,2273.08341591901,0,0,0.706521739130435
2243,244.181126793034,40.0968774641393,2274.09728006527,0,0,0.706521739130435
2244,243.443421875002,40.1116315625,2275.11114421154,0,0,0.706521739130435
2245,242.643647332508,40.1264392111249,2276.1250083578,0,0,0.706521739130435
2246,241.750347084369,40.1413275485938,2277.13887250406,0,0,0.706521739130435
2247,240.85704683623,40.1562158860628,2278.15273665032,0,0,0.706521739130435
2248,239.957368107771,40.1712105315371,2279.16660079658,0,0,0.706521739130435
2249,239.055112468674,40.1862481255221,2280.18046494285,0,0,0.706521739130435
2250,238.152379430382,40.2012936761603,2281.19432908911,0,0,0.706521739130435
2251,237.240987025318,40.216483549578,2282.20819323537,0,0,0.706521739130435
2252,236.329594620255,40.2316734229957,2283.22205738163,0,0,0.706521739130435
2253,235.414296355501,40.246928394075,2284.23592152789,0,0,0.706521739130435
2254,234.493580242969,40.2622736626172,2285.24978567416,0,0,0.706521739130435
2255,233.572864130437,40.2776189311594,2286.26364982042,0,0,0.706521739130435
2256,232.644418281656,40.2930930286391,2287.27751396668,0,0,0.706521739130435
2257,231.714185723516,40.3085969046081,2288.29137811294,0,0,0.706521739130435
2258,230.854717419636,40.3241320645091,2289.3052422592,0,0,0.706521739130435
2259,230.229174413555,40.3397706396611,2290.31910640546,0,0,0.706521739130435
2260,229.603631407473,40.3554092148132,2291.33297055173,0,0,0.706521739130435
2261,228.975135389328,40.3711216152668,2292.34683469799,0,0,0.706521739130435
2262,228.345214129485,40.3868696467629,2293.36069884425,0,0,0.706521739130435
2263,227.693322774352,40.402633544513,2294.37456299051,0,0,0.706521739130435
2264,226.900021760689,40.4184995647862,2295.38842713677,0,0,0.706521739130435
2265,226.106720747027,40.4343655850595,2296.40229128304,0,0,0.706521739130435
2266,225.210124332148,40.4503312611309,2297.4161554293,0,0,0.706521739130435
2267,224.248414626003,40.4663597562333,2298.43001957556,0,0,0.706521739130435
2268,223.285481210623,40.4824086464896,2299.44388372182,0,0,0.706521739130435
2269,222.313384000902,40.4986102666516,2300.45774786808,0,0,0.706521739130435
2270,221.341286791181,40.5148118868137,2301.47161201434,0,0,0.706521739130435
2271,220.557891512113,40.5311106037093,2302.48547616061,0,0,0.706521739130435
2272,219.876589468207,40.547461852763,2303.49934030687,0,0,0.706521739130435
2273,219.194234442539,40.5638383733791,2304.51320445313,0,0,0.706521739130435
2274,218.507735586703,40.5803143459191,2305.52706859939,0,0,0.706521739130435
2275,217.821236730868,40.5967903184592,2306.54093274565,0,0,0.706521739130435
2276,217.130649260186,40.6133644177555,2307.55479689191,0,0,0.706521739130435
2277,216.438873702922,40.6299670311299,2308.56866103818,0,0,0.706521739130435
2278,215.693929941862,40.6466214011628,2309.58252518444,0,0,0.706521739130435
2279,214.856720639536,40.6633655872093,2310.5963893307,0,0,0.706521739130435
2280,214.019511337211,40.6801097732558,2311.61025347696,0,0,0.706521739130435
2281,213.17462411972,40.6970075176056,2312.62411762322,0,0,0.706521739130435
2282,212.329553697184,40.7139089260563,2313.63798176949,0,0,0.706521739130435
2283,211.479596860191,40.7309080627962,2314.65184591575,0,0,0.706521739130435
2284,210.62651629147,40.7479696741706,2315.66571006201,0,0,0.706521739130435
2285,209.771267643542,40.7650746471292,2316.67957420827,0,0,0.706521739130435
2286,208.910023624403,40.7822995275119,2317.69343835453,0,0,0.706521739130435
2287,208.048779605264,40.7995244078947,2318.7073025008,0,0,0.706521739130435
2288,207.344065427331,40.8168983643167,2319.72116664706,0,0,0.706521739130435
2289,206.648749154998,40.834281271125,2320.73503079332,0,0,0.706521739130435
2290,206.062959001458,40.8517346999514,2321.74889493958,0,0,0.706521739130435
2291,205.538177660351,40.8692274113216,2322.76275908584,0,0,0.706521739130435
2292,205.012301869502,40.8867566043499,2323.7766232321,0,0,0.706521739130435
2293,204.484442631966,40.9043519122678,2324.79048737837,0,0,0.706521739130435
2294,203.970913433203,40.9219543283399,2325.80435152463,0,0,0.706521739130435
2295,203.6172788556,40.93963605722,2326.81821567089,0,0,0.706521739130435
2296,203.263644277997,40.9573177861002,2327.83207981715,0,0,0.706521739130435
2297,202.908865754438,40.9750567122781,2328.84594396341,0,0,0.706521739130435
2298,202.553836168639,40.992808191568,2329.85980810968,0,0,0.706521739130435
2299,202.046254427793,41.0106070163488,2330.87367225594,0,0,0.706521739130435
2300,201.422028517464,41.0284420423582,2331.8875364022,0,0,0.706521739130435
2301,200.708474687501,41.04633050625,2332.90140054846,0,0,0.706521739130435
2302,199.808474687501,41.06433050625,2333.91526469472,0,0,0.706521739130435
2303,198.907550189394,41.0823489962121,2334.92912884098,0,0,0.706521739130435
2304,197.998459280304,41.1005308143939,2335.94299298725,0,0,0.706521739130435
2305,197.089368371213,41.1187126325757,2336.95685713351,0,0,0.706521739130435
2306,196.669776068159,41.1370111965921,2337.97072127977,0,0,0.706521739130435
2307,196.303550228891,41.1553224885554,2338.98458542603,0,0,0.706521739130435
2308,195.936251149132,41.1736874425434,2339.99844957229,0,0,0.706521739130435
2309,195.568528983657,41.1920735508171,2341.01231371856,0,0,0.706521739130435
2310,195.049712374904,41.2105082178599,2342.02617786482,0,0,0.706521739130435
2311,194.403061104696,41.2289839684372,2343.04004201108,0,0,0.706521739130435
2312,193.648678432643,41.2475264313471,2344.05390615734,0,0,0.706521739130435
2313,192.716035945597,41.2661792810881,2345.0677703036,0,0,0.706521739130435
2314,191.781125327226,41.2848774934555,2346.08163444986,0,0,0.706521739130435
2315,190.838716950263,41.3037256609947,2347.09549859613,0,0,0.706521739130435
2316,189.916257663849,41.3225935584038,2348.10936274239,0,0,0.706521739130435
2317,189.155158298098,41.3416210425475,2349.12322688865,0,0,0.706521739130435
2318,188.394008262261,41.3606497934435,2350.13709103491,0,0,0.706521739130435
2319,187.626417643924,41.3798395589019,2351.15095518117,0,0,0.706521739130435
2320,186.858827025587,41.3990293243603,2352.16481932744,0,0,0.706521739130435
2321,186.174665177372,41.4183667092179,2353.1786834737,0,0,0.706521739130435
2322,185.497427875572,41.4377163464122,2354.19254761996,0,0,0.706521739130435
2323,184.899658887988,41.4571780370671,2355.20641176622,0,0,0.706521739130435
2324,184.315243303572,41.4766585565476,2356.22027591248,0,0,0.706521739130435
2325,183.727761233661,41.4962412922113,2357.23414005874,0,0,0.706521739130435
2326,183.139525939543,41.5158491353486,2358.24800420501,0,0,0.706521739130435
2327,182.397123765094,41.5355719058726,2359.26186835127,0,0,0.706521739130435
2328,181.606783479693,41.5553304130077,2360.27573249753,0,0,0.706521739130435
2329,180.811273255815,41.5752181686046,2361.28959664379,0,0,0.706521739130435
2330,180.013931063124,41.5951517234219,2362.30346079005,0,0,0.706521739130435
2331,179.28509609746,41.6152115400726,2363.31732493632,0,0,0.706521739130435
2332,178.581382051104,41.6353176556827,2364.33118908258,0,0,0.706521739130435
2333,177.949139271654,41.6555286909449,2365.34505322884,0,0,0.706521739130435
2334,177.341715199663,41.6757761600112,2366.3589173751,0,0,0.706521739130435
2335,176.731126627973,41.6961291124009,2367.37278152136,0,0,0.706521739130435
2336,176.119575099095,41.7165141633635,2368.38664566762,0,0,0.706521739130435
2337,175.835261589875,41.7369738410125,2369.40050981389,0,0,0.706521739130435
2338,175.630483432878,41.7574516567121,2370.41437396015,0,0,0.706521739130435
2339,175.425307796465,41.7779692203535,2371.42823810641,0,0,0.706521739130435
2340,175.220062642531,41.7984937357468,2372.44210225267,0,0,0.706521739130435
2341,174.828576186392,41.8190711906804,2373.45596639893,0,0,0.706521739130435
2342,174.416912378502,41.8396543810749,2374.4698305452,0,0,0.706521739130435
2343,173.804125215766,41.8603624928078,2375.48369469146,0,0,0.706521739130435
2344,173.182601173233,41.8810799608922,2376.49755883772,0,0,0.706521739130435
2345,172.556876955389,41.9019374348204,2377.51142298398,0,0,0.706521739130435
2346,171.884180921053,41.9228163815789,2378.52528713024,0,0,0.706521739130435
2347,170.831549342106,41.9438690131579,2379.5391512765,0,0,0.706521739130435
2348,169.776301405326,41.9649739718935,2380.55301542277,0,0,0.706521739130435
2349,168.71121264793,41.9862757470414,2381.56687956903,0,0,0.706521739130435
2350,167.795625587356,42.0076531044425,2382.58074371529,0,0,0.706521739130435
2351,167.180503844511,42.0291823654421,2383.59460786155,0,0,0.706521739130435
2352,166.783983910209,42.0507422525707,2384.60847200781,0,0,0.706521739130435
2353,166.629742264965,42.0723360829049,2385.62233615408,0,0,0.706521739130435
2354,166.475335936542,42.0939529688841,2386.63620030034,0,0,0.710177437196769
2355,166.320829498774,42.1155838701717,2387.6500644466,0,0,0.716055399503181
2356,166.166117745056,42.1372435156922,2388.66392859286,0,0,0.717391304347826
2357,166.011345604041,42.1589116154342,2389.67779273912,0,0,0.717391304347826
2358,165.534930123141,42.1806530279972,2390.69165688538,0,0,0.717391304347826
2359,165.032825489756,42.2024108954439,2391.70552103165,0,0,0.717391304347826
2360,164.528152592559,42.2242800543224,2392.71938517791,0,0,0.717391304347826
2361,164.022744546161,42.2461810696663,2393.73324932417,0,0,0.717391304347826
2362,163.515225749169,42.2681735508694,2394.74711347043,0,0,0.717391304347826
2363,163.006441948706,42.2902208488894,2395.76097761669,0,0,0.717391304347826
2364,162.496044973281,42.3123380511578,2396.77484176296,0,0,0.717391304347826
2365,161.983811243236,42.3345348461264,2397.78870590922,0,0,0.717391304347826
2366,161.470503258445,42.356778192134,2398.80257005548,0,0,0.717391304347826
2367,160.954743533056,42.3791277802342,2399.81643420174,0,0,0.717391304347826
2368,160.455749652512,42.4015033935647,2400.830298348,0,0,0.717391304347826
2369,160.32608222545,42.4239790809221,2401.84416249426,0,0,0.717391304347826
2370,160.299354577679,42.4464440633988,2402.85802664053,0,0,0.717391304347826
2371,160.558223225809,42.4688793462368,2403.87189078679,0,0,0.717391304347826
2372,160.816733984318,42.4912836119742,2404.88575493305,0,0,0.717391304347826
2373,161.074860179346,42.5136545488767,2405.89961907931,0,0,0.717391304347826
2374,161.332474057252,42.5359810849619,2406.91348322557,0,0,0.717391304347826
2375,161.589862045813,42.5582880439704,2407.92734737184,0,0,0.717391304347826
2376,161.846588821201,42.5805376978375,2408.9412115181,0,0,0.717391304347826
2377,162.103167970744,42.6027745574644,2409.95507566436,0,0,0.717391304347826
2378,162.35909214136,42.6249546522512,2410.96893981062,0,0,0.717391304347826
2379,162.614799237949,42.6471159339556,2411.98280395688,0,0,0.717391304347826
2380,162.869997725662,42.669233136224,2412.99666810315,0,0,0.717391304347826
2381,163.231569219843,42.6913065635927,2414.01053224941,0,0,0.717391304347826
2382,163.703597191871,42.7133345356206,2415.02439639567,0,0,0.717391304347826
2383,164.173963517081,42.7352849641304,2416.03826054193,0,0,0.713373651051522
2384,164.643528734472,42.7571980076087,2417.05212468819,0,0,0.707419019671547
2385,165.111024012914,42.779014453936,2418.06598883445,0,0,0.706521739130435
2386,165.579453002667,42.8008120612148,2419.07985298072,0,0,0.706521739130435
2387,166.136968274112,42.8224932106599,2420.09371712698,0,0,0.706521739130435
2388,166.709467927632,42.8441489309211,2421.10758127324,0,0,0.706521739130435
2389,167.355400941986,42.8656800313995,2422.1214454195,0,0,0.706521739130435
2390,167.999899272565,42.8871633090855,2423.13530956576,0,0,0.706521739130435
2391,168.641229438836,42.9085409812945,2424.14917371203,0,0,0.706521739130435
2392,169.187261068477,42.9298630534239,2425.16303785829,0,0,0.706521739130435
2393,169.612290584416,42.9511145292208,2426.17690200455,0,0,0.706521739130435
2394,170.036204612221,42.972310230611,2427.19076615081,0,0,0.706521739130435
2395,170.459236339601,42.99346181698,2428.20463029707,0,0,0.706521739130435
2396,170.951081737796,43.0145432695118,2429.21849444333,0,0,0.706521739130435
2397,171.477243678749,43.03558974715,2430.2323585896,0,0,0.706521739130435
2398,172.080853876307,43.0565284625436,2431.24622273586,0,0,0.706521739130435
2399,172.708031576655,43.0774343858885,2432.26008688212,0,0,0.706521739130435
2400,173.331505406574,43.0982168468858,2433.27395102838,0,0,0.706521739130435
2401,173.954342776817,43.1189780925605,2434.28781517464,0,0,0.706521739130435
2402,174.763409897025,43.1395852474256,2435.30167932091,0,0,0.706521739130435
2403,175.587208524028,43.1601802131007,2436.31554346717,0,0,0.706521739130435
2404,176.403651077098,43.1805912769274,2437.32940761343,0,0,0.706521739130435
2405,177.217328146951,43.2009950899129,2438.34327175969,0,0,0.706521739130435
2406,177.92539220989,43.2212254917112,2439.35713590595,0,0,0.706521739130435
2407,178.628476771763,43.2414492257254,2440.37100005221,0,0,0.706521739130435
2408,179.231155343192,43.2615385114397,2441.38486419848,0,0,0.706521739130435
2409,179.833608855321,43.2816202951774,2442.39872834474,0,0,0.706521739130435
2410,180.432278478381,43.3015759492794,2443.412592491,0,0,0.706521739130435
2411,181.040946369637,43.3215236592409,2444.42645663726,0,0,0.706521739130435
2412,181.833025577558,43.3413256394389,2445.44032078352,0,0,0.706521739130435
2413,182.624885768811,43.3611221442203,2446.45418492979,0,0,0.706521739130435
2414,183.410054798255,43.3807513699564,2447.46804907605,0,0,0.706521739130435
2415,184.195223827699,43.4003805956925,2448.48191322231,0,0,0.706521739130435
2416,184.780546444024,43.4198515481341,2449.49577736857,0,0,0.706521739130435
2417,185.364645957274,43.4393215319091,2450.50964151483,0,0,0.706521739130435
2418,185.764058261572,43.4587029130786,2451.52350566109,0,0,0.706521739130435
2419,186.1515717169,43.478078585845,2452.53736980736,0,0,0.706521739130435
2420,186.537631430868,43.4973815715434,2453.55123395362,0,0,0.706521739130435
2421,186.923483520901,43.516674176045,2454.56509809988,0,0,0.706521739130435
2422,187.46153005064,43.5358843350213,2455.57896224614,0,0,0.706521739130435
2423,188.037223014393,43.5550741004798,2456.5928263924,0,0,0.706521739130435
2424,188.610291512182,43.5741763837394,2457.60669053867,0,0,0.706521739130435
2425,189.182325410488,43.5932441803496,2458.62055468493,0,0,0.706521739130435
2426,189.693511614899,43.612240464596,2459.63441883119,0,0,0.706521739130435
2427,190.167320511977,43.6311928204791,2460.64828297745,0,0,0.706521739130435
2428,190.592044156185,43.6501022078092,2461.66214712371,0,0,0.706521739130435
2429,190.969402646751,43.6689701323375,2462.67601126997,0,0,0.706521739130435
2430,191.34614835595,43.6878074177975,2463.68987541624,0,0,0.706521739130435
2431,191.721931236952,43.7065965618476,2464.7037395625,0,0,0.706521739130435
2432,192.097307822246,43.7253653911123,2465.71760370876,0,0,0.706521739130435
2433,192.471528196466,43.7440764098233,2466.73146785502,0,0,0.706521739130435
2434,192.845559135611,43.7627779567805,2467.74533200128,0,0,0.706521739130435
2435,193.218229943064,43.7814114971532,2468.75919614755,0,0,0.706521739130435
2436,193.590900750518,43.8000450375259,2469.77306029381,0,0,0.706521739130435
2437,193.871624226605,43.8186082817737,2470.78692444007,0,0,0.706521739130435
2438,194.150046500387,43.8371697666925,2471.80078858633,0,0,0.706521739130435
2439,194.351959940844,43.8556959940844,2472.81465273259,0,0,0.706521739130435
2440,194.537145126029,43.8742145126029,2473.82851687885,0,0,0.706521739130435
2441,194.72207911961,43.892707911961,2474.84238102512,0,0,0.706521739130435
2442,194.906884047741,43.9111884047741,2475.85624517138,0,0,0.706521739130435
2443,194.632110968074,43.9296972257982,2476.87010931764,0,0,0.706521739130435
2444,193.890607363542,43.9482348159114,2477.8839734639,0,0,0.706521739130435
2445,193.147019470405,43.9668245132399,2478.89783761016,0,0,0.706521739130435
2446,192.399355919003,43.9855161020249,2479.91170175643,0,0,0.706521739130435
2447,191.57543985849,44.0042426690252,2480.92556590269,0,0,0.706521739130435
2448,190.443364386792,44.0231105935535,2481.93943004895,0,0,0.706521739130435
2449,189.279829073481,44.0420021365815,2482.95329419521,0,0,0.706521739130435
2450,187.746282747603,44.061171465655,2483.96715834147,0,0,0.706521739130435
2451,186.212736421724,44.0803407947284,2484.98102248773,0,0,0.706521739130435
2452,184.652827193932,44.0998396600758,2485.994886634,0,0,0.706521739130435
2453,183.092697183097,44.1193412852113,2487.00875078026,0,0,0.706521739130435
2454,181.882474834983,44.1391254194169,2488.02261492652,0,0,0.706521739130435
2455,180.694356023101,44.158927399615,2489.03647907278,0,0,0.706521739130435
2456,179.49160493311,44.1789732511148,2490.05034321904,0,0,0.706521739130435
2457,178.287591555183,44.1990401407469,2491.06420736531,0,0,0.706521739130435
2458,177.163029829144,44.2193540031065,2492.07807151157,0,0,0.706521739130435
2459,176.044701673256,44.2396872423044,2493.09193565783,0,0,0.706521739130435
2460,175.0125425,44.26024915,2494.10579980409,0,0,0.706521739130435
2461,173.983785765896,44.2808242846821,2495.11966395035,0,0,0.706521739130435
2462,172.94332333815,44.301633533237,2496.13352809661,0,0,0.706521739130435
2463,171.92147167056,44.322463208236,2497.14739224288,0,0,0.706521739130435
2464,171.080350175233,44.3434912456192,2498.16125638914,0,0,0.706521739130435
2465,170.237711969339,44.3645572007665,2499.1751205354,0,0,0.706521739130435
2466,169.388655365566,44.3857836158609,2500.18898468166,0,0,0.706521739130435
2467,168.53711875,44.40707203125,2501.20284882792,0,0,0.706521739130435
2468,167.679975892857,44.4285006026786,2502.21671297419,0,0,0.706521739130435
2469,166.819206430288,44.4500198392428,2503.23057712045,0,0,0.706521739130435
2470,165.953821814903,44.4716544546274,2504.24444126671,0,0,0.706521739130435
2471,165.083470570388,44.4934132357403,2505.25830541297,0,0,0.706521739130435
2472,164.209684162621,44.5152578959345,2506.27216955923,0,0,0.706521739130435
2473,163.329386948529,44.5372653262868,2507.28603370549,0,0,0.706521739130435
2474,162.447034007353,44.5593241498162,2508.29989785176,0,0,0.706521739130435
2475,161.556410581683,44.5815897354579,2509.31376199802,0,0,0.706521739130435
2476,160.64692368709,44.6039016958425,2510.32762614428,0,0,0.706521739130435
2477,159.634107181932,44.6264087292904,2511.34149029054,0,0,0.706521739130435
2478,158.574018591772,44.6490196281646,2512.3553544368,0,0,0.706521739130435
2479,157.434778085443,44.6718044382911,2513.36921858307,0,0,0.706521739130435
2480,156.286506009615,44.6947698798077,2514.38308272933,0,0,0.706521739130435
2481,155.132659855769,44.7178468028846,2515.39694687559,0,0,0.706521739130435
2482,154.173514591439,44.741162135214,2516.41081102185,0,0,0.706521739130435
2483,153.237981323721,44.764550466907,2517.42467516811,0,0,0.706521739130435
2484,152.29433781127,44.7881415547182,2518.43853931437,0,0,0.706521739130435
2485,151.345933443708,44.8118516639073,2519.45240346064,0,0,0.706521739130435
2486,150.392291059602,44.83569272351,2520.4662676069,0,0,0.706521739130435
2487,149.430494979919,44.859737625502,2521.48013175316,0,0,0.706521739130435
2488,148.4651958728,44.88387010318,2522.49399589942,0,0,0.706521739130435
2489,147.490906292286,44.9082273426929,2523.50786004568,0,0,0.706521739130435
2490,146.633995645491,44.9327001451503,2524.52172419195,0,0,0.706521739130435
2491,145.896290727458,44.9572903090847,2525.53558833821,0,0,0.706521739130435
2492,145.153284865702,44.9820571711433,2526.54945248447,0,0,0.712379666071551
2493,144.375800321291,45.006905705106,2527.56331663073,0,0,0.717391304347826
2494,143.500496396317,45.0319143886766,2528.57718077699,0,0,0.717391304347826
2495,142.535926615167,45.0571018346208,2529.59104492326,0,0,0.717391304347826
2496,141.523834872158,45.082404128196,2530.60490906952,0,0,0.717391304347826
2497,140.501107599431,45.1079723100142,2531.61877321578,0,0,0.717391304347826
2498,139.604856258966,45.1336714580344,2532.63263736204,0,0,0.717391304347826
2499,138.830107335006,45.1594964221664,2533.6465015083,0,0,0.717391304347826
2500,138.048892637481,45.185536912084,2534.66036565456,0,0,0.717391304347826
2501,137.264503375912,45.2116832208029,2535.67422980083,0,0,0.717391304347826
2502,136.476182208028,45.2379605930657,2536.68809394709,0,0,0.717391304347826
2503,135.681568206921,45.264447726436,2537.70195809335,0,0,0.717391304347826
2504,134.883484119613,45.2910505293462,2538.71582223961,0,0,0.717391304347826
2505,134.081106705051,45.317796443165,2539.72968638587,0,0,0.717391304347826
2506,133.028197822822,45.3447950544295,2540.74355053214,0,0,0.717391304347826
2507,131.941610562309,45.3719597359423,2541.7574146784,0,0,0.717391304347826
2508,130.847385638297,45.3993153590426,2542.77127882466,0,0,0.717391304347826
2509,130.005818312836,45.4269727229055,2543.78514297092,0,0,0.717391304347826
2510,129.315154605263,45.4547422697369,2544.79900711718,0,0,0.717391304347826
2511,128.757616627725,45.4826191686137,2545.81287126344,0,0,0.717391304347826
2512,128.196868964174,45.5106565517913,2546.82673540971,0,0,0.717391304347826
2513,127.449897664835,45.5388367445055,2547.84059955597,0,0,0.717391304347826
2514,126.600292888272,45.5671569037243,2548.85446370223,0,0,0.717391304347826
2515,125.744508419175,45.5956830526942,2549.86832784849,0,0,0.717391304347826
2516,124.881895699999,45.62443681,2550.88219199475,0,0,0.717391304347826
2517,124.014191942649,45.6533602685784,2551.89605614101,0,0,0.717391304347826
2518,123.141247654975,45.6824584115008,2552.90992028728,0,0,0.717391304347826
2519,122.260334115007,45.7118221961664,2553.92378443354,0,0,0.717391304347826
2520,121.582878083881,45.7413560958059,2554.9376485798,0,0,0.717391304347826
2521,120.989387210264,45.7710306394868,2555.95151272606,0,0,0.717391304347826
2522,120.393316458333,45.8008341770834,2556.96537687232,0,0,0.717391304347826
2523,119.793316458333,45.8308341770834,2557.97924101859,0,0,0.717391304347826
2524,119.19058703859,45.8609706480705,2558.99310516485,0,0,0.717391304347826
2525,118.585118032094,45.8912440983953,2560.00696931111,0,0,0.717391304347826
2526,117.985551884288,45.9216558492569,2561.02083345737,0,0,0.717077214875841
2527,117.603386279193,45.9522290976646,2562.03469760363,0,0,0.708769266938969
2528,117.22003184968,45.9828974520256,2563.0485617499,0,0,0.706521739130435
2529,116.835535198072,46.0136571841542,2564.06242589616,0,0,0.706521739130435
2530,116.449881586021,46.0445094731183,2565.07629004242,0,0,0.706521739130435
2531,116.062784811827,46.0754772150538,2566.09015418868,0,0,0.706521739130435
2532,115.253440284652,46.1066295900372,2567.10401833494,0,0,0.706521739130435
2533,114.357403258927,46.1379908859375,2568.1178824812,0,0,0.706521739130435
2534,113.454808486651,46.1695817029672,2569.13174662747,0,0,0.708989593197611
2535,112.553911082966,46.2014083142166,2570.14561077373,0,0,0.717391304347826
2536,111.934526644045,46.2335245443829,2571.15947491999,0,0,0.717391304347826
2537,111.547481966846,46.2657518033154,2572.17333906625,0,0,0.717391304347826
2538,111.224271470323,46.2980728529676,2573.18720321251,0,0,0.717391304347826
2539,111.099469536871,46.3304469536871,2574.20106735878,0,0,0.717391304347826
2540,111.423127352151,46.3628127352151,2575.21493150504,0,0,0.717391304347826
2541,111.745707997312,46.3950707997312,2576.2287956513,0,0,0.717391304347826
2542,112.124553473507,46.4272279331123,2577.24265979756,0,0,0.717391304347826
2543,112.5538924719,46.459272473033,2578.25652394382,0,0,0.717391304347826
2544,113.009969494048,46.4911978645834,2579.27038809008,0,0,0.717391304347826
2545,113.46433432789,46.5230034029523,2580.28425223635,0,0,0.717391304347826
2546,113.916595634422,46.5546616944096,2581.29811638261,0,0,0.717391304347826
2547,114.321236460613,46.586198916849,2582.31198052887,0,0,0.717391304347826
2548,114.714172249456,46.6176337799564,2583.32584467513,0,0,0.717391304347826
2549,115.105867814534,46.6489694251627,2584.33970882139,0,0,0.717391304347826
2550,115.496323345987,46.680205867679,2585.35357296766,0,0,0.717391304347826
2551,115.88510812635,46.711308650108,2586.36743711392,0,0,0.717391304347826
2552,116.435756228523,46.7422878114261,2587.38130126018,0,0,0.717391304347826
2553,117.05257700512,46.773128850256,2588.39516540644,0,0,0.717391304347826
2554,117.666457838983,46.8038228919492,2589.4090295527,0,0,0.717391304347826
2555,118.276627330509,46.8343313665254,2590.42289369896,0,0,0.717391304347826
2556,118.883518728957,46.8646759364478,2591.43675784523,0,0,0.717391304347826
2557,119.487642349499,46.8948821174749,2592.45062199149,0,0,0.717391304347826
2558,120.044600769551,46.9249600769551,2593.46448613775,0,0,0.717391304347826
2559,120.344101601498,46.9549101601498,2594.47835028401,0,0,0.717391304347826
2560,120.642794465174,46.9847794465174,2595.49221443027,0,0,0.717391304347826
2561,121.011164962825,47.0145776641884,2596.50607857654,0,0,0.717391304347826
2562,121.475878694581,47.0442939347291,2597.5199427228,0,0,0.717391304347826
2563,122.067011699507,47.0738505849754,2598.53380686906,0,0,0.717391304347826
2564,122.655155179445,47.1032577589723,2599.54767101532,0,0,0.717391304347826
2565,123.120625101461,47.1325625101461,2600.56153516158,0,0,0.717391304347826
2566,123.412791363269,47.1617791363269,2601.57539930784,0,0,0.717391304347826
2567,123.704053499191,47.1909053499191,2602.58926345411,0,0,0.717391304347826
2568,124.091910671101,47.2199607114067,2603.60312760037,0,0,0.717391304347826
2569,124.568605969552,47.2489302984776,2604.61699174663,0,0,0.717391304347826
2570,125.145529046475,47.2777764523237,2605.63085589289,0,0,0.717391304347826
2571,125.719124402867,47.3064562201433,2606.64472003915,0,0,0.717391304347826
2572,126.290522349684,47.3350261174842,2607.65858418542,0,0,0.717391304347826
2573,126.859764347485,47.3634882173742,2608.67244833168,0,0,0.717391304347826
2574,127.425802083334,47.3917901041667,2609.68631247794,0,0,0.717391304347826
2575,128.086548467396,47.4199619386958,2610.7001766242,0,0,0.717391304347826
2576,128.825255708205,47.4480085236068,2611.71404077046,0,0,0.717391304347826
2577,129.661169020898,47.4758723006966,2612.72790491672,0,0,0.717391304347826
2578,130.490667465491,47.5035222488497,2613.74176906299,0,0,0.717391304347826
2579,131.315980528116,47.5310326842705,2614.75563320925,0,0,0.717391304347826
2580,132.136649221125,47.5583883073708,2615.76949735551,0,0,0.717391304347826
2581,132.95047467997,47.5855158226657,2616.78336150177,0,0,0.717391304347826
2582,133.760470429105,47.6125156809702,2617.79722564803,0,0,0.717391304347826
2583,134.566440578358,47.6393813526119,2618.8110897943,0,0,0.717391304347826
2584,135.365555011095,47.6660185003698,2619.82495394056,0,0,0.717391304347826
2585,136.161165964076,47.6925388654692,2620.83881808682,0,0,0.717391304347826
2586,136.952954820381,47.718931827346,2621.85268223308,0,0,0.717391304347826
2587,137.49288227802,47.745144113901,2622.86654637934,0,0,0.717391304347826
2588,138.015644175108,47.7712822087554,2623.8804105256,0,0,0.714461356316465
2589,138.53662825615,47.7973314128075,2624.89427467187,0,0,0.707382768258829
2590,139.281977264558,47.8232325754852,2625.90813881813,0,0,0.706521739130435
2591,140.140853840682,47.849021346017,2626.92200296439,0,0,0.706521739130435
2592,141.165035917496,47.8746258979374,2627.93586711065,0,0,0.706521739130435
2593,142.180337904359,47.900008447609,2628.94973125691,0,0,0.711822947719835
2594,143.190848748261,47.9252712187065,2629.96359540318,0,0,0.717391304347826
2595,144.192239568845,47.9503059892211,2630.97745954944,0,0,0.717391304347826
2596,145.187098005502,47.9751774501375,2631.9913236957,0,0,0.717391304347826
2597,146.177469394773,47.9999367348693,2633.00518784196,0,0,0.717391304347826
2598,147.037928164341,48.0244408046955,2634.01905198822,0,0,0.717391304347826
2599,147.8510326417,48.0488677547233,2635.03291613448,0,0,0.717391304347826
2600,148.579777580971,48.073159252699,2636.04678028075,0,0,0.717391304347826
2601,149.304438002008,48.0973146000669,2637.06064442701,0,0,0.717391304347826
2602,150.036101127321,48.121402528183,2638.07450857327,0,0,0.717391304347826
2603,150.991008289124,48.1452752072281,2639.08837271953,0,0,0.717391304347826
2604,151.942283792651,48.1690570948163,2640.10223686579,0,0,0.717391304347826
2605,152.887165682414,48.1926791420604,2641.11610101206,0,0,0.717391304347826
2606,153.903437560857,48.2161319457968,2642.12996515832,0,0,0.717391304347826
2607,154.955044182083,48.2395009818241,2643.14382930458,0,0,0.717391304347826
2608,156.10451963141,48.2625903926282,2644.15769345084,0,0,0.717391304347826
2609,157.255095332278,48.2856019066456,2645.1715575971,0,0,0.717391304347826
2610,158.394335838607,48.3083867167721,2646.18542174336,0,0,0.717391304347826
2611,159.316936325188,48.3310645441729,2647.19928588963,0,0,0.717391304347826
2612,159.993628054511,48.3536209351504,2648.21315003589,0,0,0.717391304347826
2613,160.666809934702,48.3760603311567,2649.22701418215,0,0,0.713162953490025
2614,161.338451725746,48.3984483908582,2650.24087832841,0,0,0.707079241614618
2615,162.206934299815,48.4206733574954,2651.25474247467,0,0,0.706521739130435
2616,163.117713795732,48.4428542759146,2652.26860662094,0,0,0.706521739130435
2617,164.215274771342,48.4648054954268,2653.2824707672,0,0,0.706521739130435
2618,165.309066641567,48.4866813328313,2654.29633491346,0,0,0.706521739130435
2619,166.393403990964,48.5083680798193,2655.31019905972,0,0,0.706521739130435
2620,167.283908338306,48.5299636112769,2656.32406320598,0,0,0.706521739130435
2621,167.92829974642,48.5514433248807,2657.33792735225,0,0,0.706521739130435
2622,168.570041691351,48.572834723045,2658.35179149851,0,0,0.709873566044837
2623,169.209852117891,48.594161737263,2659.36565564477,0,0,0.715668950343208
2624,169.846488455883,48.6153829485294,2660.37951979103,0,0,0.717391304347826
2625,170.48178257353,48.6365594191177,2661.39338393729,0,0,0.717391304347826
2626,171.113452321846,48.6576150773949,2662.40724808355,0,0,0.717391304347826
2627,171.744293443342,48.6786431147781,2663.42111222982,0,0,0.717391304347826
2628,172.371131308005,48.6995377102668,2664.43497637608,0,0,0.717391304347826
2629,172.997581424015,48.7204193808005,2665.44884052234,0,0,0.717391304347826
2630,173.825339758344,48.7411334939586,2666.4627046686,0,0,0.717391304347826
2631,174.653386830104,48.7618346707526,2667.47656881486,0,0,0.717391304347826
2632,175.474367445839,48.782359186146,2668.49043296112,0,0,0.717391304347826
2633,176.294486158194,48.8028621539548,2669.50429710739,0,0,0.717391304347826
2634,177.108045480228,48.8232011370057,2670.51816125365,0,0,0.717391304347826
2635,177.920515397538,48.8435128849384,2671.53202539991,0,0,0.717391304347826
2636,178.726786394179,48.8636696598545,2672.54588954617,0,0,0.717391304347826
2637,179.531875971145,48.8837968992786,2673.55975369243,0,0,0.716495407804728
2638,180.330988068814,48.9037747017203,2674.5736178387,0,0,0.711066657141222
2639,181.053869600184,48.9237321760111,2675.58748198496,0,0,0.706521739130435
2640,181.384751953126,48.9435851171875,2676.60134613122,0,0,0.706521739130435
2641,181.715454937424,48.9634272962454,2677.61521027748,0,0,0.706521739130435
2642,182.045125267095,48.9832075160257,2678.62907442374,0,0,0.706521739130435
2643,182.374644274636,49.0029786564781,2679.64293857001,0,0,0.706521739130435
2644,182.70311142792,49.0226866856752,2680.65680271627,0,0,0.706521739130435
2645,183.056552491831,49.042385083061,2681.67066686253,0,0,0.706521739130435
2646,183.644787785949,49.0619929261983,2682.68453100879,0,0,0.706521739130435
2647,184.232808644481,49.0815936214827,2683.69839515505,0,0,0.706521739130435
2648,184.817224228897,49.1010741409632,2684.71225930131,0,0,0.706521739130435
2649,185.401832518647,49.1205542968488,2685.72612344758,0,0,0.706536493708916
2650,186.054926652894,49.1399052341598,2686.73998759384,0,0,0.711794900586902
2651,186.708020787141,49.1592561714708,2687.7538517401,0,0,0.717053307464892
2652,187.423720250001,49.1784658733334,2688.76771588636,0,0,0.717391304347826
2653,188.143720250001,49.1976658733334,2689.78158003262,0,0,0.717391304347826
2654,188.717000785748,49.2167435055912,2690.79544417889,0,0,0.717391304347826
2655,189.264873478132,49.2357999470655,2691.80930832515,0,0,0.717391304347826
2656,189.685785168599,49.25478925843,2692.82317247141,0,0,0.717391304347826
2657,190.065131849316,49.2737565924658,2693.83703661767,0,0,0.717391304347826
2658,190.443452387199,49.2926726193599,2694.85090076393,0,0,0.717391304347826
2659,190.8212068468,49.31156034234,2695.86476491019,0,0,0.717391304347826
2660,191.296884329333,49.3303961443111,2696.87862905646,0,0,0.717391304347826
2661,191.860558650836,49.3491852883612,2697.89249320272,0,0,0.717391304347826
2662,192.422837331432,49.3679279110478,2698.90635734898,0,0,0.717391304347826
2663,192.983003306536,49.3866001102179,2699.92022149524,0,0,0.717391304347826
2664,193.542283698454,49.4052427899485,2700.9340856415,0,0,0.717391304347826
2665,194.098984729382,49.4237994909794,2701.94794978777,0,0,0.717391304347826
2666,194.655343429816,49.4423447809939,2702.96181393403,0,0,0.717391304347826
2667,195.208622118341,49.4607874039447,2703.97567808029,0,0,0.717391304347826
2668,195.761900806866,49.4792300268955,2704.98954222655,0,0,0.717391304347826
2669,196.312031759166,49.4975677253055,2706.00340637281,0,0,0.717391304347826
2670,196.861929926172,49.5158976642057,2707.01727051907,0,0,0.717391304347826
2671,197.409327112855,49.5341442370952,2708.03113466534,0,0,0.717391304347826
2672,197.955885817309,49.5523628605769,2709.0449988116,0,0,0.717391304347826
2673,198.500618900906,49.5705206300302,2710.05886295786,0,0,0.717391304347826
2674,199.04387845825,49.5886292819417,2711.07272710412,0,0,0.717391304347826
2675,199.586015187501,49.60670050625,2712.08659125038,0,0,0.714021463994563
2676,200.126015187501,49.62470050625,2713.10045539665,0,1,0.704238855298911
2677,200.665621458748,49.6426873819583,2714.11431954291,0,1,0.695652173913043
2678,201.202400782804,49.6605800260935,2715.12818368917,0,1,0.695652173913043
2679,201.73918010686,49.6784726702287,2716.14204783543,0,1,0.695652173913043
2680,202.273137537056,49.6962712512352,2717.15591198169,0,1,0.695652173913043
2681,202.806734375001,49.7140578125,2718.16977612795,0,1,0.695652173913043
2682,203.225772000984,49.7317886000492,2719.18364027422,0,1,0.695652173913043
2683,203.579754301869,49.7494877150934,2720.19750442048,0,1,0.695652173913043
2684,203.933212659158,49.7671606329579,2721.21136856674,0,1,0.695652173913043
2685,204.285808153771,49.7847904076886,2722.225232713,0,1,0.695652173913043
2686,204.657352693809,49.8024117564603,2723.23909685926,0,1,0.695652173913043
2687,205.183925097514,49.8199641699171,2724.25296100553,0,1,0.695652173913043
2688,205.71049750122,49.837516583374,2725.26682515179,1,1,0.695652173913043
2689,206.378528799614,49.8549632199903,2726.28068929805,1,1,0.695652173913043
2690,207.07552783156,49.872388195789,2727.29455344431,1,1,0.695652173913043
2691,207.769664024977,49.8897416006244,2728.30841759057,1,1,0.695652173913043
2692,208.461306676274,49.9070326669068,2729.32228173683,1,1,0.695652173913043
2693,209.151782888466,49.9242945722117,2730.3361458831,1,1,0.695652173913043
2694,209.838150857961,49.941453771449,2731.35001002936,1,1,0.695652173913043
2695,210.524518827456,49.9586129706864,2732.36387417562,1,1,0.695652173913043
2696,211.206263245034,49.9756565811258,2733.37773832188,1,1,0.695652173913043
2697,211.887436376538,49.9926859094135,2734.39160246814,1,1,0.695652173913043
2698,212.520185695,50.0096481627143,2735.40546661441,1,1,0.670793036102454
2699,213.111873884715,50.0265535395633,2736.41933076067,1,1,0.624854512056229
2700,213.688249474791,50.0434416491597,2737.43319490693,1,1,0.58695652173913
2701,214.192451155463,50.0602483718488,2738.44705905319,1,1,0.58695652173913
2702,214.696652836135,50.0770550945378,2739.46092319945,1,1,0.58695652173913
2703,215.198621344012,50.0937873781337,2740.47478734571,1,1,0.58695652173913
2704,215.700014101672,50.1105004700557,2741.48865149198,1,1,0.58695652173913
2705,216.266808348709,50.1271702087177,2742.50251563824,1,1,0.58695652173913
2706,216.931014990776,50.1437753747694,2743.5163797845,1,1,0.58695652173913
2707,217.595221632842,50.1603805408211,2744.53024393076,1,1,0.58695652173913
2708,218.254597298535,50.1768649324634,2745.54410807702,1,1,0.58695652173913
2709,218.913937957876,50.1933484489469,2746.55797222329,1,1,0.58695652173913
2710,219.524317089112,50.209766202546,2747.57183636955,1,1,0.58695652173913
2711,220.097174556718,50.2261335587634,2748.58570051581,1,1,0.58695652173913
2712,220.65968823463,50.242489607821,2749.59956466207,1,1,0.58695652173913
2713,221.147934165914,50.2587644721971,2750.61342880833,1,1,0.58695652173913
2714,221.636180097197,50.2750393365733,2751.62729295459,1,1,0.58695652173913
2715,222.122675528328,50.2912558509443,2752.64115710086,1,1,0.58695652173913
2716,222.608287039119,50.307442901304,2753.65502124712,1,1,0.58695652173913
2717,223.06231882274,50.323615941137,2754.66888539338,1,1,0.58695652173913
2718,223.384610675918,50.3397305337959,2755.68274953964,1,1,0.58695652173913
2719,223.706902529096,50.3558451264548,2756.6966136859,1,1,0.58695652173913
2720,224.028376561106,50.3719188280553,2757.71047783217,1,1,0.58695652173913
2721,224.349518398751,50.3879759199376,2758.72434197843,1,1,0.58695652173913
2722,224.68799169629,50.4040196678516,2759.73820612469,1,1,0.58695652173913
2723,225.08790282715,50.420016113086,2760.75207027095,1,1,0.58695652173913
2724,225.487813958009,50.4360125583204,2761.76593441721,1,1,0.58695652173913
2725,225.943514754642,50.4519504918214,2762.77979856347,1,1,0.58695652173913
2726,226.420968335544,50.4678656111848,2763.79366270974,1,1,0.58695652173913
2727,226.897902539578,50.4837634179859,2764.807526856,1,1,0.58695652173913
2728,227.372836576517,50.4995945525506,2765.82139100226,1,1,0.58695652173913
2729,227.847770613457,50.5154256871152,2766.83525514852,1,1,0.58695652173913
2730,228.32101066273,50.5312003554243,2767.84911929478,1,1,0.58695652173913
2731,228.793451607612,50.5469483869204,2768.86298344105,1,1,0.58695652173913
2732,229.265548466058,50.5626849488686,2769.87684758731,1,1,0.58695652173913
2733,229.735522356397,50.5783507452132,2770.89071173357,1,1,0.58695652173913
2734,230.205496246736,50.5940165415579,2771.90457587983,1,1,0.58695652173913
2735,230.674039123377,50.6096346374459,2772.91844002609,1,1,0.58695652173913
2736,231.141571590909,50.6252190530303,2773.93230417236,1,1,0.58695652173913
2737,231.609057009044,50.6408019003015,2774.94616831862,1,1,0.58695652173913
2738,232.074173288114,50.6563057762705,2775.96003246488,1,1,0.58695652173913
2739,232.539289567184,50.6718096522394,2776.97389661114,1,1,0.58695652173913
2740,233.003354916453,50.6872784972151,2777.9877607574,1,1,0.57222065822804
2741,233.466079852185,50.7027026617395,2779.00162490366,1,1,0.538689865783682
2742,233.928804787918,50.7181268262639,2780.01548904993,1,1,0.505159073339355
2743,234.389527014067,50.7334842338022,2781.02935319619,1,1,0.5
2744,234.849885070333,50.7488295023444,2782.04321734245,1,1,0.5
2745,235.309682092876,50.7641560697625,2783.05708148871,1,1,0.5
2746,235.767697360051,50.779423245335,2784.07094563497,1,1,0.5
2747,236.225712627227,50.7946904209076,2785.08480978123,1,1,0.5
2748,236.635292387635,50.8099116955054,2786.0986739275,1,1,0.5
2749,237.01511935535,50.825104774214,2787.11253807376,1,1,0.5
2750,237.394946323064,50.8402978529226,2788.12640222002,1,1,0.5
2751,237.69874695122,50.855437347561,2789.14026636628,1,1,0.5
2752,238.001522392767,50.8705761196384,2790.15413051254,1,1,0.5
2753,238.303948134954,50.8856974067477,2791.16799465881,1,1,0.5
2754,238.605708403185,50.9007854201593,2792.18185880507,1,1,0.5
2755,238.907468671417,50.9158734335708,2793.19572295133,1,1,0.5
2756,239.312533545493,50.9309177848498,2794.20958709759,1,1,0.5
2757,239.763284797579,50.945942826586,2795.22345124385,1,1,0.5
2758,240.213966102575,50.9609655367525,2796.23731539012,1,1,0.5
2759,240.662471085964,50.9759157028654,2797.25117953638,1,1,0.5
2760,241.110976069352,50.9908658689784,2798.26504368264,1,1,0.5
2761,241.558690237604,51.0057896745868,2799.2789078289,1,1,0.5
2762,242.004971229339,51.0206657076446,2800.29277197516,1,1,0.5
2763,242.451252221075,51.0355417407025,2801.30663612142,1,1,0.5
2764,242.8960651213,51.0503688373766,2802.32050026769,1,1,0.5
2765,243.340144068668,51.0651714689556,2803.33436441395,1,1,0.5
2766,243.784223016036,51.0799741005345,2804.34822856021,1,1,0.5
2767,244.226199007774,51.0947066335925,2805.36209270647,1,1,0.5
2768,244.668097534779,51.1094365844926,2806.37595685273,1,1,0.5
2769,245.109458621743,51.1241486207248,2807.389820999,1,1,0.5
2770,245.549198035424,51.1388066011808,2808.40368514526,1,1,0.5
2771,245.988937449104,51.1534645816368,2809.41754929152,1,1,0.5
2772,246.427564981767,51.1680854993922,2810.43141343778,1,1,0.5
2773,246.865166278363,51.1826722092788,2811.44527758404,1,1,0.5
2774,247.30276757496,51.1972589191653,2812.4591417303,1,1,0.5
2775,247.682325191571,51.2117930076628,2813.47300587657,1,1,0.5
2776,248.045301598105,51.2263120639242,2814.48687002283,1,0,0.5
2777,248.406599778939,51.2408299889469,2815.50073416909,1,0,0.5
2778,248.695988846463,51.2552994423232,2816.51459831535,1,0,0.5
2779,248.985377913987,51.2697688956994,2817.52846246161,1,0,0.5
2780,249.27452734375,51.2842263671875,2818.54232660788,1,0,0.5
2781,249.562988882212,51.2986494441106,2819.55619075414,1,0,0.5
2782,249.851450420673,51.3130725210337,2820.5700549004,1,0,0.5
2783,250.13946495607,51.3274732478035,2821.58391904666,1,0,0.5
2784,250.427004892173,51.3418502446086,2822.59778319292,1,0,0.5
2785,250.714544828275,51.3562272414137,2823.61164733918,1,0,0.5
2786,251.001441182325,51.3705720591162,2824.62551148545,1,0,0.5
2787,251.288065386147,51.3849032693073,2825.63937563171,1,0,0.5
2788,251.574689589968,51.3992344794984,2826.65323977797,1,0,0.5
2789,251.860484226191,51.4135242113095,2827.66710392423,1,0,0.5
2790,252.146198511905,51.4278099255952,2828.68096807049,1,0,0.5
2791,252.431811807753,51.4420905903877,2829.69483221676,1,0,0.5
2792,252.716621934336,51.4563310967168,2830.70869636302,1,0,0.5
2793,253.001432060918,51.4705716030459,2831.72256050928,1,0,0.5
2794,253.285970130126,51.4847985065063,2832.73642465554,1,0,0.5
2795,253.569881802051,51.4989940901025,2833.7502888018,1,0,0.5
2796,253.853793473975,51.5131896736987,2834.76415294806,1,0,0.5
2797,254.137272110849,51.5273636055425,2835.77801709433,1,0,0.5
2798,254.420290978774,51.5415145489387,2836.79188124059,1,0,0.5
2799,254.703309846698,51.5556654923349,2837.80574538685,1,0,0.5
2800,254.985744612069,51.5697872306035,2838.81960953311,1,0,0.5
2801,255.267876273511,51.5838938136756,2839.83347367937,1,0,0.5
2802,255.550007934953,51.5980003967477,2840.84733782564,1,0,0.5
2803,255.773594525298,51.6120729683532,2841.8612019719,1,0,0.5
2804,255.984573232077,51.6261382154718,2842.87506611816,1,0,0.5
2805,256.195551938855,51.6402034625904,2843.88893026442,1,0,0.5
2806,256.337445446568,51.6542445446568,2844.90279441068,1,0,0.5
2807,256.477851062793,51.6682851062793,2845.91665855694,1,0,0.5
2808,256.618228241823,51.6823228241823,2846.93052270321,1,0,0.5
2809,256.75841515771,51.696341515771,2847.94438684947,1,0,0.5
2810,256.898602073598,51.7103602073598,2848.95825099573,1,0,0.5
2811,257.077397144522,51.7243698572261,2849.97211514199,1,0,0.5
2812,257.357117424243,51.7383558712121,2850.98597928825,1,0,0.5
2813,257.636837703963,51.7523418851981,2851.99984343452,1,0,0.5
2814,257.916196843532,51.7663098421766,2853.01370758078,1,0,0.5
2815,258.195050445391,51.7802525222696,2854.02757172704,1,0,0.5
2816,258.473904047251,51.7941952023625,2855.0414358733,1,0,0.5
2817,258.752285810811,51.8081142905406,2856.05530001956,1,0,0.5
2818,259.030278088803,51.8220139044402,2857.06916416582,1,0,0.5
2819,259.308270366796,51.8359135183398,2858.08302831209,1,0,0.5
2820,259.58568908776,51.849784454388,2859.09689245835,1,0,0.5
2821,259.862825346421,51.863641267321,2860.11075660461,1,0,0.5
2822,260.139961605081,51.877498080254,2861.12462075087,1,0,0.5
2823,260.416431408289,51.8913215704144,2862.13848489713,1,0,0.5
2824,260.6927169033,51.905135845165,2863.1523490434,1,0,0.5
2825,260.969002398312,51.9189501199156,2864.16621318966,1,0,0.5
2826,261.24453720352,51.932726860176,2865.18007733592,1,0,0.5
2827,261.519977142311,51.9464988571155,2866.19394148218,1,0,0.5
2828,261.795417081102,51.9602708540551,2867.20780562844,1,0,0.5
2829,262.070030606407,51.9740015303204,2868.2216697747,1,0,0.5
2830,262.344630148742,51.9877315074371,2869.23553392097,1,0,0.5
2831,262.619171197719,52.0014585598859,2870.24939806723,1,0,0.5
2832,262.892935456274,52.0151467728137,2871.26326221349,1,0,0.5
2833,263.166699714829,52.0288349857415,2872.27712635975,1,0,0.5
2834,263.44034126232,52.042517063116,2873.29099050601,1,0,0.5
2835,263.71327530326,52.056163765163,2874.30485465228,1,0,0.5
2836,263.9862093442,52.06981046721,2875.31871879854,1,0,0.5
2837,264.258964569161,52.0834482284581,2876.3325829448,1,0,0.5
2838,264.531073412699,52.0970536706349,2877.34644709106,1,0,0.5
2839,264.803182256236,52.1106591128118,2878.36031123732,1,0,0.5
2840,265.037560378959,52.1242560378959,2879.37417538358,1,0,0.5
2841,265.173306985294,52.1378306985294,2880.38803952985,1,0,0.5
2842,265.309053591629,52.1514053591629,2881.40190367611,1,0,0.5
2843,265.444732727786,52.1649732727786,2882.41576782237,1,0,0.5
2844,265.580274896461,52.1785274896461,2883.42963196863,1,0,0.5
2845,265.715817065136,52.1920817065136,2884.44349611489,1,0,0.5
2846,265.876908546326,52.2056272364217,2885.45736026116,1,0,0.5
2847,266.079877912986,52.2191585275324,2886.47122440742,1,0,0.5
2848,266.282847279647,52.2326898186431,2887.48508855368,1,0,0.5
2849,266.514100543478,52.2462050271739,2888.49895269994,1,0,0.5
2850,266.783965610945,52.2596982805472,2889.5128168462,1,0,0.5
2851,267.053830678411,52.2731915339206,2890.52668099247,1,0,0.5
2852,267.323325952915,52.2866662976458,2891.54054513873,1,0,0.5
2853,267.592384248879,52.300119212444,2892.55440928499,1,0,0.5
2854,267.861442544843,52.3135721272422,2893.56827343125,1,0,0.5
2855,268.065104446309,52.3270104446309,2894.58213757751,1,0,0.5
2856,268.199332634228,52.3404332634228,2895.59600172377,1,0,0.5
2857,268.333560822148,52.3538560822148,2896.60986587004,1,0,0.5
2858,268.467688058451,52.3672688058451,2897.6237300163,1,0,0.5
2859,268.601716353314,52.3806716353314,2898.63759416256,1,0,0.5
2860,268.735744648176,52.3940744648176,2899.65145830882,1,0,0.5
2861,268.904484366289,52.4074656244193,2900.66532245508,1,0,0.5
2862,269.10519055473,52.420846036982,2901.67918660135,1,0,0.5
2863,269.305896743171,52.4342264495447,2902.69305074761,1,0,0.5
2864,269.541742123796,52.4475871061898,2903.70691489387,1,0,0.5
2865,269.808606467754,52.4609303233877,2904.72077904013,1,0,0.5
2866,270.075470811713,52.4742735405856,2905.73464318639,1,0,0.5
2867,270.341914356985,52.4875957178492,2906.74850733265,1,0,0.5
2868,270.607989745011,52.5008994872506,2907.76237147892,1,0,0.5
2869,270.874065133038,52.5142032566519,2908.77623562518,1,0,0.5
2870,271.139727431835,52.5274863715918,2909.79009977144,1,0,0.5
2871,271.405018515107,52.5407509257553,2910.8039639177,1,0,0.5
2872,271.670309598379,52.5540154799189,2911.81782806396,1,0,0.5
2873,271.935202149155,52.5672601074578,2912.83169221022,1,0,0.5
2874,272.19971353784,52.580485676892,2913.84555635649,1,0,0.5
2875,272.464224926525,52.5937112463262,2914.85942050275,1,0,0.5
2876,272.69628693442,52.6069191289614,2915.87328464901,1,0,0.5
2877,272.894125366368,52.6201083577578,2916.88714879527,1,0,0.5
2878,273.091963798315,52.6332975865543,2917.90101294153,1,0,0.5
2879,273.259769614119,52.6464769614119,2918.9148770878,1,0,0.5
2880,273.391444815289,52.6596444815289,2919.92874123406,1,0,0.5
2881,273.523120016459,52.672812001646,2920.94260538032,1,0,0.5
2882,273.65471516618,52.685971516618,2921.95646952658,1,0,0.5
2883,273.786198000365,52.6991198000365,2922.97033367284,1,0,0.5
2884,273.917680834551,52.7122680834551,2923.98419781911,1,0,0.5
2885,274.098112336006,52.7254056168003,2924.99806196537,1,0,0.5
2886,274.36050300656,52.738525150328,2926.01192611163,1,0,0.5
2887,274.622893677114,52.7516446838557,2927.02579025789,1,0,0.5
2888,274.885036428052,52.7647518214026,2928.03965440415,1,0,0.5
2889,275.146664335029,52.7778332167515,2929.05351855041,1,0,0.5
2890,275.408292242006,52.7909146121003,2930.06738269668,1,0,0.5
2891,275.652297585613,52.8039865057076,2931.08124684294,1,0,0.5
2892,275.847985210183,52.8170323473455,2932.0951109892,1,0,0.5
2893,276.043672834753,52.8300781889835,2933.10897513546,1,0,0.5
2894,276.226197585022,52.8431197585022,2934.12283928172,1,0,0.5
2895,276.356443605282,52.8561443605282,2935.13670342799,1,0,0.5
2896,276.486689625543,52.8691689625543,2936.15056757425,1,0,0.5
2897,276.616911172327,52.8821911172327,2937.16443172051,1,0,0.5
2898,276.746968975795,52.8951968975795,2938.17829586677,1,0,0.5
2899,276.877026779263,52.9082026779263,2939.19216001303,1,0,0.5
2900,277.014138518385,52.9212069259193,2940.20602415929,1,0,0.5
2901,277.273691510454,52.9341845755227,2941.21988830556,1,0,0.5
2902,277.533244502524,52.9471622251262,2942.23375245182,1,0,0.5
2903,277.792797494593,52.9601398747296,2943.24761659808,1,0,0.5
2904,278.051624820273,52.9730812410137,2944.26148074434,1,0,0.503418815492852
2905,278.31043143422,52.986021571711,2945.2753448906,1,0,0.506935209704076
2906,278.569238048167,52.9989619024083,2946.28920903687,1,0,0.510451603915297
2907,278.770573646711,53.0118715764474,2947.30307318313,1,0,0.510869565217391
2908,278.964156726116,53.0247771150744,2948.31693732939,1,0,0.510869565217391
2909,279.157739805521,53.0376826537014,2949.33080147565,1,0,0.510869565217391
2910,279.30071944345,53.050571944345,2950.34466562191,1,0,0.510869565217391
2911,279.429566973873,53.0634566973873,2951.35852976817,1,0,0.510869565217391
2912,279.558414504295,53.0763414504295,2952.37239391444,1,0,0.510869565217391
2913,279.687137285561,53.0892137285561,2953.3862580607,1,0,0.510869565217391
2914,279.815800616512,53.1020800616512,2954.40012220696,1,0,0.510869565217391
2915,279.944463947462,53.1149463947463,2955.41398635322,1,0,0.510869565217391
2916,280.073022885439,53.1278022885439,2956.42785049948,1,0,0.510869565217391
2917,280.201502542826,53.1406502542827,2957.44171464575,1,0,0.510869565217391
2918,280.329982200214,53.1534982200214,2958.45557879201,1,0,0.510869565217391
2919,280.458378519244,53.1663378519245,2959.46944293827,1,0,0.510869565217391
2920,280.586675026728,53.1791675026728,2960.48330708453,1,0,0.510869565217391
2921,280.714971534212,53.1919971534212,2961.49717123079,1,0,0.510869565217391
2922,280.843206450178,53.2048206450178,2962.51103537705,1,0,0.510869565217391
2923,280.971320329181,53.2176320329182,2963.52489952332,1,0,0.510869565217391
2924,281.099434208185,53.2304434208185,2964.53876366958,1,0,0.510869565217391
2925,281.227508928571,53.2432508928571,2965.55262781584,1,0,0.510869565217391
2926,281.355440698294,53.2560440698294,2966.5664919621,1,0,0.510869565217391
2927,281.483372468017,53.2688372468017,2967.58035610836,1,0,0.510869565217391
2928,281.61128819198,53.281628819198,2968.59422025463,1,0,0.510869565217391
2929,281.739038369411,53.2944038369411,2969.60808440089,1,0,0.510869565217391
2930,281.866788546842,53.3071788546842,2970.62194854715,1,0,0.510869565217391
2931,281.994538724273,53.3199538724273,2971.63581269341,1,0,0.510869565217391
2932,282.152617415855,53.3327093932684,2972.64967683967,1,0,0.510869565217391
2933,282.312050542515,53.3454640434013,2973.66354098593,1,0,0.510869565217391
2934,282.471483669176,53.3582186935341,2974.6774051322,1,0,0.510869565217391
2935,282.630685289567,53.3709548231653,2975.69126927846,1,0,0.510869565217391
2936,282.789836483201,53.3836869186561,2976.70513342472,1,0,0.510869565217391
2937,282.948987676835,53.3964190141468,2977.71899757098,1,0,0.510869565217391
2938,283.107947981024,53.4091358384819,2978.73286171724,1,0,0.510869565217391
2939,283.266818236982,53.4218454589585,2979.74672586351,1,0,0.510869565217391
2940,283.425688492939,53.4345550794351,2980.76059000977,1,0,0.510869565217391
2941,283.584409746696,53.4472527797357,2981.77445415603,1,0,0.510869565217391
2942,283.743000055066,53.4599400044053,2982.78831830229,1,0,0.510869565217391
2943,283.901590363436,53.4726272290749,2983.80218244855,1,0,0.510869565217391
2944,284.034341409,53.4853077972599,2984.81604659481,1,0,0.510869565217391
2945,284.124839146556,53.4979774805178,2985.82991074108,1,0,0.510869565217391
2946,284.215336884113,53.5106471637758,2986.84377488734,1,0,0.510869565217391
2947,284.305814410382,53.5233140174535,2987.8576390336,1,0,0.510869565217391
2948,284.396221241121,53.5359709737569,2988.87150317986,1,0,0.510869565217391
2949,284.486628071859,53.5486279300603,2989.88536732612,1,0,0.510869565217391
2950,284.577029276575,53.5612840987205,2990.89923147239,1,0,0.510869565217391
2951,284.667345382947,53.5739283536126,2991.91309561865,1,0,0.510869565217391
2952,284.75766148932,53.5865726085048,2992.92695976491,1,0,0.510869565217391
2953,284.847977595692,53.5992168633969,2993.94082391117,1,0,0.510869565217391
2954,284.978731856463,53.6118483066032,2994.95468805743,1,0,0.510869565217391
2955,285.11405324476,53.6244783028443,2995.96855220369,1,0,0.510869565217391
2956,285.249374633057,53.6371082990853,2996.98241634996,1,0,0.510869565217391
2957,285.417442355106,53.6497209648574,2997.99628049622,1,0,0.510869565217391
2958,285.597532400129,53.662327268009,2999.01014464248,1,0,0.510869565217391
2959,285.777622445151,53.6749335711606,3000.02400878874,1,0,0.510869565217391
2960,285.957511652165,53.6875258156515,3001.037872935,1,0,0.510869565217391
2961,286.137242056558,53.7001069439591,3002.05173708127,1,0,0.510869565217391
2962,286.316972460951,53.7126880722666,3003.06560122753,1,0,0.510869565217391
2963,286.496567077728,53.725259695441,3004.07946537379,1,0,0.510869565217391
2964,286.675939275037,53.7378157492526,3005.09332952005,1,0,0.510869565217391
2965,286.855311472347,53.7503718030643,3006.10719366631,1,0,0.510869565217391
2966,287.015152399869,53.7629243839791,3007.12105781257,1,0,0.510869565217391
2967,287.093515482151,53.7754624771441,3008.13492195884,1,0,0.510869565217391
2968,287.171878564432,53.7880005703091,3009.1487861051,1,0,0.510869565217391
2969,287.250241436494,53.8005386298391,3010.16265025136,1,0,0.510869565217391
2970,287.328536347325,53.813065815572,3011.17651439762,1,0,0.510869565217391
2971,287.406831258156,53.8255930013049,3012.19037854388,0,0,0.510869565217391
2972,287.485126168986,53.8381201870378,3013.20424269015,0,0,0.510869565217391
2973,287.56336595502,53.8506385528031,3014.21810683641,0,0,0.510869565217391
2974,287.641592812907,53.8631548500652,3015.23197098267,0,0,0.510869565217391
2975,287.719819670795,53.8756711473273,3016.24583512893,0,0,0.510869565217391
2976,287.798004803517,53.8881807685627,3017.25969927519,0,0,0.510869565217391
2977,287.876163726661,53.9006861962657,3018.27356342146,0,0,0.510869565217391
2978,287.954322649805,53.9131916239687,3019.28742756772,0,0,0.510869565217391
2979,288.051911910132,53.9256911910132,3020.30129171398,0,0,0.510869565217391
2980,288.176825164816,53.9381825164816,3021.31515586024,0,0,0.510869565217391
2981,288.3017384195,53.95067384195,3022.3290200065,0,0,0.510869565217391
2982,288.426614734927,53.9631614734927,3023.34288415276,0,0,0.510869565217391
2983,288.551354859667,53.9756354859667,3024.35674829903,0,0,0.510869565217391
2984,288.676094984407,53.9881094984407,3025.37061244529,0,0,0.510869565217391
2985,288.800833953287,54.0005833953287,3026.38447659155,0,0,0.510869565217391
2986,288.925401427336,54.0130401427336,3027.39834073781,0,0,0.510869565217391
2987,289.049968901384,54.0254968901384,3028.41220488407,0,0,0.510869565217391
2988,289.174536375432,54.0379536375433,3029.42606903033,0,0,0.510869565217391
2989,289.298966871113,54.0503966871113,3030.4399331766,0,0,0.510869565217391
2990,289.423362171735,54.0628362171735,3031.45379732286,0,0,0.510869565217391
2991,289.547757472357,54.0752757472357,3032.46766146912,0,0,0.510869565217391
2992,289.67205318323,54.087705318323,3033.48152561538,0,0,0.510869565217391
2993,289.796276785714,54.1001276785714,3034.49538976164,0,0,0.510869565217391
2994,289.920500388199,54.1125500388199,3035.50925390791,0,0,0.510869565217391
2995,289.910490245166,54.1249754877417,3036.52311805417,0,0,0.510869565217391
2996,289.661871460635,54.1374064269682,3037.53698220043,0,0,0.510869565217391
2997,289.413252676105,54.1498373661948,3038.55084634669,0,0,0.510869565217391
2998,289.164535924516,54.1622732037742,3039.56471049295,0,0,0.510869565217391
2999,288.915228445291,54.1747385777355,3040.57857463922,0,0,0.510869565217391
3000,288.665920966067,54.1872039516967,3041.59243878548,0,0,0.510869565217391
3001,288.416613486842,54.1996693256579,3042.60630293174,0,0,0.510869565217391
3002,287.230048311282,54.2121995168872,3043.620167078,0,0,0.510869565217391
3003,285.976566417132,54.2247343358287,3044.63403122426,0,0,0.510869565217391
3004,284.723084522982,54.2372691547702,3045.64789537052,0,0,0.510869565217391
3005,282.687114583336,54.2500160300926,3046.66175951679,0,0,0.510869565217391
3006,280.379422275644,54.2628365429131,3047.67562366305,0,0,0.510869565217391
3007,278.071729967951,54.2756570557336,3048.68948780931,0,0,0.510869565217391
3008,275.726249177634,54.2886875045687,3049.70335195557,0,0,0.508644699845463
3009,273.357828125002,54.3018453993055,3050.71721610183,0,0,0.505069184971332
3010,270.989407072371,54.3150032940424,3051.7310802481,0,0,0.501493670097177
3011,268.583715371624,54.3283682479354,3052.74494439436,0,0,0.5
3012,266.151282939191,54.3418817614489,3053.75880854062,0,0,0.5
3013,263.718850506759,54.3553952749625,3054.77267268688,0,0,0.5
3014,261.244374131946,54.3691423659336,3055.78653683314,0,0,0.5
3015,258.744374131946,54.3830312548225,3056.8004009794,0,0,0.5
3016,256.244374131945,54.3969201437114,3057.81426512567,0,0,0.5
3017,253.85145069899,54.411097268491,3058.82812927193,0,0,0.5
3018,251.495710068413,54.4253744844339,3059.84199341819,0,0,0.5
3019,249.139969437835,54.4396517003768,3060.85585756445,0,0,0.5
3020,246.935304115854,54.4542646392276,3061.86972171071,0,0,0.5
3021,244.740182164634,54.4688987855691,3062.88358585698,0,0,0.5
3022,242.53368671875,54.4836087552083,3063.89745000324,0,0,0.5
3023,240.28368671875,54.4986087552083,3064.9113141495,0,0,0.5
3024,238.03368671875,54.5136087552083,3065.92517829576,0,0,0.5
3025,235.836660226302,54.5288095698121,3066.93904244202,0,0,0.5
3026,233.684653394535,54.5441810471819,3067.95290658828,0,0,0.5
3027,231.532646562767,54.5595525245517,3068.96677073455,0,0,0.5
3028,229.331171587927,54.5752773458005,3069.98063488081,0,0,0.5
3029,227.126447178478,54.5910253772966,3070.99449902707,0,0,0.5
3030,224.867303515363,54.6069323895492,3072.00836317333,0,0,0.5
3031,222.525971378113,54.6230795077372,3073.02222731959,0,0,0.5
3032,220.184639240863,54.6392266259251,3074.03609146586,0,0,0.5
3033,217.707764112905,54.6557815725806,3075.04995561212,0,0,0.5
3034,215.219284850233,54.6723714343318,3076.06381975838,0,0,0.5
3035,212.694714751187,54.6892019016588,3077.07768390464,0,0,0.5
3036,210.135473045026,54.7062635130332,3078.0915480509,0,0,0.5
3037,207.681384171528,54.7233965075316,3079.10541219716,0,0,0.5
3038,205.757185920799,54.7408892189018,3080.11927634343,0,0,0.5
3039,203.83298767007,54.7583819302721,3081.13314048969,0,0,0.5
3040,201.871841422545,54.7762105325223,3082.14700463595,0,0,0.5
3041,199.905605076964,54.7940854083913,3083.16086878221,0,0,0.5
3042,197.852289191422,54.8122192244224,3084.17473292847,0,0,0.5
3043,195.75023283194,54.8304979753744,3085.18859707474,0,0,0.5
3044,193.582246878255,54.8489812760145,3086.202461221,0,0,0.5
3045,191.334588189389,54.8677117650884,3087.21632536726,0,0,0.5
3046,189.068665154752,54.8865944570437,3088.23018951352,0,0,0.5
3047,186.763435699042,54.905804702508,3089.24405365978,0,0,0.5
3048,184.34986731614,54.9251438048847,3090.25791780604,0,0,0.5
3049,181.583676317237,54.9449023120197,3091.27178195231,0,0,0.5
3050,178.7990137316,54.96479275906,3092.28564609857,0,0,0.5
3051,175.945106596832,54.9851778100226,3093.29951024483,0,0,0.5
3052,173.146990030678,55.0057240797546,3094.31337439109,0,0,0.5
3053,170.517717462756,55.026758260298,3095.32723853735,0,0,0.5
3054,167.975923544421,55.0479916041416,3096.34110268362,0,0,0.5
3055,165.59897276411,55.069600247599,3097.35496682988,0,0,0.5
3056,163.190066969795,55.0914993911837,3098.36883097614,0,0,0.5
3057,160.748636636873,55.1136942123921,3099.3826951224,0,0,0.5
3058,158.898315967847,55.1362383433165,3100.39655926866,0,0,0.5
3059,157.309413067468,55.158936956179,3101.41042341492,0,0,0.5
3060,155.693921132865,55.1820154123877,3102.42428756119,0,0,0.5
3061,154.046893796995,55.2052080827067,3103.43815170745,0,0,0.5
3062,152.281611024847,55.2287451863354,3104.45201585371,0,0,0.5
3063,150.437596128173,55.2525300483978,3105.46587999997,0,0,0.503269034890705
3064,148.515032710283,55.2765620911215,3106.47974414623,0,0,0.509799481283017
3065,146.557379945432,55.3010327506821,3107.4936082925,0,0,0.510869565217391
3066,144.636301619082,55.325695691156,3108.50747243876,0,0,0.510869565217391
3067,142.881426967271,55.350765329039,3109.52133658502,0,0,0.510869565217391
3068,141.105205344461,55.3761399236506,3110.53520073128,0,0,0.510869565217391
3069,139.326096488053,55.4017317251991,3111.54906487754,0,0,0.510869565217391
3070,137.762012490949,55.4277997918175,3112.5629290238,0,0,0.510869565217391
3071,136.321286305148,55.454074273897,3113.57679317007,0,0,0.510869565217391
3072,134.99772341418,55.4805455317164,3114.59065731633,0,0,0.510869565217391
3073,133.65443983209,55.5074112033582,3115.60452146259,0,0,0.510869565217391
3074,132.018031250001,55.534528125,3116.61838560885,0,0,0.510869565217391
3075,130.101031929349,55.5619138295807,3117.63224975511,0,0,0.510869565217391
3076,128.144510190219,55.5898641401397,3118.64611390138,0,0,0.510869565217391
3077,126.42770060444,55.6181781708284,3119.65997804764,0,0,0.510869565217391
3078,124.947877411576,55.6468030647106,3120.6738421939,0,0,0.510869565217391
3079,123.79032114148,55.675741971463,3121.68770634016,0,0,0.510869565217391
3080,122.620162459285,55.7049959385179,3122.70157048642,0,0,0.510869565217391
3081,121.440230610562,55.734494234736,3123.71543463268,0,0,0.510869565217391
3082,120.250133361205,55.7642466659699,3124.72929877895,0,0,0.510869565217391
3083,119.046119983279,55.794347000418,3125.74316292521,0,0,0.510869565217391
3084,117.82911822034,55.8247720444915,3126.75702707147,0,0,0.510869565217391
3085,116.60065249141,55.8554836877148,3127.77089121773,0,0,0.510869565217391
3086,115.3602434669,55.8864939133275,3128.78475536399,0,0,0.510869565217391
3087,114.105888066203,55.9178527983449,3129.79861951026,0,0,0.510869565217391
3088,112.835299911661,55.9496175022085,3130.81248365652,0,0,0.510869565217391
3089,111.551218189965,55.9817195452509,3131.82634780278,0,0,0.510869565217391
3090,110.321639766016,56.0141674352567,3132.84021194904,0,0,0.510869565217391
3091,109.206405905331,56.046953136489,3133.8540760953,0,0,0.510869565217391
3092,108.213758846508,56.0800413717831,3134.86794024157,0,0,0.510869565217391
3093,107.210194818774,56.1134935060409,3135.88180438783,0,0,0.510869565217391
3094,106.197527843046,56.1472490718985,3136.89566853409,0,0,0.510869565217391
3095,105.175446411598,56.1813184529467,3137.90953268035,0,0,0.510869565217391
3096,104.143624639424,56.2157125120192,3138.92339682661,0,0,0.510869565217391
3097,103.101721425098,56.2504426191634,3139.93726097287,0,0,0.510869565217391
3098,102.049379552166,56.2855206815945,3140.95112511914,0,0,0.510869565217391
3099,100.990834741551,56.3209582629225,3141.9649892654,0,0,0.510869565217391
3100,100.275128976143,56.3567435511928,3142.97885341166,0,0,0.510869565217391
3101,99.5542883266534,56.3927855836673,3143.99271755792,0,0,0.510869565217391
3102,98.8282623737372,56.4290868813131,3145.00658170418,0,0,0.510869565217391
3103,98.0969243890018,56.4656537805499,3146.02044585044,0,0,0.510869565217391
3104,97.3601434804924,56.5024928259754,3147.03430999671,0,0,0.510869565217391
3105,96.4013938878075,56.5396553955902,3148.04817414297,0,0,0.510869565217391
3106,95.2272991951375,56.5772264257556,3149.06203828923,0,0,0.510869565217391
3107,94.0385814747,56.6152653928096,3150.07590243549,0,0,0.510869565217391
3108,92.8346487010793,56.6537912415655,3151.08976658175,0,0,0.510869565217391
3109,91.7364817667704,56.6927975175507,3152.10363072802,0,0,0.510869565217391
3110,90.8916971175476,56.7322208011811,3153.11749487428,0,0,0.510869565217391
3111,90.0389719935269,56.7720146403021,3154.13135902054,0,0,0.510869565217391
3112,89.1278332664201,56.8121953729726,3155.1452231668,0,0,0.510869565217391
3113,88.0302615318902,56.8528246156037,3156.15908731306,0,0,0.510869565217391
3114,86.7946531466507,56.8940115617783,3157.17295145932,0,0,0.510869565217391
3115,86.1515198665895,56.935651986659,3158.18681560559,0,0,0.506752177538314
3116,86.5683719688224,56.9773371968822,3159.20067975185,0,0,0.5
3117,86.8262015327088,57.0188410728961,3160.21454389811,0,0,0.5
3118,86.7156659361025,57.0603067689457,3161.22840804437,0,0,0.5
3119,86.4186220926799,57.1018929070248,3162.24227219063,0,0,0.5
3120,86.120555451907,57.143622236733,3163.2561363369,0,0,0.5
3121,86.3110291666669,57.1853823333334,3164.27000048316,0,0,0.5
3122,86.8308503242077,57.2269680259366,3165.28386462942,0,0,0.5
3123,87.3475789756449,57.2683063180516,3166.29772877568,0,0,0.5
3124,87.8612679843306,57.3094014387465,3167.31159292194,0,0,0.5
3125,88.5941405542988,57.3502070277149,3168.32545706821,0,0,0.5
3126,89.4031617152468,57.3906580857623,3169.33932121447,0,0,0.5
3127,90.2049113888892,57.4307455694445,3170.35318536073,0,0,0.5
3128,90.9995817731282,57.4704790886564,3171.36704950699,0,0,0.5
3129,91.7873583515288,57.5098679175764,3172.38091365325,0,0,0.5
3130,92.568420183983,57.5489210091991,3173.39477779951,0,0,0.5
3131,93.3429401824036,57.5876470091202,3174.40864194578,0,0,0.5
3132,94.2385170786815,57.6260406831473,3175.42250609204,0,0,0.5
3133,95.3059142594535,57.6640304753151,3176.4363702383,0,0,0.5
3134,96.4323966545639,57.7015798884855,3177.45023438456,0,0,0.5
3135,97.1827264660492,57.7387726466049,3178.46409853082,0,0,0.5
3136,97.5524693903687,57.7757469390369,3179.47796267709,0,0,0.5
3137,98.1016050050937,57.8125642002038,3180.49182682335,0,0,0.5
3138,99.1446189759026,57.8491154743976,3181.50569096961,0,0,0.5
3139,100.587391798418,57.8851847949605,3182.51955511587,0,0,0.5
3140,102.007631944444,57.9207543981481,3183.53341926213,0,0,0.5
3141,103.060263523391,57.9558421174464,3184.54728340839,0,0,0.5
3142,104.102341401733,57.9905780467244,3185.56114755466,0,0,0.5
3143,105.256292658257,58.0249655045216,3186.57501170092,0,0,0.5
3144,106.538499530956,58.0589624882739,3187.58887584718,0,0,0.5
3145,107.882107670978,58.0925526917745,3188.60273999344,0,0,0.5
3146,109.261864204543,58.1257372840909,3189.6166041397,0,0,0.5
3147,110.898227840906,58.1584645568182,3190.63046828597,0,0,0.5
3148,112.507188058033,58.1906437611607,3191.64433243223,0,0,0.5
3149,113.985735465114,58.2224052325581,3192.65819657849,0,0,0.5
3150,115.332214965396,58.2538053741349,3193.67206072475,0,0,0.5
3151,116.575461177473,58.2848865294368,3194.68592487101,0,0,0.5
3152,117.804130119452,58.3156032529863,3195.69978901727,0,0,0.5
3153,118.479319099788,58.346063685322,3196.71365316354,0,0,0.5
3154,119.047654971143,58.3763749317943,3197.7275173098,0,0,0.5
3155,119.613571624087,58.4065571532846,3198.74138145606,0,0,0.5
3156,120.176658172575,58.4365884358707,3199.75524560232,0,0,0.5
3157,120.736699676165,58.4664573160621,3200.76910974858,0,0,0.5
3158,120.774425887575,58.4962901878698,3201.78297389485,0,0,0.5
3159,120.348009024121,58.5261393683115,3202.79683804111,0,0,0.5
3160,119.919947192968,58.5561036964922,3203.81070218737,0,0,0.5
3161,119.490139806281,58.5861902135603,3204.82456633363,0,0,0.5
3162,118.933995202416,58.6163840876329,3205.83843047989,0,0,0.5
3163,118.213556557726,58.6467147814091,3206.85229462615,0,0,0.5
3164,117.296748408321,58.677275053056,3207.86615877242,0,0,0.5
3165,116.371500536022,58.7081166487993,3208.88002291868,0,0,0.5
3166,115.813808182211,58.7391191817789,3209.89388706494,0,0,0.5
3167,115.50259087955,58.770240912045,3210.9077512112,0,0,0.5
3168,115.185893703785,58.8014404197477,3211.92161535746,0,0,0.5
3169,114.7161242388,58.83275838408,3212.93547950373,0,0,0.5
3170,114.125376313486,58.8642311843257,3213.94934364999,0,0,0.5
3171,113.492751102294,58.8958624448853,3214.96320779625,0,0,0.5
3172,112.865798903997,58.9276573917868,3215.97707194251,0,0,0.5
3173,112.266464830745,58.9596218756936,3216.99093608877,0,0,0.5
3174,111.663223254191,58.9917947597765,3218.00480023503,0,0,0.5
3175,111.056900801463,59.0241319572553,3219.0186643813,0,0,0.5
3176,110.447434668744,59.056636817667,3220.03252852756,0,0,0.5
3177,109.811062337029,59.0893170909387,3221.04639267382,0,0,0.5
3178,109.106738067863,59.1221855568331,3222.06025682008,0,0,0.5
3179,108.397145426602,59.1552998800919,3223.07412096634,0,0,0.5
3180,107.682799184013,59.1886360380794,3224.08798511261,0,0,0.5
3181,106.963874439731,59.2221858594792,3225.10184925887,0,0,0.5
3182,106.240260274468,59.2559545205248,3226.11571340513,0,0,0.5
3183,105.511842156912,59.2899473660108,3227.12957755139,0,0,0.5
3184,104.778501795487,59.3241699162106,3228.14344169765,0,0,0.5
3185,104.0397877052,59.358643240424,3229.15730584391,0,0,0.5
3186,103.836087524062,59.3932824951876,3230.17116999018,0,0,0.5
3187,103.662579496143,59.4279841007714,3231.18503413644,0,0,0.5
3188,103.488787379227,59.4627425241545,3232.1988982827,0,0,0.5
3189,103.314709523234,59.4975580953533,3233.21276242896,0,0,0.5
3190,103.140344265277,59.5324311469446,3234.22662657522,0,0,0.5
3191,103.042794015151,59.5673470424242,3235.24049072149,0,0,0.5
3192,103.2609492896,59.6022518863361,3236.25435486775,0,0,0.5
3193,103.478603461305,59.6370765538089,3237.26821901401,0,0,0.5
3194,103.695784152593,59.6718254644149,3238.28208316027,0,0,0.5
3195,103.912521134175,59.706503381468,3239.29594730653,0,0,0.5
3196,104.205959812859,59.7410959812859,3240.30981145279,0,0,0.5
3197,104.550870100382,59.7755870100382,3241.32367559906,0,0,0.5
3198,104.941946870537,59.8099631247025,3242.33753974532,0,0,0.5
3199,105.47412121928,59.844206060964,3243.35140389158,0,0,0.5
3200,106.154650519848,59.8782325259924,3244.36526803784,0,0,0.5
3201,106.830412992494,59.9120206496247,3245.3791321841,0,0,0.5
3202,107.50206727188,59.945603363594,3246.39299633037,0,0,0.5
3203,108.169704482439,59.9789852241219,3247.40686047663,0,0,0.5
3204,108.833413073393,60.0121706536697,3248.42072462289,0,0,0.5
3205,109.49327891621,60.0451639458105,3249.43458876915,0,0,0.5
3206,110.149016621128,60.0779508310564,3250.44845291541,0,0,0.5
3207,110.800379972874,60.1105189986437,3251.46231706167,0,0,0.5
3208,111.22446953687,60.142946953687,3252.47618120794,0,0,0.5
3209,111.547679323476,60.1752679323476,3253.4900453542,0,0,0.5
3210,111.904966700133,60.2074977800089,3254.50390950046,0,0,0.5
3211,112.386894410976,60.2396262940651,3255.51777364672,0,0,0.5
3212,113.020939937942,60.2715469968971,3256.53163779298,0,0,0.5
3213,113.656003741196,60.3033001870598,3257.54550193925,0,0,0.5
3214,114.28777993881,60.3348889969405,3258.55936608551,0,0,0.5
3215,114.916337022568,60.3663168511284,3259.57323023177,0,0,0.5
3216,115.541337022568,60.3975668511284,3260.58709437803,0,0,0.5
3217,116.162431249999,60.4286215624999,3261.60095852429,0,0,0.5
3218,116.780496789382,60.4595248394691,3262.61482267055,0,0,0.5
3219,117.395595450679,60.490279772534,3263.62868681682,0,0,0.5
3220,118.011661361719,60.5208887120573,3264.64255096308,0,0,0.5
3221,118.922285307756,60.5512428435919,3265.65641510934,0,0,0.5
3222,119.826569595157,60.5813856531719,3266.6702792556,0,0,0.5
3223,120.670793974782,60.6113317589913,3267.68414340186,0,0,0.5
3224,121.411839285713,60.6410919642857,3268.69800754813,0,0,0.5
3225,122.002972290639,60.670648614532,3269.71187169439,0,0,0.5
3226,122.591533646002,60.7000766823001,3270.72573584065,0,0,0.5
3227,123.266043992717,60.7293681330906,3271.73959998691,0,0,0.5
3228,124.139830400484,60.7584943466828,3272.75346413317,0,0,0.5
3229,125.00579356971,60.787359785657,3273.76732827943,0,0,0.5
3230,125.789063368399,60.816062534736,3274.7811924257,0,0,0.5
3231,126.482350354889,60.8446175177444,3275.79505657196,0,0,0.5
3232,127.050173698737,60.8730086849369,3276.80892071822,0,0,0.5
3233,127.615376371473,60.9012688185736,3277.82278486448,0,0,0.5
3234,128.26736421073,60.9294121403577,3278.83664901074,0,0,0.5
3235,129.107177585535,60.9574059195178,3279.85051315701,0,0,0.5
3236,129.940085034668,60.9851695011556,3280.86437730327,0,0,0.5
3237,130.768725477098,61.0127908492366,3281.87824144953,0,0,0.5
3238,131.593152958014,61.0402717652671,3282.89210559579,0,0,0.5
3239,132.410159133887,61.0675053044629,3283.90596974205,0,0,0.5
3240,133.223261150673,61.0946087050225,3284.91983388832,0,0,0.5
3241,134.032563428676,61.1215854476226,3285.93369803458,0,0,0.5
3242,134.834940843238,61.1483313614413,3286.94756218084,0,0,0.5
3243,135.633453884387,61.1749484628129,3287.9614263271,0,0,0.5
3244,136.428489324816,61.2014496441606,3288.97529047336,0,0,0.5
3245,137.216810492699,61.2277270164233,3289.98915461962,0,0,0.5
3246,138.001613874818,61.2538871291606,3291.00301876589,0,0,0.5
3247,138.783089996381,61.2799363332127,3292.01688291215,0,0,0.5
3248,139.557984487086,61.3057661495696,3293.03074705841,0,0,0.5
3249,140.439233309658,61.3314808327414,3294.04461120467,0,0,0.5
3250,141.461960582385,61.3570490145596,3295.05847535093,0,0,0.5
3251,142.474747542134,61.3823686885533,3296.0723394972,0,0,0.5
3252,143.447541116706,61.4075726033345,3297.08620364346,0,0,0.5
3253,144.32284504168,61.4325812869051,3298.10006778972,0,0,0.5
3254,145.10828538223,61.4574428460743,3299.11393193598,0,0,0.5
3255,145.851660092212,61.4822220030737,3300.12779608224,0,0,0.5
3256,146.589365010245,61.5068121670082,3301.1416602285,0,0,0.5
3257,147.431962449254,61.5312990612314,3302.15552437477,0,0,0.5
3258,148.406252029769,61.5556563007442,3303.16938852103,0,0,0.5
3259,149.37218239625,61.5798045599063,3304.18325266729,0,0,0.5
3260,150.284206372223,61.6038682548889,3305.19711681355,0,0,0.5
3261,150.880825530327,61.6277330212131,3306.21098095981,0,0,0.5
3262,151.310574719286,61.6515574719286,3307.22484510608,0,0,0.5
3263,151.548355432628,61.6753355432628,3308.23870925234,0,0,0.5
3264,151.785645668642,61.6990645668643,3309.2525733986,0,0,0.5
3265,152.045420111547,61.7227710055774,3310.26643754486,0,0,0.5
3266,152.517861056429,61.7463930528215,3311.28030169112,0,0,0.5
3267,152.989308257179,61.769965412859,3312.29416583738,0,0,0.5
3268,153.459282147518,61.7934641073759,3313.30802998365,0,0,0.5
3269,154.009299131774,61.816871965271,3314.32189412991,0,0,0.5
3270,154.593525032456,61.8402410012982,3315.33575827617,0,0,0.5
3271,155.288163901416,61.8634387967139,3316.34962242243,0,0,0.5
3272,155.982628117006,61.8865876039002,3317.36348656869,0,0,0.5
3273,156.673165201405,61.9096055067135,3318.37735071496,0,0,0.5
3274,157.240927731892,61.9325463865946,3319.39121486122,0,0,0.5
3275,157.698361022871,61.9554180511435,3320.40507900748,0,0,0.5
3276,158.153995101137,61.9781997550568,3321.41894315374,0,0,0.5
3277,158.611333110656,62.0009533244262,3322.4328073,0,0,0.5
3278,159.177192903174,62.023587716127,3323.44667144626,0,0,0.5
3279,159.770430945691,62.046181031523,3324.46053559253,0,0,0.5
3280,160.444588249062,62.0686529416354,3325.47439973879,0,0,0.5
3281,161.116375697024,62.0910458565675,3326.48826388505,0,0,0.5
3282,161.785520678437,62.1133506892812,3327.50212803131,0,0,0.5
3283,162.150807721947,62.1355807721948,3328.51599217757,0,0,0.5
3284,162.372755934032,62.1577755934032,3329.52985632384,0,0,0.5
3285,162.594225169126,62.1799225169126,3330.5437204701,0,0,0.5
3286,162.831158951563,62.2020579475781,3331.55758461636,0,0,0.5
3287,163.272605916615,62.2241302958307,3332.57144876262,0,0,0.5
3288,163.769933236905,62.2461644412302,3333.58531290888,0,0,0.5
3289,164.427667707063,62.2680889235688,3334.59917705514,0,0,0.5
3290,165.083331544738,62.2899443848246,3335.61304120141,0,0,0.5
3291,165.736294059853,62.3117098019951,3336.62690534767,0,0,0.5
3292,166.12912763237,62.333412763237,3337.64076949393,0,0,0.5
3293,166.345734130565,62.3550734130565,3338.65463364019,0,0,0.5
3294,166.561950855342,62.3766950855342,3339.66849778645,0,0,0.5
3295,166.778037289916,62.3983037289916,3340.68236193272,0,0,0.5
3296,167.187085727109,62.4198542863554,3341.69622607898,0,0,0.5
3297,167.626771923304,62.4413923974435,3342.71009022524,0,0,0.5
3298,168.268864670034,62.4627954890011,3343.7239543715,0,0,0.5
3299,168.910171413812,62.4841723804604,3344.73781851776,0,0,0.5
3300,169.54771568772,62.5054238562573,3345.75168266402,0,0,0.5
3301,170.061463058166,62.5266463058166,3346.76554681029,0,0,0.5
3302,170.272978921856,62.5477978921856,3347.77941095655,0,0,0.5
3303,170.484296673505,62.5689296673505,3348.79327510281,0,0,0.5
3304,170.695316603165,62.5900316603165,3349.80713924907,0,0,0.5
3305,170.959085172464,62.6111056781642,3350.82100339533,0,0,0.5
3306,171.274782337035,62.6321521558024,3351.8348675416,0,0,0.5
3307,171.652863940628,62.6531431970314,3352.84873168786,0,0,0.5
3308,172.071955908032,62.6740977954016,3353.86259583412,0,0,0.5
3309,172.489698870219,62.694984943511,3354.87645998038,0,0,0.5
3310,172.906848348782,62.7158424174391,3355.89032412664,0,0,0.5
3311,173.322503027681,62.736625151384,3356.9041882729,0,0,0.5
3312,173.737727941175,62.7573863970588,3357.91805241917,0,0,0.5
3313,174.151331946038,62.7780665973019,3358.93191656543,0,0,0.5
3314,174.564649971296,62.7987324985648,3359.94578071169,0,0,0.5
3315,175.070165845471,62.8193066338189,3360.95964485795,0,0,0.5
3316,175.584304662952,62.8398721865181,3361.97350900421,0,0,0.5
3317,176.194228362655,62.8603076120885,3362.98737315048,0,0,0.505382503284917
3318,176.807119715331,62.8807373238444,3364.00123729674,0,0,0.510869565217391
3319,177.415913401915,62.9010304467305,3365.015101443,0,0,0.510869565217391
3320,178.024541083425,62.9213180361142,3366.02896558926,0,0,0.510869565217391
3321,178.629244330906,62.9414748110302,3367.04282973552,0,0,0.510869565217391
3322,179.233721009454,62.9616240336485,3368.05669388178,0,0,0.510869565217391
3323,179.834388417685,62.9816462805895,3369.07055802805,0,0,0.510869565217391
3324,180.434823411601,63.0016607803867,3370.08442217431,0,0,0.510869565217391
3325,181.031508494474,63.0215502831491,3371.09828632057,0,0,0.510869565217391
3326,181.628007889681,63.0414335963227,3372.11215046683,0,0,0.510869565217391
3327,182.220763103731,63.0611921034577,3373.12601461309,0,0,0.510869565217391
3328,182.813429866411,63.0809476622137,3374.13987875936,0,0,0.510869565217391
3329,183.402306638494,63.1005768879498,3375.15374290562,0,0,0.510869565217391
3330,183.991183410576,63.1202061136859,3376.16760705188,0,0,0.510869565217391
3331,184.576289477246,63.1397096492416,3377.18147119814,0,0,0.510869565217391
3332,185.161338231309,63.159211274377,3378.1953353444,0,0,0.510869565217391
3333,185.742858113561,63.178595270452,3379.20919949067,0,0,0.510869565217391
3334,186.324128296554,63.1979709432185,3380.22306363693,0,0,0.510869565217391
3335,186.818574652312,63.2172429860925,3381.23692778319,0,0,0.510869565217391
3336,187.299986794596,63.2364994717839,3382.25079192945,0,0,0.510869565217391
3337,187.703738152288,63.2556869076144,3383.26465607571,0,0,0.510869565217391
3338,188.087124733758,63.2748562366879,3384.27852022197,0,0,0.510869565217391
3339,188.469363865322,63.2939681932661,3385.29238436824,0,0,0.510869565217391
3340,188.851124204665,63.3130562102332,3386.3062485145,0,0,0.510869565217391
3341,189.231900871171,63.3320950435586,3387.32011266076,0,0,0.510869565217391
3342,189.61204870644,63.351102435322,3388.33397680702,0,0,0.510869565217391
3343,189.991388144058,63.3700694072029,3389.34784095328,0,0,0.510869565217391
3344,190.369937039957,63.3889968519979,3390.36170509954,0,0,0.510869565217391
3345,190.784781634388,63.4078912653755,3391.37556924581,0,0,0.510869565217391
3346,191.25586250327,63.4267345001308,3392.38943339207,0,0,0.510869565217391
3347,191.751420590529,63.4455473530177,3393.40329753833,0,0,0.510869565217391
3348,192.313335262746,63.4642778420915,3394.41716168459,0,0,0.510869565217391
3349,192.874783027403,63.4829927675801,3395.43102583085,0,0,0.510869565217391
3350,193.433211155635,63.5016070385212,3396.44488997712,0,0,0.510869565217391
3351,193.991639283866,63.5202213094622,3397.45875412338,0,0,0.510869565217391
3352,194.364825231481,63.538741261574,3398.47261826964,0,0,0.505912700659241
3353,194.735195601851,63.5572597800926,3399.4864824159,0,0,0.500880494540054
3354,195.104313652663,63.5757156826332,3400.50034656216,0,0,0.5
3355,195.473166111679,63.594158305584,3401.51421070842,0,0,0.5
3356,195.841030739795,63.6125515369898,3402.52807485469,0,0,0.5
3357,196.20837767857,63.6309188839285,3403.54193900095,0,0,0.5
3358,196.575010289633,63.6492505144817,3404.55580314721,0,0,0.5
3359,196.94086394817,63.6675431974085,3405.56966729347,0,0,0.5
3360,197.306285551618,63.6858142775809,3406.58353143973,0,0,0.5
3361,197.670658021254,63.7040329010627,3407.597395586,0,0,0.5
3362,198.052281155587,63.7222427051863,3408.61125973226,0,0,0.5
3363,198.596087802113,63.7403695934038,3409.62512387852,0,0,0.5
3364,199.139894448639,63.7584964816213,3410.63898802478,0,0,0.5
3365,199.680795983482,63.7765265327827,3411.65285217104,0,0,0.5
3366,200.221336524023,63.7945445508008,3412.66671631731,0,0,0.5
3367,200.699838423736,63.8124935369494,3413.68058046357,0,0,0.496740886698535
3368,201.147711028862,63.8304084411545,3414.69444460983,0,1,0.491872706208017
3369,201.55580785431,63.8482903927155,3415.70830875609,0,1,0.489130434782609
3370,201.912596754211,63.8661298377106,3416.72217290235,0,1,0.489130434782609
3371,202.269111673247,63.8839555836624,3417.73603704861,0,1,0.489130434782609
3372,202.624491732477,63.9017245866238,3418.74990119488,0,1,0.489130434782609
3373,202.979871791707,63.9194935895854,3419.76376534114,0,1,0.489130434782609
3374,203.333933259586,63.9371966629793,3420.7776294874,0,1,0.489130434782609
3375,203.687915560471,63.9548957780236,3421.79149363366,0,1,0.489130434782609
3376,204.0409501714,63.97254750857,3422.80535777992,0,1,0.489130434782609
3377,204.393545666013,63.9901772833007,3423.81922192619,0,1,0.489130434782609
3378,204.781919196537,64.0077767678615,3424.83308607245,0,1,0.471333991643078
3379,205.220836533771,64.0253334613509,3425.84695021871,0,1,0.428396426044018
3380,205.671304740542,64.0428768246847,3426.86081436497,0,1,0.391304347826087
3381,206.195068077108,64.0603356025703,3427.87467851123,0,1,0.391304347826087
3382,206.718831413675,64.0777943804558,3428.88854265749,0,1,0.391304347826087
3383,207.240033932014,64.0951677977338,3429.90240680376,0,1,0.391304347826087
3384,207.760766815331,64.112525560511,3430.91627095002,0,1,0.391304347826087
3385,208.279880333172,64.1298293444391,3431.93013509628,0,1,0.391304347826087
3386,208.797617629433,64.1470872543144,3432.94399924254,0,1,0.391304347826087
3387,209.314695126309,64.164323170877,3433.9578633888,0,1,0.391304347826087
3388,209.82947110343,64.1814823701144,3434.97172753507,0,1,0.391304347826087
3389,210.344247080551,64.1986415693517,3435.98559168133,0,1,0.391304347826087
3390,210.780433900212,64.2157173560085,3436.99945582759,0,1,0.391304347826087
3391,211.207075284426,64.2327830113771,3438.01331997385,0,1,0.391304347826087
3392,211.586222969782,64.2498111484891,3439.02718412011,0,1,0.391304347826087
3393,211.926166312558,64.2668083156279,3440.04104826637,0,1,0.391304347826087
3394,212.265860888992,64.2837930444496,3441.05491241264,0,1,0.391304347826087
3395,212.604525047036,64.3007262523518,3442.0687765589,0,1,0.391304347826087
3396,212.943189205079,64.3176594602539,3443.08264070516,0,1,0.391304347826087
3397,213.420800737358,64.3345266912453,3444.09650485142,0,1,0.391304347826087
3398,213.926418714886,64.3513806238295,3445.11036899768,0,1,0.391304347826087
3399,214.430740398043,64.3681913466014,3446.12423314395,0,1,0.391304347826087
3400,214.933533694133,64.3849511231378,3447.13809729021,0,1,0.391304347826087
3401,215.430111281545,64.4017044512618,3448.15196143647,0,1,0.391304347826087
3402,215.846874421161,64.4183749768465,3449.16582558273,0,1,0.391304347826087
3403,216.263637560777,64.4350455024311,3450.17968972899,0,1,0.391304347826087
3404,216.623441074722,64.4516720537361,3451.19355387525,0,1,0.391304347826087
3405,216.955544395755,64.4682772197878,3452.20741802152,0,1,0.391304347826087
3406,217.287325482536,64.4848662741268,3453.22128216778,0,1,0.391304347826087
3407,217.618207835477,64.5014103917738,3454.23514631404,0,1,0.391304347826087
3408,217.949090188418,64.5179545094209,3455.2490104603,0,1,0.391304347826087
3409,218.278947000915,64.5344473500457,3456.26287460656,0,1,0.391304347826087
3410,218.608617330585,64.5509308665293,3457.27673875283,0,1,0.391304347826087
3411,218.937782960765,64.5673891480383,3458.29060289909,0,1,0.391304347826087
3412,219.26625011405,64.5838125057025,3459.30446704535,0,1,0.391304347826087
3413,219.594717267335,64.6002358633667,3460.31833119161,0,1,0.391304347826087
3414,219.922009204544,64.6166004602272,3461.33219533787,0,1,0.391304347826087
3415,220.249281931817,64.6329640965909,3462.34605948413,0,1,0.391304347826087
3416,220.575914968296,64.6492957484148,3463.3599236304,0,1,0.391304347826087
3417,220.902001924818,64.6656000962409,3464.37378777666,0,1,0.391304347826087
3418,221.227987477436,64.6818993738718,3465.38765192292,0,1,0.38750170143535
3419,221.552897224728,64.6981448612364,3466.40151606918,0,1,0.343356355335901
3420,221.87780697202,64.714390348601,3467.41538021544,0,1,0.299211009236451
3421,222.201987522481,64.730599376124,3468.42924436171,0,1,0.282608695652174
3422,222.525728529675,64.7467864264838,3469.44310850797,0,1,0.282608695652174
3423,222.849292226701,64.7629646113351,3470.45697265423,0,1,0.282608695652174
3424,223.171872871863,64.7790936435931,3471.47083680049,0,1,0.282608695652174
3425,223.494453517024,64.7952226758512,3472.48470094675,0,1,0.282608695652174
3426,223.762230492297,64.8113153661531,3473.49856509301,0,1,0.282608695652174
3427,224.003355743469,64.8273903828979,3474.51242923928,0,1,0.282608695652174
3428,224.229594529857,64.8434594529857,3475.52629338554,0,1,0.282608695652174
3429,224.390022337344,64.8595022337344,3476.5401575318,0,1,0.282608695652174
3430,224.55045014483,64.875545014483,3477.55402167806,0,1,0.282608695652174
3431,224.710680660587,64.8915680660587,3478.56788582432,0,1,0.282608695652174
3432,224.870823009341,64.9075823009341,3479.58174997059,1,1,0.282608695652174
3433,225.061765860691,64.9235882930346,3480.59561411685,1,1,0.282608695652174
3434,225.381197981366,64.9395598990683,3481.60947826311,1,1,0.282608695652174
3435,225.70063010204,64.955531505102,3482.62334240937,1,1,0.282608695652174
3436,226.019283930149,64.9714641965075,3483.63720655563,1,1,0.282608695652174
3437,226.337586317417,64.9873793158709,3484.65107070189,1,1,0.282608695652174
3438,226.655691740087,65.0032845870044,3485.66493484816,1,1,0.282608695652174
3439,226.972872356827,65.0191436178414,3486.67879899442,1,1,0.282608695652174
3440,227.290052973567,65.0350026486784,3487.69266314068,1,1,0.282608695652174
3441,227.606505816505,65.0508252908252,3488.70652728694,1,1,0.282608695652174
3442,227.922572541702,65.0666286270851,3489.7203914332,1,1,0.282608695652174
3443,228.238504046368,65.0824252023184,3490.73425557947,1,1,0.282608695652174
3444,228.553464676289,65.0981732338145,3491.74811972573,1,1,0.282608695652174
3445,228.86842530621,65.1139212653105,3492.76198387199,1,1,0.282608695652174
3446,229.18274640366,65.129637320183,3493.77584801825,1,1,0.282608695652174
3447,229.496608653007,65.1453304326504,3494.78971216451,1,1,0.282608695652174
3448,229.810434513465,65.1610217256733,3495.80357631077,1,1,0.282608695652174
3449,230.123206016506,65.1766603008253,3496.81744045704,1,1,0.282608695652174
3450,230.435977519547,65.1922988759774,3497.8313046033,1,1,0.282608695652174
3451,230.748233874458,65.2079116937229,3498.84516874956,1,1,0.282608695652174
3452,231.059922186146,65.2234961093073,3499.85903289582,1,1,0.282608695652174
3453,231.371610497834,65.2390805248917,3500.87289704208,1,1,0.282608695652174
3454,231.682321074201,65.2546160537101,3501.88676118835,1,1,0.282608695652174
3455,231.992933671267,65.2701466835634,3502.90062533461,1,1,0.282608695652174
3456,232.303190133275,65.2856595066638,3503.91448948087,1,1,0.282608695652174
3457,232.612734415304,65.3011367207652,3504.92835362713,1,1,0.282608695652174
3458,232.922278697333,65.3166139348667,3505.94221777339,1,1,0.282608695652174
3459,233.346245879707,65.3320415293236,3506.95608191965,1,1,0.282608695652174
3460,233.808574646831,65.3474524882277,3507.96994606592,1,1,0.282608695652174
3461,234.270541045569,65.3628513681856,3508.98381021218,1,1,0.282608695652174
3462,234.730506974019,65.3781835658006,3509.99767435844,1,1,0.282608695652174
3463,235.190472902469,65.3935157634156,3511.0115385047,1,1,0.282608695652174
3464,235.56618069097,65.4088090345485,3512.02540265096,1,1,0.264545577068505
3465,235.87139476473,65.4240697382365,3513.03926679723,1,1,0.23137013426851
3466,236.17660883849,65.4393304419245,3514.05313094349,1,1,0.198194691468516
3467,236.34061342005,65.454561342005,3515.06699508975,1,1,0.195652173913043
3468,236.49289768401,65.469789768401,3516.08085923601,1,1,0.195652173913043
3469,236.645105627111,65.4850105627111,3517.09472338227,1,1,0.195652173913043
3470,236.797132654138,65.5002132654138,3518.10858752853,1,1,0.195652173913043
3471,236.949159681165,65.5154159681165,3519.1224516748,1,1,0.195652173913043
3472,237.302538036615,65.5305846012205,3520.13631582106,1,1,0.195652173913043
3473,237.75708349116,65.545736116372,3521.15017996732,1,1,0.195652173913043
3474,238.211570508793,65.5608856836264,3522.16404411358,1,1,0.195652173913043
3475,238.663831815325,65.5759610605108,3523.17790825984,1,1,0.195652173913043
3476,239.116093121858,65.5910364373953,3524.19177240611,1,1,0.195652173913043
3477,239.511721654855,65.6060860827428,3525.20563655237,1,1,0.195652173913043
3478,239.81184670696,65.621092335348,3526.21950069863,1,1,0.195652173913043
3479,240.111971759065,65.6360985879533,3527.23336484489,1,1,0.195652173913043
3480,240.305827839018,65.6510827839018,3528.24722899115,1,1,0.195652173913043
3481,240.455578254991,65.6660578254991,3529.26109313742,1,1,0.195652173913043
3482,240.605319819352,65.6810319819352,3530.27495728368,1,1,0.195652173913043
3483,240.754821480481,65.6959821480481,3531.28882142994,1,1,0.195652173913043
3484,240.904323141611,65.7109323141611,3532.3026855762,1,1,0.195652173913043
3485,241.107382042252,65.7258691021126,3533.31654972246,1,1,0.195652173913043
3486,241.405642191382,65.7407821095691,3534.33041386872,1,1,0.195652173913043
3487,241.703902340513,65.7556951170256,3535.34427801499,1,1,0.195652173913043
3488,242.001494735754,65.7705747367877,3536.35814216125,1,1,0.195652173913043
3489,242.29876971511,65.7854384857555,3537.37200630751,1,1,0.195652173913043
3490,242.596044694466,65.8003022347233,3538.38587045377,1,1,0.195652173913043
3491,242.819310634903,65.8151207089936,3539.39973460003,1,1,0.195652173913043
3492,243.041578591273,65.8299385727515,3540.4135987463,1,1,0.195652173913043
3493,243.242485671733,65.8447485671733,3541.42746289256,1,1,0.195652173913043
3494,243.390390355382,65.8595390355382,3542.44132703882,1,1,0.195652173913043
3495,243.53829503903,65.874329503903,3543.45519118508,1,1,0.195652173913043
3496,243.686058295734,65.8891058295734,3544.46905533134,1,1,0.195652173913043
3497,243.833720313781,65.9038720313781,3545.4829194776,1,1,0.195652173913043
3498,243.981382331829,65.9186382331829,3546.49678362387,1,1,0.195652173913043
3499,244.257455094107,65.9333727547053,3547.51064777013,1,1,0.195652173913043
3500,244.55205411211,65.9481027056055,3548.52451191639,1,1,0.195652173913043
3501,244.846500917617,65.9628250458809,3549.53837606265,1,1,0.195652173913043
3502,245.140138764273,65.9775069382137,3550.55224020891,1,1,0.195652173913043
3503,245.433776610929,65.9921888305464,3551.56610435518,1,1,0.195652173913043
3504,245.695269439926,66.0068512959951,3552.57996850144,1,1,0.195652173913043
3505,245.914826260418,66.0214884173612,3553.5938326477,1,1,0.195652173913043
3506,246.13438308091,66.0361255387273,3554.60769679396,1,1,0.195652173913043
3507,246.302439174107,66.0507439174107,3555.62156094022,1,1,0.195652173913043
3508,246.44854307021,66.0653543070211,3556.63542508648,1,1,0.195652173913043
3509,246.594646966314,66.0799646966314,3557.64928923275,1,1,0.195652173913043
3510,246.740522741085,66.0945522741085,3558.66315337901,1,1,0.157466646444342
3511,246.886389839951,66.1091389839951,3559.67701752527,1,1,0.117828847839441
3512,247.064357417137,66.1237178708569,3560.69088167153,1,1,0.0869565217391304
3513,247.355384094582,66.1382692047291,3561.70474581779,1,1,0.0869565217391304
3514,247.646410772028,66.1528205386014,3562.71860996406,1,1,0.0869565217391304
3515,247.936994460111,66.1673497230056,3563.73247411032,1,1,0.0869565217391304
3516,248.227083098306,66.1818541549153,3564.74633825658,1,1,0.0869565217391304
3517,248.517171736501,66.1963585868251,3565.76020240284,1,1,0.0869565217391304
3518,248.754976978308,66.2108317985539,3566.7740665491,1,1,0.0869565217391304
3519,248.971888004618,66.2252925336412,3567.78793069536,1,1,0.0869565217391304
3520,249.188799030929,66.2397532687286,3568.80179484163,1,1,0.0869565217391304
3521,249.336892592221,66.2541892592221,3569.81565898789,1,1,0.0869565217391304
3522,249.481239023656,66.2686239023656,3570.82952313415,1,1,0.0869565217391304
3523,249.625544485588,66.2830544485588,3571.84338728041,1,1,0.0869565217391304
3524,249.769659777822,66.2974659777822,3572.85725142667,1,1,0.0869565217391304
3525,249.913775070055,66.3118775070055,3573.87111557294,1,1,0.0869565217391304
3526,250.115503294727,66.3262751647364,3574.8849797192,1,1,0.0869565217391304
3527,250.403043230829,66.3406521615415,3575.89884386546,1,1,0.0869565217391304
3528,250.690583166932,66.3550291583466,3576.91270801172,1,1,0.0869565217391304
3529,250.977555832005,66.3693777916003,3577.92657215798,1,1,0.0869565217391304
3530,251.264180035827,66.3837090017913,3578.94043630424,1,1,0.0869565217391304
3531,251.550804239648,66.3980402119824,3579.95430045051,1,1,0.0869565217391304
3532,251.777541253224,66.4123360835483,3580.96816459677,1,1,0.0869565217391304
3533,251.991869492954,66.4266246328636,3581.98202874303,1,1,0.0869565217391304
3534,252.204124455229,66.4409124455229,3582.99589288929,1,1,0.0869565217391304
3535,252.346755200079,66.4551755200079,3584.00975703555,1,1,0.0869565217391304
3536,252.489385944928,66.4694385944928,3585.02362118182,1,1,0.0869565217391304
3537,252.631966030458,66.4836966030458,3586.03748532808,1,1,0.0869565217391304
3538,252.774371093749,66.4979371093749,3587.05134947434,1,1,0.0869565217391304
3539,252.916776157041,66.5121776157041,3588.0652136206,1,1,0.0869565217391304
3540,253.059087727093,66.5264087727093,3589.07907776686,1,1,0.0869565217391304
3541,253.201267821879,66.5406267821879,3590.09294191312,1,1,0.0869565217391304
3542,253.343447916666,66.5548447916666,3591.10680605939,1,1,0.0869565217391304
3543,253.485492951498,66.5690492951498,3592.12067020565,1,1,0.0869565217391304
3544,253.62744878746,66.583244878746,3593.13453435191,1,1,0.0869565217391304
3545,253.769404623422,66.5974404623422,3594.14839849817,1,1,0.0869565217391304
3546,253.966744809092,66.6116163206061,3595.16226264443,1,1,0.0869565217391304
3547,254.179301392442,66.6257867594961,3596.1761267907,1,1,0.0869565217391304
3548,254.391857975791,66.6399571983861,3597.18999093696,1,1,0.0869565217391304
3549,254.67175049058,66.654087524529,3598.20385508322,1,1,0.0869565217391304
3550,254.954325058868,66.6682162529434,3599.21771922948,1,1,0.0869565217391304
3551,255.236784135366,66.6823392067683,3600.23158337574,1,1,0.0869565217391304
3552,255.518474276212,66.6964237138106,3601.245447522,1,1,0.0869565217391304
3553,255.800164417057,66.7105082208528,3602.25931166827,1,1,0.0869565217391304
3554,256.081599161465,66.7245799580733,3603.27317581453,1,1,0.0869565217391304
3555,256.362410393914,66.7386205196957,3604.28703996079,1,1,0.0869565217391304
3556,256.643221626364,66.7526610813182,3605.30090410705,1,1,0.0869565217391304
3557,256.92364706454,66.766682353227,3606.31476825331,1,1,0.0869565217391304
3558,257.203584856142,66.7806792428071,3607.32863239958,1,1,0.0869565217391304
3559,257.483522647744,66.7946761323872,3608.34249654584,1,1,0.0869565217391304
3560,257.76295358527,66.8086476792635,3609.3563606921,1,1,0.0736722620703984
3561,258.042023352712,66.8226011676356,3610.37022483836,1,1,0.0509220092898033
3562,258.321093120154,66.8365546560077,3611.38408898462,1,1,0.0281717565091851
3563,258.599544146058,66.8504772073029,3612.39795313088,1,1,0.0217391304347826
3564,258.877751255795,66.8643875627898,3613.41181727715,1,1,0.0217391304347826
3565,259.155958365532,66.8782979182766,3614.42568142341,1,1,0.0217391304347826
3566,259.433443855931,66.8921721927966,3615.43954556967,1,1,0.0217391304347826
3567,259.710793624806,66.9060396812403,3616.45340971593,1,1,0.0217391304347826
3568,259.988143393682,66.9199071696841,3617.46727386219,1,1,0.0217391304347826
3569,260.26467751536,66.933733875768,3618.48113800846,1,1,0.0217391304347826
3570,260.541175211213,66.9475587605606,3619.49500215472,1,1,0.0217391304347826
3571,260.817618778713,66.9613809389356,3620.50886630098,1,1,0.0217391304347826
3572,261.093269620979,66.975163481049,3621.52273044724,1,1,0.0217391304347826
3573,261.368920463246,66.9889460231623,3622.5365945935,1,1,0.0217391304347826
3574,261.644435209923,67.0027217604961,3623.55045873976,1,1,0.0217391304347826
3575,261.919244370228,67.0164622185114,3624.56432288603,1,1,0.0217391304347826
3576,262.194053530533,67.0302026765267,3625.57818703229,1,1,0.0217391304347826
3577,262.468653063165,67.0439326531583,3626.59205117855,1,1,0.0217391304347826
3578,262.742625665905,67.0576312832952,3627.60591532481,1,1,0.0217391304347826
3579,263.016598268644,67.0713299134322,3628.61977947107,1,1,0.0217391304347826
3580,263.290295997723,67.0850147998862,3629.63364361734,1,1,0.0192854348444665
3581,263.563437120636,67.0986718560318,3630.6475077636,1,1,0.0118631217218542
3582,263.83657824355,67.1123289121775,3631.66137190986,1,0,0.00444080859918777
3583,264.054735096517,67.1259735096517,3632.67523605612,1,0,0
3584,264.190995505298,67.1395995505299,3633.68910020238,1,0,0
3585,264.32725591408,67.153225591408,3634.70296434864,1,0,0
3586,264.463420304232,67.1668420304232,3635.71682849491,1,0,0
3587,264.599474726001,67.1804474726001,3636.73069264117,1,0,0
3588,264.73552914777,67.194052914777,3637.74455678743,1,0,0
3589,264.907193053197,67.2076462035465,3638.75842093369,1,0,0
3590,265.110928197509,67.2212285465006,3639.77228507995,1,0,0
3591,265.314663341822,67.2348108894548,3640.78614922622,1,0,0
3592,265.557419206169,67.2483709603085,3641.80001337248,1,0,0
3593,265.828299567343,67.2619149783671,3642.81387751874,1,0,0
3594,266.099179928517,67.2754589964258,3643.827741665,1,0,0
3595,266.369549981244,67.2889774990622,3644.84160581126,1,0,0
3596,266.639617498123,67.3024808749062,3645.85546995753,1,0,0
3597,266.909685015003,67.3159842507501,3646.86933410379,1,0,0
3598,267.089674447978,67.3294674447979,3647.88319825005,1,0,0
3599,267.224404986901,67.3429404986901,3648.89706239631,1,0,0
3600,267.359135525823,67.3564135525823,3649.91092654257,1,0,0
3601,267.493725756726,67.3698725756726,3650.92479068883,1,0,0
3602,267.628254904708,67.3833254904708,3651.9386548351,1,0,0
3603,267.76278405269,67.396778405269,3652.95251898136,1,0,0
3604,267.945724748181,67.410214983212,3653.96638312762,1,0,0
3605,268.147179700615,67.4236453133743,3654.98024727388,1,0,0
3606,268.348634653049,67.4370756435366,3655.99411142014,1,0,0
3607,268.59956110491,67.4504780552455,3657.00797556641,1,0,0
3608,268.867418247767,67.4638709123883,3658.02183971267,1,0,0
3609,269.135275390624,67.4772637695312,3659.03570385893,1,0,0
3610,269.402529766319,67.490626488316,3660.04956800519,1,0,0
3611,269.66959208086,67.503979604043,3661.06343215145,1,0,0
3612,269.9366543954,67.51733271977,3662.07729629771,1,0,0
3613,270.101632170614,67.5306632170614,3663.09116044398,1,0,0
3614,270.234866811621,67.5439866811621,3664.10502459024,1,0,0
3615,270.368101452627,67.5573101452627,3665.1188887365,1,0,0
3616,270.501186298965,67.5706186298965,3666.13275288276,1,0,0
3617,270.634223992978,67.5839223992978,3667.14661702902,1,0,0
3618,270.767261686991,67.5972261686991,3668.16048117528,1,0,0
3619,270.95019929441,67.610513286294,3669.17434532155,1,0,0
3620,271.149424529606,67.6237949686404,3670.18820946781,1,0,0
3621,271.348649764803,67.6370766509869,3671.20207361407,1,0,0
3622,271.596622608535,67.6503311304267,3672.21593776033,1,0,0
3623,271.861523270786,67.6635761635393,3673.22980190659,1,0,0
3624,272.126423933038,67.6768211966519,3674.24366605286,1,0,0
3625,272.390763114452,67.6900381557226,3675.25753019912,1,0,0
3626,272.654886371973,67.7032443185986,3676.27139434538,1,0,0
3627,272.919009629493,67.7164504814747,3677.28525849164,1,0,0
3628,273.114185784537,67.729634862763,3678.2991226379,1,0,0
3629,273.278870139524,67.7428096111619,3679.31298678417,1,0,0
3630,273.44355449451,67.7559843595608,3680.32685093043,1,0,0
3631,273.608041152967,67.7691432922374,3681.34071507669,1,0,0
3632,273.772424714611,67.7822939771689,3682.35457922295,1,0,0
3633,273.936808276255,67.7954446621004,3683.36844336921,1,0,0
3634,274.101007349589,67.8085805879671,3684.38230751547,1,0,0
3635,274.265091214676,67.8217072971741,3685.39617166174,1,0,0
3636,274.429175079762,67.834834006381,3686.410035808,1,0,0
3637,274.593089228844,67.8479471383075,3687.42389995426,1,0,0
3638,274.75687448817,67.8610499590536,3688.43776410052,1,0,0
3639,274.920659747497,67.8741527797998,3689.45162824678,1,0,0
3640,275.096320770627,67.8872424539439,3690.46549239305,1,0,0
3641,275.283139660093,67.9003197762065,3691.47935653931,1,0,0
3642,275.469958549558,67.9133970984691,3692.49322068557,1,0,0
3643,275.656600641784,67.9264620449249,3693.50708483183,1,0,0
3644,275.843032542353,67.9395122779647,3694.52094897809,1,0,0
3645,276.029464442923,67.9525625110046,3695.53481312435,1,0,0
3646,276.215745358065,67.9656021750646,3696.54867727062,1,0,0
3647,276.401791869693,67.9786254308785,3697.56254141688,1,0,0
3648,276.587838381321,67.9916486866925,3698.57640556314,1,0,0
3649,276.764844421306,68.0046636582252,3699.5902697094,1,0,0
3650,276.922669936431,68.0176610535884,3700.60413385566,1,0,0
3651,277.080495451556,68.0306584489517,3701.61799800193,1,0,0
3652,277.231510499279,68.0436510499279,3702.63186214819,1,0,0
3653,277.361286995313,68.0566286995313,3703.64572629445,1,0,0
3654,277.491063491348,68.0696063491348,3704.65959044071,1,0,0
3655,277.620809980201,68.0825809980201,3705.67345458697,1,0,0
3656,277.75039961303,68.095539961303,3706.68731873323,1,0,0
3657,277.87998924586,68.108498924586,3707.7011828795,1,0,0
3658,278.009565106038,68.1214565106038,3708.71504702576,1,0,0
3659,278.138968413012,68.1343968413012,3709.72891117202,1,0,0
3660,278.268371719985,68.1473371719985,3710.74277531828,1,0,0
3661,278.397775026958,68.1602775026959,3711.75663946454,1,0,0
3662,278.526995737616,68.1731995737616,3712.77050361081,1,0,0
3663,278.656213253768,68.1861213253768,3713.78436775707,1,0,0
3664,278.78543076992,68.1990430769921,3714.79823190333,1,0,0
3665,278.971695103923,68.2119463402616,3715.81209604959,1,0,0
3666,279.165208811144,68.2248472540763,3716.82596019585,1,0,0
3667,279.358722518365,68.237748167891,3717.83982434211,1,0,0
3668,279.602437544674,68.2506218772337,3718.85368848838,1,0,0
3669,279.859764206575,68.2634882103288,3719.86755263464,1,0,0
3670,280.117090868476,68.2763545434238,3720.8814167809,1,0,0
3671,280.373920260156,68.2891960130078,3721.89528092716,1,0,0
3672,280.630513275124,68.3020256637562,3722.90914507342,1,0,0
3673,280.887106290091,68.3148553145046,3723.92300921969,1,0,0
3674,281.071696346016,68.3276696346017,3724.93687336595,1,0,0
3675,281.199719105618,68.3404719105618,3725.95073751221,1,0,0
3676,281.32774186522,68.353274186522,3726.96460165847,1,0,0
3677,281.455685413707,68.3660685413707,3727.97846580473,1,0,0
3678,281.583526322798,68.3788526322798,3728.99232995099,1,0,0
3679,281.711367231889,68.3916367231889,3730.00619409726,1,0,0
3680,281.839152526595,68.4044152526595,3731.02005824352,1,0,0
3681,281.966812101063,68.4171812101063,3732.03392238978,1,0,0
3682,282.094471675531,68.4299471675531,3733.04778653604,1,0,0
3683,282.22209990262,68.442709990262,3734.0616506823,1,0,0
3684,282.349578656161,68.4554578656161,3735.07551482857,1,0,0
3685,282.477057409702,68.4682057409702,3736.08937897483,1,0,0
3686,282.604529747171,68.4809529747171,3737.10324312109,1,0,0
3687,282.731828191301,68.4936828191301,3738.11710726735,1,0,0
3688,282.859126635431,68.5064126635431,3739.13097141361,1,0,0
3689,282.986425079561,68.5191425079561,3740.14483555987,1,0,0
3690,283.113562897245,68.5318562897245,3741.15869970614,1,0,0
3691,283.240681541313,68.5445681541313,3742.1725638524,1,0,0
3692,283.367800185381,68.5572800185381,3743.18642799866,1,0,0
3693,283.494784952397,68.5699784952397,3744.20029214492,1,0,0
3694,283.621724303596,68.5826724303596,3745.21415629118,1,0,0
3695,283.748663654795,68.5953663654795,3746.22802043745,1,0,0
3696,283.875496522887,68.6080496522887,3747.24188458371,1,0,0
3697,284.002257086267,68.6207257086267,3748.25574872997,1,0,0
3698,284.129017649647,68.6334017649647,3749.26961287623,1,0,0
3699,284.255699762658,68.6460699762658,3750.28347702249,1,0,0
3700,284.382282041139,68.6587282041139,3751.29734116875,1,0,0
3701,284.50886431962,68.671386431962,3752.31120531502,1,0,0
3702,284.635396813553,68.6840396813553,3753.32506946128,1,0,0
3703,284.761801307935,68.6966801307935,3754.33893360754,1,0,0
3704,284.888205802317,68.7093205802317,3755.3527977538,1,0,0
3705,285.014589805399,68.7219589805399,3756.36666190006,1,0,0
3706,285.140817014375,68.7345817014375,3757.38052604633,1,0,0
3707,285.267044223351,68.7472044223352,3758.39439019259,1,0,0
3708,285.393271432328,68.7598271432328,3759.40825433885,1,0,0
3709,285.51933127626,68.772433127626,3760.42211848511,1,0,0
3710,285.645381696428,68.7850381696428,3761.43598263137,1,0,0
3711,285.771432116596,68.7976432116596,3762.44984677763,1,0,0
3712,285.897346197552,68.8102346197552,3763.4637109239,1,0,0
3713,286.023220323426,68.8228220323426,3764.47757507016,1,0,0
3714,286.1490944493,68.83540944493,3765.49143921642,1,0,0
3715,286.27486387046,68.847986387046,3766.50530336268,1,0,0
3716,286.400562194483,68.8605562194483,3767.51916750894,1,0,0
3717,286.526260518505,68.8731260518505,3768.53303165521,1,0,0
3718,286.651886375522,68.8856886375522,3769.54689580147,1,0,0
3719,286.777409388075,68.8982409388075,3770.56075994773,1,0,0
3720,286.902932400627,68.9107932400627,3771.57462409399,1,0,0
3721,287.028415781685,68.9233415781685,3772.58848824025,1,0,0
3722,287.1537639711,68.93587639711,3773.60235238652,1,0,0
3723,287.279112160515,68.9484112160515,3774.61621653278,1,0,0
3724,287.404454146383,68.9609454146383,3775.63008067904,1,0,0
3725,287.529627998956,68.9734627998956,3776.6439448253,1,0,0
3726,287.654801851529,68.9859801851529,3777.65780897156,1,0,0
3727,287.779975704102,68.9984975704102,3778.67167311782,1,0,0
3728,287.905003515624,69.0110003515624,3779.68553726409,1,0,0
3729,288.030003515624,69.0235003515624,3780.69940141035,1,0,0
3730,288.155003515624,69.0360003515624,3781.71326555661,1,0,0
3731,288.279892553744,69.0484892553744,3782.72712970287,1,0,0
3732,288.404719183425,69.0609719183425,3783.74099384913,1,0,0
3733,288.529545813106,69.0734545813106,3784.7548579954,1,0,0
3734,288.654297134695,69.0859297134695,3785.76872214166,1,0,0
3735,288.778950874307,69.0983950874307,3786.78258628792,1,0,0
3736,288.903604613919,69.1108604613919,3787.79645043418,1,0,0
3737,289.017641618028,69.1233226588845,3788.81031458044,1,0,0
3738,289.095462629701,69.1357740207522,3789.8241787267,1,0,0
3739,289.173283641374,69.1482253826199,3790.83804287297,1,0,0
3740,289.251103698704,69.1606765917926,3791.85190701923,1,0,0
3741,289.328857478401,69.1731171965442,3792.86577116549,1,0,0
3742,289.406611258099,69.1855578012958,3793.87963531175,1,0,0
3743,289.484365037797,69.1979984060475,3794.89349945801,1,0,0
3744,289.562065197453,69.2104304315925,3795.90736360428,1,0,0
3745,289.639751861243,69.2228602977988,3796.92122775054,1,0,0
3746,289.717438525032,69.2352901640051,3797.9350918968,1,0,0
3747,289.795086271022,69.2477138033635,3798.94895604306,1,0,0
3748,289.87270593467,69.2601329495472,3799.96282018932,1,0,0
3749,289.950325598318,69.2725520957309,3800.97668433558,1,0,0
3750,290.031907957902,69.2849671141063,3801.99054848185,1,0,0
3751,290.120534250369,69.2973747950516,3803.00441262811,1,0,0
3752,290.209160542836,69.309782475997,3804.01827677437,1,0,0
3753,290.297774958716,69.3221884942203,3805.03214092063,1,0,0
3754,290.386314063488,69.3345839688883,3806.04600506689,1,0,0
3755,290.474853168259,69.3469794435563,3807.05986921316,1,0,0
3756,290.56339227303,69.3593749182242,3808.07373335942,1,0,0
3757,290.651852259564,69.371759316339,3809.08759750568,1,0,0
3758,290.740304348016,69.3841426087223,3810.10146165194,1,0,0
3759,290.828756436468,69.3965259011056,3811.1153257982,1,0,0
3760,290.929147354081,69.4089005246428,3812.12918994446,1,0,0
3761,291.035180440331,69.421271051372,3813.14305409073,1,0,0
3762,291.141213526581,69.4336415781012,3814.15691823699,1,0,0
3763,291.255048086822,69.4460048086822,3815.17078238325,1,0,0
3764,291.378589610501,69.45835896105,3816.18464652951,1,0,0
3765,291.502131134179,69.4707131134179,3817.19851067577,1,0,0
3766,291.625637465729,69.4830637465729,3818.21237482204,1,0,0
3767,291.74900963845,69.495400963845,3819.2262389683,1,0,0
3768,291.872381811171,69.5077381811171,3820.24010311456,1,0,0
3769,291.995753983893,69.5200753983893,3821.25396726082,1,0,0
3770,292.118963081793,69.5323963081793,3822.26783140708,1,0,0
3771,292.242166367214,69.5447166367214,3823.28169555334,1,0,0
3772,292.365369652635,69.5570369652635,3824.29555969961,1,0,0
3773,292.488451854066,69.5693451854066,3825.30942384587,1,0,0
3774,292.611486713943,69.5816486713943,3826.32328799213,1,0,0
3775,292.73452157382,69.593952157382,3827.33715213839,1,0,0
3776,292.857477858361,69.6062477858361,3828.35101628465,1,0,0
3777,292.980344752559,69.6185344752559,3829.36488043092,1,0,0
3778,293.103211646757,69.6308211646757,3830.37874457718,1,0,0
3779,293.226042987389,69.6431042987389,3831.39260872344,1,0,0
3780,293.348742373892,69.6553742373892,3832.4064728697,1,0,0
3781,293.471441760395,69.6676441760395,3833.42033701596,1,0,0
3782,293.594141146898,69.6799141146898,3834.43420116222,1,0,0
3783,293.716681458474,69.6921681458475,3835.44806530849,1,0,0
3784,293.839213793396,69.7044213793396,3836.46192945475,1,0,0
3785,293.961746128318,69.7166746128318,3837.47579360101,1,0,0
3786,294.052615836166,69.7289185337866,3838.48965774727,1,0,0
3787,294.129113923714,69.7411582277942,3839.50352189353,1,0,0
3788,294.205612011262,69.7533979218019,3840.5173860398,1,0,0
3789,294.282082829087,69.7656332526539,3841.53125018606,1,0,0
3790,294.358515950106,69.7778625520169,3842.54511433232,1,0,0
3791,294.434949071125,69.79009185138,3843.55897847858,1,0,0
3792,294.511372533941,69.8023196054306,3844.57284262484,1,0,0
3793,294.587740798684,69.8145385277895,3845.5867067711,1,0,0
3794,294.664109063428,69.8267574501484,3846.60057091737,1,0,0
3795,294.740477328171,69.8389763725074,3847.61443506363,1,0,0
3796,294.816788920093,69.8511862272149,3848.62829920989,1,0,0
3797,294.893092438533,69.8633947901653,3849.64216335615,1,0,0
3798,294.969395956973,69.8756033531157,3850.65602750241,1,0,0
3799,295.052180572362,69.8878052801306,3851.66989164868,1,0,0
3800,295.139305451355,69.9000027631897,3852.68375579494,1,0,0
3801,295.226430330348,69.9122002462487,3853.6976199412,1,0,0
3802,295.313528283883,69.9243939597437,3854.71148408746,1,0,0
3803,295.400568902839,69.9365796463974,3855.72534823372,1,0,0
3804,295.487609521794,69.9487653330512,3856.73921237998,1,0,0
3805,295.574647028122,69.9609505839371,3857.75307652625,1,0,0
3806,295.661603549862,69.9731244969806,3858.76694067251,1,0,0
3807,295.748560071601,69.9852984100241,3859.78080481877,1,0,0
3808,295.83551659334,69.9974723230676,3860.79466896503,1,0,0
3809,295.922410054984,70.0096374076978,3861.80853311129,1,0,0
3810,296.009282641857,70.02179956986,3862.82239725756,1,0,0
3811,296.09615522873,70.0339617320221,3863.83626140382,1,0,0
3812,296.182989078213,70.0461184709498,3864.85012555008,1,0,0
3813,296.269777892099,70.0582689048939,3865.86398969634,1,0,0
3814,296.356566705985,70.0704193388379,3866.8778538426,1,0,0
3815,296.443341277009,70.0825677787813,3867.89171798886,1,0,0
3816,296.530046479321,70.094706507105,3868.90558213513,1,0,0
3817,296.616751681633,70.1068452354287,3869.91944628139,1,0,0
3818,296.703456883945,70.1189839637524,3870.93331042765,1,0,0
3819,296.790089057988,70.1311124681183,3871.94717457391,1,0,0
3820,296.876710809672,70.1432395133541,3872.96103872017,1,0,0
3821,296.963332561357,70.1553665585899,3873.97490286644,1,0,0
3822,297.043670619478,70.1674872991165,3874.9887670127,1,0,0
3823,297.119396324148,70.1796034118636,3876.00263115896,1,0,0
3824,297.195122028817,70.1917195246108,3877.01649530522,1,0,0
3825,297.270830207019,70.2038328331231,3878.03035945148,1,0,0
3826,297.346492249894,70.2159387599831,3879.04422359774,1,0,0
3827,297.42215429277,70.2280446868432,3880.05808774401,1,0,0
3828,297.497816335645,70.2401506137032,3881.07195189027,1,0,0
3829,297.573416657916,70.2522466652666,3882.08581603653,1,0,0
3830,297.649015145947,70.2643424233515,3883.09968018279,1,0,0
3831,297.724613633977,70.2764381814363,3884.11354432905,1,0,0
3832,297.800169980067,70.2885271968107,3885.12740847532,1,0,0
3833,297.875705019932,70.3006128031892,3886.14127262158,1,0,0
3834,297.951240059798,70.3126984095677,3887.15513676784,1,0,0
3835,298.02675264675,70.32478042348,3888.1690009141,1,0,0
3836,298.102224344863,70.3368558951781,3889.18286506036,1,0,0
3837,298.177696042977,70.3489313668763,3890.19672920663,1,0,0
3838,298.253165086929,70.3610064139086,3891.21059335289,1,0,0
3839,298.328573549434,70.3730717679095,3892.22445749915,1,0,0
3840,298.403982011939,70.3851371219103,3893.23832164541,1,0,0
3841,298.479390474445,70.3972024759111,3894.25218579167,1,0,0
3842,298.554753060904,70.4092604897446,3895.26604993793,1,0,0
3843,298.630098393679,70.4213157429886,3896.2799140842,1,0,0
3844,298.705443726454,70.4333709962327,3897.29377823046,1,0,0
3845,298.780763305102,70.4454221288163,3898.30764237672,1,0,0
3846,298.85604561376,70.4574672982015,3899.32150652298,1,0,0
3847,298.931327922417,70.4695124675867,3900.33537066924,1,0,0
3848,299.007547785339,70.4815566899474,3901.34923481551,1,0,0
3849,299.093507670725,70.4935910739016,3902.36309896177,1,0,0
3850,299.179467556112,70.5056254578557,3903.37696310803,1,0,0
3851,299.265427441499,70.5176598418099,3904.39082725429,1,0,0
3852,299.35132466177,70.5296854526478,3905.40469140055,1,0,0
3853,299.437202524366,70.5417083534112,3906.41855554681,1,0,0
3854,299.523080386961,70.5537312541746,3907.43241969308,1,0,0
3855,299.608922472933,70.5657491462106,3908.44628383934,1,0,0
3856,299.69471846912,70.5777605856768,3909.4601479856,1,0,0
3857,299.780514465307,70.5897720251429,3910.47401213186,1,0,0
3858,299.868132981762,70.6017821812056,3911.48787627812,1,0,0
3859,299.970985226893,70.6137816098042,3912.50174042438,1,0,0
3860,300.073837472025,70.6257810384029,3913.51560457065,1,0,0
3861,300.176689717156,70.6377804670015,3914.52946871691,1,0,0
3862,300.29267980193,70.649767980193,3915.54333286317,1,0,0
3863,300.412520014979,70.6617520014979,3916.55719700943,1,0,0
3864,300.532360228029,70.6737360228029,3917.57106115569,1,0,0
3865,300.652131025598,70.6857131025598,3918.58492530196,1,0,0
3866,300.771811876662,70.6976811876662,3919.59878944822,1,0,0
3867,300.891492727725,70.7096492727726,3920.61265359448,1,0,0
3868,301.006975949564,70.7216161519302,3921.62651774074,1,0,0
3869,301.081695750311,70.7335713200498,3922.640381887,1,0,0
3870,301.156415551058,70.7455264881693,3923.65424603327,1,0,0
3871,301.231135351805,70.7574816562889,3924.66811017953,1,0,0
3872,301.305808818954,70.7694294110327,3925.68197432579,1,0,0
3873,301.380466637287,70.7813746619659,3926.69583847205,1,0,0
3874,301.45512445562,70.7933199128992,3927.70970261831,1,0,0
3875,301.5297575891,70.805261214256,3928.72356676457,1,0,0
3876,301.604353527766,70.8171965644425,3929.73743091084,1,0,0
3877,301.678949466431,70.829131914629,3930.7512950571,1,0,0
3878,301.753542468944,70.841066795031,3931.76515920336,1,0,0
3879,301.828076630434,70.8529922608695,3932.77902334962,1,0,0
3880,301.902610791925,70.864917726708,3933.79288749588,1,0,0
3881,301.977144953416,70.8768431925465,3934.80675164215,1,0,0
3882,302.0413125,70.8887624999999,3935.82061578841,1,0,0
3883,302.100895419563,70.9006790839126,3936.83447993467,1,0,0
3884,302.160478339126,70.9125956678252,3937.84834408093,1,0,0
3885,302.220047986272,70.9245095972543,3938.86220822719,1,0,0
3886,302.279591486106,70.9364182972213,3939.87607237345,1,0,0
3887,302.339134985941,70.9483269971882,3940.88993651972,1,0,0
3888,302.398678485775,70.9602356971551,3941.90380066598,1,0,0
3889,302.458183491735,70.972136698347,3942.91766481224,1,0,0
3890,302.517687623967,70.9840375247933,3943.9315289585,1,0,0
3891,302.577191756198,70.9959383512396,3944.94539310476,1,0,0
3892,302.636671642715,71.0078343285431,3945.95925725103,1,0,0
3893,302.696136459365,71.0197272918731,3946.97312139729,1,0,0
3894,302.755601276016,71.0316202552031,3947.98698554355,1,0,0
3895,302.815056144767,71.0435112289534,3949.00084968981,1,0,0
3896,302.874481697755,71.055396339551,3950.01471383607,1,0,0
3897,302.933907250743,71.0672814501485,3951.02857798233,1,0,0
3898,302.99333280373,71.0791665607461,3952.0424421286,1,0,0
3899,303.05272354421,71.0910447088419,3953.05630627486,1,0,0
3900,303.112109885351,71.1029219770702,3954.07017042112,1,0,0
3901,303.171496226493,71.1147992452985,3955.08403456738,1,0,0
3902,303.230862203264,71.1266724406528,3956.09789871364,1,0,0
3903,303.290209384273,71.1385418768545,3957.11176285991,1,0,0
3904,303.349556565282,71.1504113130563,3958.12562700617,1,0,0
3905,303.408897878912,71.1622795757825,3959.13949115243,1,0,0
3906,303.4682059514,71.17414119028,3960.15335529869,1,0,0
3907,303.527514023888,71.1860028047775,3961.16721944495,1,0,0
3908,303.586822096375,71.1978644192751,3962.18108359121,1,0,0
3909,303.646099790089,71.2097199580177,3963.19494773748,1,0,0
3910,303.705368805564,71.2215737611129,3964.20881188374,1,0,0
3911,303.76463782104,71.2334275642081,3965.22267603,1,0,0
3912,303.823891103159,71.2452782206317,3966.23654017626,1,0,0
3913,303.88312111303,71.2571242226061,3967.25040432252,1,0,0
3914,303.942351122902,71.2689702245804,3968.26426846879,1,0,0
3915,304.001580092897,71.2808160185794,3969.27813261505,1,0,0
3916,304.060771148471,71.2926542296941,3970.29199676131,1,0,0
3917,304.119962204044,71.3044924408089,3971.30586090757,1,0,0
3918,304.179153259618,71.3163306519237,3972.31972505383,1,0,0
3919,304.238319113539,71.3281638227078,3973.33358920009,1,0,0
3920,304.29747126602,71.339994253204,3974.34745334636,1,0,0
3921,304.356623418501,71.3518246837002,3975.36131749262,1,0,0
3922,304.415765209359,71.3636530418719,3976.37518163888,1,0,0
3923,304.474878509852,71.3754757019704,3977.38904578514,1,0,0
3924,304.533991810345,71.3872983620689,3978.4029099314,1,0,0
3925,304.593105110837,71.3991210221674,3979.41677407767,1,0,0
3926,304.652184136035,71.410936827207,3980.43063822393,1,0,0
3927,304.711258635543,71.4227517271086,3981.44450237019,1,0,0
3928,304.770333135051,71.4345666270101,3982.45836651645,1,0,0
3929,304.829388344539,71.4463776689078,3983.47223066271,1,0,0
3930,304.888424093965,71.458184818793,3984.48609480897,1,0,0
3931,304.947459843391,71.4699919686782,3985.49995895524,1,0,0
3932,305.006491334808,71.4817982669616,3986.5138231015,1,0,0
3933,305.065488384955,71.4935976769911,3987.52768724776,1,0,0
3934,305.124485435103,71.5053970870206,3988.54155139402,1,0,0
3935,305.18348248525,71.5171964970501,3989.55541554028,1,0,0
3936,305.242451707337,71.5289903414674,3990.56927968655,1,0,0
3937,305.301410108909,71.5407820217818,3991.58314383281,1,0,0
3938,305.360368510481,71.5525737020963,3992.59700797907,1,0,0
3939,305.41931425941,71.5643628518821,3993.61087212533,1,0,0
3940,305.478234063011,71.5761468126022,3994.62473627159,1,0,0
3941,305.537153866612,71.5879307733224,3995.63860041785,1,0,0
3942,305.596073670212,71.5997147340425,3996.65246456412,1,0,0
3943,305.654957495093,71.6114914990186,3997.66632871038,1,0,0
3944,305.713838751226,71.6232677502453,3998.68019285664,1,0,0
3945,305.77272000736,71.635044001472,3999.6940570029,1,0,0
3946,305.831580602321,71.6468161204642,4000.70792114916,1,0,0
3947,305.890423361392,71.6585846722785,4001.72178529543,1,0,0
3948,305.949266120464,71.6703532240928,4002.73564944169,1,0,0
3949,306.008103581346,71.6821207162691,4003.74951358795,1,0,0
3950,306.066907893662,71.6938815787324,4004.76337773421,1,0,0
3951,306.125712205978,71.7056424411956,4005.77724188047,1,0,0
3952,306.184516518294,71.7174033036589,4006.79110602673,1,0,0
3953,306.243292544074,71.7291585088148,4007.804970173,1,0,0
3954,306.302058459843,71.7409116919686,4008.81883431926,1,0,0
3955,306.360824375612,71.7526648751224,4009.83269846552,1,0,0
3956,306.419577508156,71.7644155016313,4010.84656261178,1,0,0
3957,306.478305077487,71.7761610154975,4011.86042675804,1,0,0
3958,306.537032646819,71.7879065293637,4012.87429090431,1,0,0
3959,306.59576021615,71.79965204323,4013.88815505057,1,0,0
3960,306.654452253831,71.8113904507662,4014.90201919683,1,0,0
3961,306.713141526736,71.8231283053472,4015.91588334309,1,0,0
3962,306.771830799641,71.8348661599282,4016.92974748935,1,0,0
3963,306.830500183284,71.8466000366568,4017.94361163562,1,0,0
3964,306.889151209677,71.8583302419354,4018.95747578188,1,0,0
3965,306.94780223607,71.870060447214,4019.97133992814,1,0,0
3966,307.005374508141,71.8817898819538,4020.9852040744,1,0,0
3967,307.054221183853,71.8935130841248,4021.99906822066,1,0,0
3968,307.103067859566,71.9052362862957,4023.01293236692,1,0,0
3969,307.151914535278,71.9169594884667,4024.02679651319,1,0,0
3970,307.200742716526,71.9286782519663,4025.04066065945,1,0,0
3971,307.249562895534,71.9403950949281,4026.05452480571,1,0,0
3972,307.298383074541,71.9521119378898,4027.06838895197,1,0,0
3973,307.347195733939,71.9638269761452,4028.08225309823,1,0,0
3974,307.395989444971,71.9755374667931,4029.09611724449,1,0,0
3975,307.444783156004,71.987247957441,4030.10998139076,1,0,0
3976,307.493576867037,71.9989584480889,4031.12384553702,1,0,0
3977,307.542347619209,72.0106634286101,4032.13770968328,1,0,0
3978,307.591114890951,72.0223675738282,4033.15157382954,1,0,0
3979,307.639882162693,72.0340717190463,4034.1654379758,1,0,0
3980,307.688637529335,72.0457730070403,4035.17930212207,1,0,0
3981,307.737378390423,72.0574708137016,4036.19316626833,1,0,0
3982,307.786119251512,72.0691686203628,4037.20703041459,1,0,0
3983,307.834859286197,72.0808662286874,4038.22089456085,1,0,0
3984,307.883573765223,72.0925577036535,4039.23475870711,1,0,0
3985,307.932288244249,72.1042491786197,4040.24862285338,1,0,0
3986,307.981002723274,72.1159406535859,4041.26248699964,1,0,0
3987,308.029701125913,72.127628270219,4042.2763511459,1,0,0
3988,308.07838925142,72.1393134203408,4043.29021529216,1,0,0
3989,308.127077376927,72.1509985704625,4044.30407943842,1,0,0
3990,308.175760582815,72.1626825398756,4045.31794358468,1,0,0
3991,308.224422383302,72.1743613719924,4046.33180773095,1,0,0
3992,308.273084183788,72.1860402041092,4047.34567187721,1,0,0
3993,308.321745984275,72.1977190362259,4048.35953602347,1,0,0
3994,308.370387749932,72.2093930599837,4049.37340016973,1,0,0
3995,308.41902325385,72.221065580924,4050.38726431599,1,0,0
3996,308.467658757768,72.2327381018643,4051.40112846226,1,0,0
3997,308.516285461112,72.244408510667,4052.41499260852,1,0,0
3998,308.564894696867,72.2560747272481,4053.42885675478,1,0,0
3999,308.613503932622,72.2677409438293,4054.44272090104,1,0,0
4000,308.662113168377,72.2794071604104,4055.4565850473,1,0,0
4001,308.710698622357,72.2910676693657,4056.47044919356,1,0,0
4002,308.759281618308,72.302727588394,4057.48431333983,1,0,0
4003,308.80786461426,72.3143875074224,4058.49817748609,1,0,0
4004,308.856435139601,72.3260444335041,4059.51204163235,1,0,0
4005,308.904991924062,72.337698061775,4060.52590577861,1,0,0
4006,308.953548708524,72.3493516900458,4061.53976992487,1,0,0
4007,309.001683576898,72.3610050730694,4062.55363407114,1,0,0
4008,309.040510151531,72.3726530454594,4063.5674982174,1,0,0
4009,309.079336726165,72.3843010178494,4064.58136236366,1,0,0
4010,309.118163300798,72.3959489902394,4065.59522650992,1,0,0
4011,309.156979674249,72.4075939022746,4066.60909065618,1,0,0
4012,309.195789506073,72.4192368518219,4067.62295480244,1,0,0
4013,309.234599337897,72.4308798013691,4068.63681894871,1,0,0
4014,309.27340626347,72.4425218790409,4069.65068309497,1,0,0
4015,309.312199366918,72.4541598100754,4070.66454724123,1,0,0
4016,309.350992470366,72.4657977411099,4071.67841138749,1,0,0
4017,309.389785573814,72.4774356721443,4072.69227553375,1,0,0
4018,309.428566364175,72.4890699092524,4073.70613968002,1,0,0
4019,309.467342753662,72.5007028260986,4074.72000382628,1,0,0
4020,309.506119143149,72.5123357429448,4075.73386797254,1,0,0
4021,309.544890553223,72.5239671659668,4076.7477321188,1,0,0
4022,309.583650243145,72.5355950729435,4077.76159626506,1,0,0
4023,309.622409933068,72.5472229799203,4078.77546041132,1,0,0
4024,309.66116962299,72.558850886897,4079.78932455759,1,0,0
4025,309.699914994081,72.5704744982242,4080.80318870385,1,0,0
4026,309.738657998816,72.5820973996448,4081.81705285011,1,0,0
4027,309.777401003551,72.5937203010654,4082.83091699637,1,0,0
4028,309.816137061639,72.6053411184918,4083.84478114263,1,0,0
4029,309.854863395546,72.6169590186639,4084.8586452889,1,0,0
4030,309.893589729453,72.628576918836,4085.87250943516,1,0,0
4031,309.93231606336,72.6401948190081,4086.88637358142,1,0,0
4032,309.967885417507,72.6518079548203,4087.90023772768,1,0,0
4033,310.003369606433,72.6634209621053,4088.91410187394,1,0,0
4034,310.038853795359,72.6750339693904,4089.9279660202,1,0,0
4035,310.072624219963,72.6866447191866,4090.94183016647,1,0,0
4036,310.104870726591,72.6982534615729,4091.95569431273,1,0,0
4037,310.13711723322,72.7098622039591,4092.96955845899,1,0,0
4038,310.169362773848,72.7214705985852,4093.98342260525,1,0,0
4039,310.201597730868,72.7330751831124,4094.99728675151,1,0,0
4040,310.233832687888,72.7446797676396,4096.01115089778,1,0,0
4041,310.266067644908,72.7562843521669,4097.02501504404,1,0,0
4042,310.298295253262,72.7678862911743,4098.0388791903,1,0,0
4043,310.330518668944,72.7794867208198,4099.05274333656,1,0,0
4044,310.362742084626,72.7910871504654,4100.06660748282,1,0,0
4045,310.394963325429,72.8026867971546,4101.08047162908,1,0,0
4046,310.427175208035,72.8142830748926,4102.09433577535,1,0,0
4047,310.459387090641,72.8258793526306,4103.10819992161,1,0,0
4048,310.491598973246,72.8374756303686,4104.12206406787,1,0,0
4049,310.523802336762,72.8490688412343,4105.13592821413,1,0,0
4050,310.556002694544,72.8606609700357,4106.14979236039,1,0,0
4051,310.588203052325,72.8722530988372,4107.16365650666,1,0,0
4052,310.620400086681,72.8838440312053,4108.17752065292,1,0,0
4053,310.652588927883,72.8954320140379,4109.19138479918,1,0,0
4054,310.684777769085,72.9070199968705,4110.20524894544,1,0,0
4055,310.716966610286,72.9186079797031,4111.2191130917,1,0,0
4056,310.74914582216,72.9301924959778,4112.23297723796,1,0,0
4057,310.781323155017,72.9417763358062,4113.24684138423,1,0,0
4058,310.813500487874,72.9533601756346,4114.26070553049,1,0,0
4059,310.845673408833,72.9649424271801,4115.27456967675,1,0,0
4060,310.877839241571,72.9765221269656,4116.28843382301,1,0,0
4061,310.910005074309,72.9881018267512,4117.30229796927,1,0,0
4062,310.942170907047,72.9996815265368,4118.31616211554,1,0,0
4063,310.977313928139,73.0112572855726,4119.3300262618,1,0,0
4064,311.012683387147,73.0228327448843,4120.34389040806,1,0,0
4065,311.048052846155,73.0344082041961,4121.35775455432,1,0,0
4066,311.084937874973,73.0459813624919,4122.37161870058,1,0,0
4067,311.123506548639,73.0575519645918,4123.38548284684,1,0,0
4068,311.162075222305,73.0691225666916,4124.39934699311,1,0,0
4069,311.200643620154,73.0806930860462,4125.41321113937,1,0,0
4070,311.239195772649,73.0922587317948,4126.42707528563,1,0,0
4071,311.277747925144,73.1038243775433,4127.44093943189,1,0,0
4072,311.31630007764,73.1153900232919,4128.45480357815,1,0,0
4073,311.354843016306,73.1269529048918,4129.46866772442,1,0,0
4074,311.393378661778,73.1385135985335,4130.48253187068,1,0,0
4075,311.43191430725,73.1500742921751,4131.49639601694,1,0,0
4076,311.470448333512,73.1616345000534,4132.5102601632,1,0,0
4077,311.50896748609,73.173190245827,4133.52412430946,1,0,0
4078,311.547486638669,73.1847459916006,4134.53798845573,1,0,0
4079,311.586005791247,73.1963017373742,4135.55185260199,1,0,0
4080,311.624514451871,73.2078543355614,4136.56571674825,1,0,0
4081,311.663017125668,73.2194051377005,4137.57958089451,1,0,0
4082,311.701519799465,73.2309559398395,4138.59344504077,1,0,0
4083,311.740019612821,73.2425058838464,4139.60730918703,1,0,0
4084,311.77850582193,73.254051746579,4140.6211733333,1,0,0
4085,311.816992031038,73.2655976093115,4141.63503747956,1,0,0
4086,311.855478240147,73.277143472044,4142.64890162582,1,0,0
4087,311.893952781043,73.2886858343128,4143.66276577208,1,0,0
4088,311.932422539538,73.3002267618615,4144.67662991834,1,0,0
4089,311.970892298034,73.3117676894101,4145.69049406461,1,0,0
4090,312.008257316211,73.3233074875117,4146.70435821087,1,0,0
4091,312.042187570688,73.3348437740339,4147.71822235713,1,0,0
4092,312.076117825165,73.346380060556,4148.73208650339,1,0,0
4093,312.110048079642,73.3579163470782,4149.74595064965,1,0,0
4094,312.143968410894,73.3694492597041,4150.75981479591,1,0,0
4095,312.17788587839,73.3809811986527,4151.77367894218,1,0,0
4096,312.211803345886,73.3925131376012,4152.78754308844,1,0,0
4097,312.24571688545,73.4040437410529,4153.8014072347,1,0,0
4098,312.279621575598,73.4155713357035,4154.81527138096,1,0,0
4099,312.313526265747,73.4270989303541,4155.82913552722,1,0,0
4100,312.347430955896,73.4386265250047,4156.84299967348,1,0,0
4101,312.381324953343,73.4501504841366,4157.85686381975,1,0,0
4102,312.415216875768,73.4616737377612,4158.87072796601,1,0,0
4103,312.449108798193,73.4731969913857,4159.88459211227,1,0,0
4104,312.482996048123,73.4847186563617,4160.89845625853,1,0,0
4105,312.516875212437,73.4962375722284,4161.91232040479,1,0,0
4106,312.550754376751,73.5077564880952,4162.92618455106,1,0,0
4107,312.584633541064,73.5192754039619,4163.94004869732,1,0,0
4108,312.618501312185,73.5307904461429,4164.95391284358,1,0,0
4109,312.652367727989,73.5423050275164,4165.96777698984,1,0,0
4110,312.686234143794,73.5538196088899,4166.9816411361,1,0,0
4111,312.720095211392,73.5653323718732,4167.99550528237,1,0,0
4112,312.753948888277,73.5768426220142,4169.00936942863,1,0,0
4113,312.787802565163,73.5883528721553,4170.02323357489,1,0,0
4114,312.821656242048,73.5998631222963,4171.03709772115,1,0,0
4115,312.855497893926,73.6113692839349,4172.05096186741,1,0,0
4116,312.889338841473,73.6228752061007,4173.06482601367,1,0,0
4117,312.923179789019,73.6343811282665,4174.07869015994,1,0,0
4118,312.959451180176,73.6458849477585,4175.0925543062,1,0,0
4119,312.998483186421,73.657386378932,4176.10641845246,1,0,0
4120,313.037515192666,73.6688878101056,4177.12028259872,1,0,0
4121,313.076547198911,73.6803892412792,4178.13414674498,1,0,0
4122,313.120712465516,73.6918852410341,4179.14801089125,1,0,0
4123,313.164927646061,73.7033811879759,4180.16187503751,1,0,0
4124,313.209142826606,73.7148771349177,4181.17573918377,1,0,0
4125,313.253346915192,73.7263701979499,4182.18960333003,1,0,0
4126,313.297540384379,73.7378604999386,4183.20346747629,1,0,0
4127,313.341733853566,73.7493508019273,4184.21733162255,1,0,0
4128,313.385926678858,73.760840936503,4185.23119576882,1,0,0
4129,313.430098457999,73.7723255990797,4186.24505991508,1,0,0
4130,313.47427023714,73.7838102616564,4187.25892406134,1,0,0
4131,313.518442016281,73.7952949242331,4188.2727882076,1,0,0
4132,313.562601947369,73.8067765063159,4189.28665235386,1,0,0
4133,313.606752057744,73.8182555350134,4190.30051650013,1,0,0
4134,313.650902168119,73.829734563711,4191.31438064639,1,0,0
4135,313.695050932779,73.8412132425226,4192.32824479265,1,0,0
4136,313.739179395638,73.8526866428658,4193.34210893891,1,0,0
4137,313.783307858496,73.8641600432091,4194.35597308517,1,0,0
4138,313.827436321355,73.8756334435523,4195.36983723143,1,0,0
4139,313.871552330924,73.8871036060401,4196.3837013777,1,0,0
4140,313.915659167483,73.8985713835457,4197.39756552396,1,0,0
4141,313.959766004043,73.9100391610512,4198.41142967022,1,0,0
4142,313.994964937082,73.9215070125836,4199.42529381648,1,0,0
4143,313.937621834183,73.9329756331634,4200.43915796274,1,0,0
4144,313.880278731284,73.9444442537432,4201.45302210901,1,0,0
4145,313.822935628385,73.955912874323,4202.46688625527,1,0,0
4146,313.765570588939,73.9673858822123,4203.48075040153,1,0,0
4147,313.708190926841,73.9788618146318,4204.49461454779,1,0,0
4148,313.650811264744,73.9903377470513,4205.50847869405,1,0,0
4149,313.593427412281,74.0018145175438,4206.52234284031,1,0,0
4150,313.536011144338,74.0132977711323,4207.53620698658,1,0,0
4151,313.478594876396,74.0247810247209,4208.55007113284,1,0,0
4152,313.421178608453,74.0362642783094,4209.5639352791,1,0,0
4153,313.363739207629,74.0477521584743,4210.57779942536,1,0,0
4154,313.306286287105,74.059242742579,4211.59166357162,1,0,0
4155,313.248833366582,74.0707333266837,4212.60552771789,1,0,0
4156,313.191374940115,74.082225011977,4213.61939186415,1,0,0
4157,313.133885320185,74.0937229359629,4214.63325601041,1,0,0
4158,313.076395700256,74.1052208599489,4215.64712015667,1,0,0
4159,313.018906080326,74.1167187839348,4216.66098430293,1,0,0
4160,312.961391798498,74.1282216403004,4217.67484844919,1,0,0
4161,312.903865432247,74.1397269135506,4218.68871259546,1,0,0
4162,312.846339065996,74.1512321868009,4219.70257674172,1,0,0
4163,312.788805544452,74.1627388911097,4220.71644088798,1,0,0
4164,312.731242384874,74.1742515230252,4221.73030503424,1,0,0
4165,312.673679225296,74.1857641549408,4222.7441691805,1,0,0
4166,312.616116065718,74.1972767868564,4223.75803332677,1,0,0
4167,312.55852638,74.208794724,4224.77189747303,1,0,0
4168,312.50092638,74.220314724,4225.78576161929,1,0,0
4169,312.44332638,74.231834724,4226.79962576555,1,0,0
4170,312.385717239033,74.2433565521934,4227.81348991181,1,0,0
4171,312.328080351425,74.254883929715,4228.82735405807,1,0,0
4172,312.270443463817,74.2664113072366,4229.84121820434,1,0,0
4173,312.212806576209,74.2779386847582,4230.8550823506,1,0,0
4174,312.15514096043,74.2894718079141,4231.86894649686,1,0,0
4175,312.097467137937,74.3010065724127,4232.88281064312,1,0,0
4176,312.039793315444,74.3125413369112,4233.89667478938,1,0,0
4177,312.006387210999,74.3240768381595,4234.91053893565,1,0,0
4178,312.026989248312,74.3356139790546,4235.92440308191,1,0,0
4179,312.047591285624,74.3471511199496,4236.93826722817,1,0,0
4180,312.068193322937,74.3586882608446,4237.95213137443,1,0,0
4181,312.088791385701,74.3702231759926,4238.96599552069,1,0,0
4182,312.109388708049,74.3817576765076,4239.97985966696,1,0,0
4183,312.129986030397,74.3932921770225,4240.99372381322,1,0,0
4184,312.150581584936,74.4048256875643,4242.00758795948,1,0,0
4185,312.171174194478,74.4163575489074,4243.02145210574,1,0,0
4186,312.191766804019,74.4278894102505,4244.035316252,1,0,0
4187,312.21235941356,74.4394212715936,4245.04918039826,1,0,0
4188,312.2329477531,74.4509507417362,4246.06304454453,1,0,0
4189,312.253535651991,74.4624799651149,4247.07690869079,1,0,0
4190,312.274123550881,74.4740091884936,4248.09077283705,1,0,0
4191,312.294709392101,74.4855372595769,4249.10463698331,1,0,0
4192,312.315292582496,74.4970638461978,4250.11850112957,1,0,0
4193,312.335875772891,74.5085904328187,4251.13236527583,1,0,0
4194,312.356458963285,74.5201170194396,4252.1462294221,1,0,0
4195,312.377037603709,74.531641058077,4253.16009356836,1,0,0
4196,312.397616087761,74.543165009146,4254.17395771462,1,0,0
4197,312.418194571812,74.5546889602149,4255.18782186088,1,0,0
4198,312.438770723797,74.5662116053263,4256.20168600714,1,0,0
4199,312.459344503657,74.5777329220482,4257.21555015341,1,0,0
4200,312.479918283518,74.5892542387701,4258.22941429967,1,0,0
4201,312.50049195092,74.6007754925151,4259.24327844593,1,0,0
4202,312.521061028739,74.6122941760941,4260.25714259219,1,0,0
4203,312.541630106559,74.6238128596731,4261.27100673845,1,0,0
4204,312.562199184379,74.6353315432522,4262.28487088472,1,0,0
4205,312.582765671158,74.6468487758482,4263.29873503098,1,0,0
4206,312.603330049085,74.6583648274877,4264.31259917724,1,0,0
4207,312.623894427013,74.6698808791271,4265.3264633235,1,0,0
4208,312.644458439055,74.6813967258709,4266.34032746976,1,0,0
4209,312.665018119238,74.6929101467732,4267.35419161602,1,0,0
4210,312.685577799421,74.7044235676756,4268.36805576229,1,0,0
4211,312.706137479603,74.7159369885779,4269.38191990855,1,0,0
4212,312.726694325152,74.7274488220852,4270.39578405481,1,0,0
4213,312.747249309736,74.7389596134521,4271.40964820107,1,0,0
4214,312.76780429432,74.750470404819,4272.42351234733,1,0,0
4215,312.788358674955,74.7619808579746,4273.4373764936,1,0,0
4216,312.808908966084,74.7734890210069,4274.45124063986,1,0,0
4217,312.829459257213,74.7849971840392,4275.46510478612,1,0,0
4218,312.850009548342,74.7965053470715,4276.47896893238,1,0,0
4219,312.870556776583,74.8080117948864,4277.49283307864,1,0,0
4220,312.8911023764,74.8195173307841,4278.5066972249,1,0,0
4221,312.911647976218,74.8310228666818,4279.52056137117,1,0,0
4222,312.932192749344,74.8425279396325,4280.53442551743,1,0,0
4223,312.952733659991,74.8540308495948,4281.54828966369,1,0,0
4224,312.973274570638,74.8655337595572,4282.56215380995,1,0,0
4225,312.993815481285,74.8770366695195,4283.57601795621,1,0,0
4226,312.985111826923,74.8885396134615,4284.58988210247,1,0,0
4227,312.963810051775,74.9000425720414,4285.60374624874,1,0,0
4228,312.942508276627,74.9115455306213,4286.617610395,1,0,0
4229,312.921205384191,74.9230490925367,4287.63147454126,1,0,0
4230,312.89989856601,74.9345547743548,4288.64533868752,1,0,0
4231,312.878591747828,74.946060456173,4289.65920283378,1,0,0
4232,312.857284929646,74.9575661379912,4290.67306698005,1,0,0
4233,312.835974352586,74.9690738496033,4291.68693112631,1,0,0
4234,312.814662488982,74.9805822559495,4292.70079527257,1,0,0
4235,312.793350625378,74.9920906622957,4293.71465941883,1,0,0
4236,312.772037402462,75.0035998026705,4294.72852356509,1,0,0
4237,312.750720491046,75.0151109348353,4295.74238771136,1,0,0
4238,312.729403579629,75.0266220670002,4296.75625185762,1,0,0
4239,312.708086668213,75.038133199165,4297.77011600388,1,0,0
4240,312.686765744964,75.0496464977197,4298.78398015014,1,0,0
4241,312.665443783343,75.0611603569947,4299.7978442964,1,0,0
4242,312.644121821723,75.0726742162698,4300.81170844266,1,0,0
4243,312.622798241673,75.0841889494964,4301.82557258893,1,0,0
4244,312.601471227455,75.0957055371741,4302.83943673519,1,0,0
4245,312.580144213237,75.1072221248519,4303.85330088145,1,0,0
4246,312.558817199019,75.1187387125296,4304.86716502771,1,0,0
4247,312.537485902893,75.1302576124377,4305.88102917397,1,0,0
4248,312.516153833682,75.1417769298115,4306.89489332024,1,0,0
4249,312.494821764472,75.1532962471853,4307.9087574665,1,0,0
4250,312.473487800575,75.1648165876896,4308.92262161276,1,0,0
4251,312.452150673974,75.1763386360538,4309.93648575902,1,0,0
4252,312.430813547374,75.1878606844179,4310.95034990528,1,0,0
4253,312.409476420774,75.1993827327821,4311.96421405154,1,0,0
4254,312.388134725022,75.2109072484882,4312.97807819781,1,0,0
4255,312.366792538633,75.222432029138,4313.99194234407,1,0,0
4256,312.345450352245,75.2339568097877,4315.00580649033,1,0,0
4257,312.324105977724,75.2454827720291,4316.01967063659,1,0,0
4258,312.302758729147,75.2570102862607,4317.03353478285,1,0,0
4259,312.28141148057,75.2685378004921,4318.04739892912,1,0,0
4260,312.260064231993,75.2800653147236,4319.06126307538,1,0,0
4261,312.238712109804,75.2915954607058,4320.07512722164,1,0,0
4262,312.217359796637,75.3031257098161,4321.0889913679,1,0,0
4263,312.19600748347,75.3146559589264,4322.10285551416,1,0,0
4264,312.174652671485,75.3261875573979,4323.11671966042,1,0,0
4265,312.153295291324,75.3377205426851,4324.13058380669,1,0,0
4266,312.131937911163,75.3492535279722,4325.14444795295,1,0,0
4267,312.110580405062,75.3607865812663,4326.15831209921,1,0,0
4268,312.089217955502,75.3723223040292,4327.17217624547,1,0,0
4269,312.067855505941,75.383858026792,4328.18604039173,1,0,0
4270,312.04649305638,75.3953937495549,4329.199904538,1,0,0
4271,312.063232427067,75.4069297775529,4330.21376868426,1,0,0
4272,312.110232047272,75.4184660479669,4331.22763283052,1,0,0
4273,312.157231667478,75.4300023183809,4332.24149697678,1,0,0
4274,312.210374559859,75.4415374559859,4333.25536112304,1,0,0
4275,312.325611435659,75.4530611435659,4334.26922526931,1,0,0
4276,312.440848311459,75.4645848311459,4335.28308941557,1,0,0
4277,312.55608518726,75.476108518726,4336.29695356183,1,0,0
4278,312.671230858376,75.4876230858376,4337.31081770809,1,0,0
4279,312.786320372442,75.4991320372442,4338.32468185435,1,0,0
4280,312.901409886509,75.5106409886509,4339.33854600061,1,0,0
4281,312.983500599425,75.5221499400575,4340.35241014688,1,0,0
4282,312.868411085358,75.5336588914642,4341.36627429314,1,0,0
4283,312.753321571292,75.5451678428708,4342.3801384394,1,0,0
4284,312.638232057225,75.5566767942775,4343.39400258566,1,0,0
4285,312.523044134123,75.5681955865877,4344.40786673192,1,0,0
4286,312.407807258323,75.5797192741677,4345.42173087818,1,0,0
4287,312.292570382523,75.5912429617477,4346.43559502445,1,0,0
4288,312.191490872221,75.602769100741,4347.44945917071,1,0,0
4289,312.14823030743,75.6143052513519,4348.46332331697,1,0,0
4290,312.10496974264,75.6258414019627,4349.47718746323,1,0,0
4291,312.061709177849,75.6373775525736,4350.49105160949,1,0,0
4292,312.071031730615,75.648912692246,4351.50491575576,1,0,0
4293,312.099868641862,75.6604474567446,4352.51877990202,1,0,0
4294,312.128705553108,75.6719822212432,4353.53264404828,1,0,0
4295,312.157540048446,75.6835160193786,4354.54650819454,1,0,0
4296,312.186367723014,75.6950470892056,4355.5603723408,1,0,0
4297,312.215195397582,75.7065781590326,4356.57423648706,1,0,0
4298,312.244023072149,75.7181092288597,4357.58810063333,1,0,0
4299,312.272843429795,75.729637371918,4358.60196477959,1,0,0
4300,312.301661873599,75.7411647494396,4359.61582892585,1,0,0
4301,312.330480317403,75.7526921269612,4360.62969307211,1,0,0
4302,312.359295784651,75.7642183138604,4361.64355721837,1,0,0
4303,312.388105003601,75.7757420014404,4362.65742136464,1,0,0
4304,312.416914222551,75.7872656890205,4363.6712855109,1,0,0
4305,312.445723441501,75.7987893766005,4364.68514965716,1,0,0
4306,312.47452481,75.810309924,4365.69901380342,1,0,0
4307,312.50332481,75.821829924,4366.71287794968,1,0,0
4308,312.53212481,75.833349924,4367.72674209595,1,0,0
4309,312.560921315179,75.8448685260716,4368.74060624221,1,0,0
4310,312.589712102127,75.8563848408509,4369.75447038847,1,0,0
4311,312.618502889075,75.8679011556302,4370.76833453473,1,0,0
4312,312.647293676024,75.8794174704094,4371.78219868099,1,0,0
4313,312.676076121282,75.8909304485129,4372.79606282725,1,0,0
4314,312.704857701071,75.9024430804285,4373.80992697352,1,0,0
4315,312.73363928086,75.9139557123441,4374.82379111978,1,0,0
4316,312.762416889786,75.9254667559143,4375.83765526604,1,0,0
4317,312.791189268302,75.9369757073209,4376.8515194123,1,0,0
4318,312.819961646819,75.9484846587276,4377.86538355856,1,0,0
4319,312.848734025335,75.9599936101342,4378.87924770482,1,0,0
4320,312.877497613055,75.9714990452221,4379.89311185109,1,0,0
4321,312.906260796181,75.9830043184723,4380.90697599735,1,0,0
4322,312.935023979306,75.9945095917226,4381.92084014361,1,0,0
4323,312.950898942613,76.0060135146915,4382.93470428987,1,0,0
4324,312.952774343089,76.0175159709451,4383.94856843613,1,0,0
4325,312.954649743565,76.0290184271988,4384.9624325824,1,0,0
4326,312.956476331095,76.0405208876962,4385.97629672866,1,0,0
4327,312.931465910086,76.0520256813603,4386.99016087492,1,0,0
4328,312.906455489078,76.0635304750243,4388.00402502118,1,0,0
4329,312.881445068069,76.0750352686883,4389.01788916744,1,0,0
4330,312.856430997145,76.0865417413134,4390.0317533137,1,0,0
4331,312.831413623969,76.0980497329743,4391.04561745997,1,0,0
4332,312.806396250793,76.1095577246351,4392.05948160623,1,0,0
4333,312.781378535669,76.1210658735923,4393.07334575249,1,0,0
4334,312.75635420646,76.1325770650285,4394.08720989875,1,0,0
4335,312.731329877251,76.1440882564646,4395.10107404501,1,0,0
4336,312.706305548042,76.1555994479007,4396.11493819128,1,0,0
4337,312.681277221905,76.1671124779238,4397.12880233754,1,0,0
4338,312.656245932793,76.178626870915,4398.1426664838,1,0,0
4339,312.631214643682,76.1901412639062,4399.15653063006,1,0,0
4340,312.606182655642,76.2016559784045,4400.17039477632,1,0,0
4341,312.581144402756,76.2131735747322,4401.18425892259,1,0,0
4342,312.55610614987,76.2246911710599,4402.19812306885,1,0,0
4343,312.531067896983,76.2362087673876,4403.21198721511,1,0,0
4344,312.506025272458,76.2477283746695,4404.22585136137,1,0,0
4345,312.48098005192,76.2592491761166,4405.23971550763,1,0,0
4346,312.455934831383,76.2707699775636,4406.25357965389,1,0,0
4347,312.430888527201,76.2822912774878,4407.26744380016,1,0,0
4348,312.405836335134,76.2938152858385,4408.28130794642,1,0,0
4349,312.380784143067,76.3053392941893,4409.29517209268,1,0,0
4350,312.355731951,76.31686330254,4410.30903623894,1,0,0
4351,312.330674984792,76.3283895069956,4411.3229003852,1,0,0
4352,312.305615817313,76.3399167240359,4412.33676453146,1,0,0
4353,312.280556649835,76.3514439410761,4413.35062867773,1,0,0
4354,312.255495986162,76.3629718463654,4414.36449282399,1,0,0
4355,312.230429839386,76.3745022738824,4415.37835697025,1,0,0
4356,312.20536369261,76.3860327013995,4416.39222111651,1,0,0
4357,312.180297545834,76.3975631289165,4417.40608526277,1,0,0
4358,312.155226194532,76.4090959505154,4418.41994940904,1,0,0
4359,312.130153064569,76.4206295902981,4419.4338135553,1,0,0
4360,312.105079934607,76.4321632300808,4420.44767770156,1,0,0
4361,312.080004867981,76.4436977607287,4421.46154184782,1,0,0
4362,312.054924750941,76.4552346145673,4422.47540599408,1,0,0
4363,312.0298446339,76.466771468406,4423.48927014035,1,0,0
4364,312.004764516859,76.4783083222446,4424.50313428661,1,0,0
4365,312.046717418295,76.4898434836591,4425.51699843287,1,0,0
4366,312.104391240788,76.5013782481576,4426.53086257913,1,0,0
4367,312.162065063281,76.5129130126562,4427.54472672539,1,0,0
4368,312.219726244797,76.5244452489593,4428.55859087165,1,0,0
4369,312.277363132405,76.5359726264809,4429.57245501792,1,0,0
4370,312.335000020013,76.5475000040025,4430.58631916418,1,0,0
4371,312.392636907621,76.5590273815241,4431.60018331044,1,0,0
4372,312.45024162,76.570548324,4432.6140474567,1,0,0
4373,312.50784162,76.582068324,4433.62791160296,1,0,0
4374,312.56544162,76.593588324,4434.64177574923,1,0,0
4375,312.623026882795,76.605105376559,4435.65563989549,1,0,0
4376,312.680590042373,76.6166180084745,4436.66950404175,1,0,0
4377,312.738153201951,76.6281306403901,4437.68336818801,1,0,0
4378,312.795716361528,76.6396432723057,4438.69723233427,1,0,0
4379,312.853245465804,76.6511490931607,4439.71109648053,1,0,0
4380,312.910771832055,76.662654366411,4440.7249606268,1,0,0
4381,312.968298198306,76.6741596396612,4441.73882477306,1,0,0
4382,312.963102711188,76.6856656204338,4442.75268891932,1,0,0
4383,312.880910930366,76.6971724697488,4443.76655306558,1,0,0
4384,312.798719149544,76.7086793190639,4444.78041721184,1,0,0
4385,312.716527368722,76.720186168379,4445.79428135811,1,0,0
4386,312.634262507346,76.7317032489716,4446.80814550437,1,0,0
4387,312.551995596925,76.7432206164305,4447.82200965063,1,0,0
4388,312.469728686505,76.7547379838894,4448.83587379689,1,0,0
4389,312.387424164325,76.7662606169945,4449.84973794315,1,0,0
4390,312.305081986832,76.7777885218435,4450.86360208941,1,0,0
4391,312.222739809339,76.7893164266926,4451.87746623568,1,0,0
4392,312.1420571934,76.8008445936124,4452.89133038194,1,0,0
4393,312.11527561775,76.8123812723537,4453.9051945282,1,0,0
4394,312.088494042101,76.823917951095,4454.91905867446,1,0,0
4395,312.061712466452,76.8354546298362,4455.93292282072,1,0,0
4396,312.066225578741,76.8469902314963,4456.94678696699,1,0,0
4397,312.095062489987,76.8585249959948,4457.96065111325,1,0,0
4398,312.123899401234,76.8700597604934,4458.97451525951,1,0,0
4399,312.152735436019,76.8815941744074,4459.98837940577,1,0,0
4400,312.181563110586,76.8931252442344,4461.00224355203,1,0,0
4401,312.210390785154,76.9046563140615,4462.01610769829,1,0,0
4402,312.239218459721,76.9161873838885,4463.02997184456,1,0,0
4403,312.268040355828,76.9277161423311,4464.04383599082,1,0,0
4404,312.296858799632,76.9392435198527,4465.05770013708,1,0,0
4405,312.325677243436,76.9507708973743,4466.07156428334,1,0,0
4406,312.354494248159,76.9622976992637,4467.0854284296,1,0,0
4407,312.383303467109,76.9738213868438,4468.09929257587,1,0,0
4408,312.412112686059,76.9853450744238,4469.11315672213,1,0,0
4409,312.44092190501,76.9968687620038,4470.12702086839,1,0,0
4410,312.46972481,77.008389924,4471.14088501465,1,0,0
4411,312.49852481,77.019909924,4472.15474916091,1,0,0
4412,312.52732481,77.031429924,4473.16861330717,1,0,0
4413,312.556122850688,77.0429491402751,4474.18247745344,1,0,0
4414,312.584913637636,77.0544654550544,4475.1963415997,1,0,0
4415,312.613704424584,77.0659817698336,4476.21020574596,1,0,0
4416,312.642495211532,77.0774980846129,4477.22406989222,1,0,0
4417,312.671279191317,77.089011676527,4478.23793403848,1,0,0
4418,312.700060771106,77.1005243084426,4479.25179818475,1,0,0
4419,312.728842350895,77.1120369403581,4480.26566233101,1,0,0
4420,312.757621493366,77.1235485973465,4481.27952647727,1,0,0
4421,312.786393871883,77.1350575487532,4482.29339062353,1,0,0
4422,312.815166250399,77.1465665001598,4483.30725476979,1,0,0
4423,312.843938628916,77.1580754515665,4484.32111891605,1,0,0
4424,312.872703749201,77.1695814996804,4485.33498306232,1,0,0
4425,312.901466932326,77.1810867729306,4486.34884720858,1,0,0
4426,312.930230115452,77.1925920461809,4487.36271135484,1,0,0
4427,312.95,77.2040964573848,4488.3765755011,1,0,0
4428,312.95,77.2155989735602,4489.39043964736,1,0,0
4429,312.95,77.2271014897356,4490.40430379363,1,0,0
4430,312.95,77.238604005911,4491.41816793989,1,0,0
4431,312.925977938239,77.2501088247044,4492.43203208615,1,0,0
4432,312.897214755114,77.2616140979546,4493.44589623241,1,0,0
4433,312.868451571988,77.2731193712048,4494.45976037867,1,0,0
4434,312.839685092311,77.2846259630754,4495.47362452494,1,0,0
4435,312.810912713795,77.2961349144821,4496.4874886712,1,0,0
4436,312.782140335278,77.3076438658887,4497.50135281746,1,0,0
4437,312.753367956762,77.3191528172954,4498.51521696372,1,0,0
4438,312.724587454029,77.3306650183882,4499.52908110998,1,0,0
4439,312.695805874241,77.3421776503038,4500.54294525624,1,0,0
4440,312.667024294452,77.3536902822194,4501.55680940251,1,0,0
4441,312.638238953535,77.365204418586,4502.57067354877,1,0,0
4442,312.609448166587,77.3767207333653,4503.58453769503,1,0,0
4443,312.580657379639,77.3882370481446,4504.59840184129,1,0,0
4444,312.55186659269,77.3997533629238,4505.61226598755,1,0,0
4445,312.52306719,77.411273124,4506.62613013381,1,0,0
4446,312.49426719,77.422793124,4507.63999428008,1,0,0
4447,312.46546719,77.434313124,4508.65385842634,1,0,0
4448,312.436662922135,77.445834831146,4509.6677225726,1,0,0
4449,312.407853703185,77.457358518726,4510.68158671886,1,0,0
4450,312.379044484235,77.468882206306,4511.69545086512,1,0,0
4451,312.350235265285,77.480405893886,4512.70931501139,1,0,0
4452,312.321416896814,77.4919332412744,4513.72317915765,1,0,0
4453,312.29259845301,77.503460618796,4514.73704330391,1,0,0
4454,312.263780009206,77.5149879963176,4515.75090745017,1,0,0
4455,312.234956748479,77.5265173006086,4516.76477159643,1,0,0
4456,312.206129073911,77.5380483704356,4517.77863574269,1,0,0
4457,312.177301399343,77.5495794402626,4518.79249988896,1,0,0
4458,312.148473235742,77.5611107057033,4519.80636403522,1,0,0
4459,312.119636324495,77.5726454702019,4520.82022818148,1,0,0
4460,312.090799413249,77.5841802347004,4521.83409232774,1,0,0
4461,312.061962502003,77.595714999199,4522.847956474,1,0,0
4462,312.046122443364,77.6072515103776,4523.86182062027,1,0,0
4463,312.039496033222,77.6187892598018,4524.87568476653,1,0,0
4464,312.03286962308,77.6303270092261,4525.88954891279,1,0,0
4465,312.028871089818,77.6418646064654,4526.90341305905,1,0,0
4466,312.044460904473,77.6534010693097,4527.91727720531,1,0,0
4467,312.060050719127,77.664937532154,4528.93114135158,1,0,0
4468,312.075640533781,77.6764739949983,4529.94500549784,1,0,0
4469,312.091228590683,77.6880091571051,4530.9588696441,1,0,0
4470,312.106815705334,77.6995436219475,4531.97273379036,1,0,0
4471,312.122402819986,77.7110780867899,4532.98659793662,1,0,0
4472,312.137989440301,77.7226121858225,4534.00046208288,1,0,0
4473,312.153573855885,77.734144653355,4535.01432622915,1,0,0
4474,312.16915827147,77.7456771208874,4536.02819037541,1,0,0
4475,312.184742687054,77.7572095884199,4537.04205452167,1,0,0
4476,312.200325174329,77.7687406290036,4538.05591866793,1,0,0
4477,312.215906891781,77.7802710999178,4539.06978281419,1,0,0
4478,312.231488609232,77.7918015708319,4540.08364696046,1,0,0
4479,312.247069664215,77.803331551519,4541.09751110672,1,0,0
4480,312.262648684467,77.814860026506,4542.11137525298,1,0,0
4481,312.27822770472,77.826388501493,4543.12523939924,1,0,0
4482,312.293806724973,77.83791697648,4544.1391035455,1,0,0
4483,312.309383653075,77.8494439032754,4545.15296769176,1,0,0
4484,312.324959977062,77.8609703830261,4546.16683183803,1,0,0
4485,312.34053630105,77.8724968627769,4547.18069598429,1,0,0
4486,312.356111801145,77.8840227328474,4548.19456013055,1,0,0
4487,312.371685429801,77.8955472180524,4549.20842427681,1,0,0
4488,312.387259058456,77.9070717032575,4550.22228842307,1,0,0
4489,312.402832687112,77.9185961884625,4551.23615256933,1,0,0
4490,312.418404066475,77.9301190091912,4552.2500167156,1,0,0
4491,312.433975000731,77.9416415005407,4553.26388086186,1,0,0
4492,312.449545934987,77.9531639918901,4554.27774500812,1,0,0
4493,312.465115890621,77.9646857590598,4555.29160915438,1,0,0
4494,312.48068413141,77.9762062572436,4556.30547330064,1,0,0
4495,312.496252372199,77.9877267554273,4557.31933744691,1,0,0
4496,312.511820612988,77.999247253611,4558.33320159317,1,0,0
4497,312.527386454029,78.0107659759815,4559.34706573943,1,0,0
4498,312.542952002282,78.0222844816889,4560.36092988569,1,0,0
4499,312.558517550535,78.0338029873962,4561.37479403195,1,0,0
4500,312.574081972119,78.045320659368,4562.38865817822,1,0,0
4501,312.589644828768,78.0568371732881,4563.40252232448,1,0,0
4502,312.605207685416,78.0683536872082,4564.41638647074,1,0,0
4503,312.620770542065,78.0798702011283,4565.430250617,1,0,0
4504,312.636330855184,78.0913848328363,4566.44411476326,1,0,0
4505,312.651891021159,78.1028993556579,4567.45797890952,1,0,0
4506,312.667451187134,78.1144138784794,4568.47184305579,1,0,0
4507,312.683010085058,78.125927462943,4569.48570720205,1,0,0
4508,312.69856756129,78.1374399953544,4570.49957134831,1,0,0
4509,312.714125037521,78.1489525277658,4571.51343549457,1,0,0
4510,312.729682513753,78.1604650601772,4572.52729964083,1,0,0
4511,312.745237309331,78.1719756089051,4573.5411637871,1,0,0
4512,312.760792096749,78.1834861515944,4574.55502793336,1,0,0
4513,312.776346884167,78.1949966942836,4575.56889207962,1,0,0
4514,312.791900268805,78.2065061989157,4576.58275622588,1,0,0
4515,312.807452368338,78.2180147525704,4577.59662037214,1,0,0
4516,312.823004467872,78.2295233062252,4578.6104845184,1,0,0
4517,312.838556443229,78.2410317679898,4579.62434866467,1,0,0
4518,312.854105855807,78.2525383332973,4580.63821281093,1,0,0
4519,312.869655268385,78.2640448986049,4581.65207695719,1,0,0
4520,312.885204680963,78.2755514639124,4582.66594110345,1,0,0
4521,312.900752562671,78.2870568963768,4583.67980524971,1,0,0
4522,312.916299289222,78.298561474024,4584.69366939598,1,0,0
4523,312.931846015772,78.3100660516713,4585.70753354224,1,0,0
4524,312.947392492444,78.3215704444085,4586.7213976885,1,0,0
4525,312.962936533895,78.333073035082,4587.73526183476,1,0,0
4526,312.978480575345,78.3445756257556,4588.74912598102,1,0,0
4527,312.994024616796,78.3560782164292,4589.76299012728,1,0,0
4528,312.991149048446,78.3675807612429,4590.77685427355,1,0,0
4529,312.976770903227,78.3790832774183,4591.79071841981,1,0,0
4530,312.962392758008,78.3905857935937,4592.80458256607,1,0,0
4531,312.948014295558,78.4020885635536,4593.81844671233,1,0,0
4532,312.93363385296,78.413592917632,4594.83231085859,1,0,0
4533,312.919253410362,78.4250972717105,4595.84617500486,1,0,0
4534,312.904872967764,78.4366016257889,4596.86003915112,1,0,0
4535,312.890491005793,78.4481071953656,4597.87390329738,1,0,0
4536,312.876108265082,78.4596133879345,4598.88776744364,1,0,0
4537,312.861725524371,78.4711195805034,4599.9016315899,1,0,0
4538,312.847342358947,78.4826261128427,4600.91549573616,1,0,0
4539,312.832957319388,78.4941341444897,4601.92935988243,1,0,0
4540,312.818572279829,78.5056421761368,4602.94322402869,1,0,0
4541,312.80418724027,78.5171502077839,4603.95708817495,1,0,0
4542,312.789800570498,78.5286595436016,4604.97095232121,1,0,0
4543,312.775413231356,78.5401694149149,4605.98481646747,1,0,0
4544,312.761025892215,78.5516792862281,4606.99868061374,1,0,0
4545,312.746638015629,78.563189587497,4608.01254476,1,0,0
4546,312.732248376169,78.5747012990647,4609.02640890626,1,0,0
4547,312.71785873671,78.5862130106324,4610.04027305252,1,0,0
4548,312.70346909725,78.5977247222,4611.05413719878,1,0,0
4549,312.689077711482,78.6092378308147,4612.06800134504,1,0,0
4550,312.674685770968,78.6207513832254,4613.08186549131,1,0,0
4551,312.660293830455,78.6322649356361,4614.09572963757,1,0,0
4552,312.645901234506,78.6437790123951,4615.10959378383,1,0,0
4553,312.631506992203,78.6552944062375,4616.12345793009,1,0,0
4554,312.6171127499,78.66680980008,4617.13732207635,1,0,0
4555,312.602718507597,78.6783251939224,4618.15118622262,1,0,0
4556,312.588322397625,78.6898420819004,4619.16505036888,1,0,0
4557,312.573925852795,78.7013593177637,4620.17891451514,1,0,0
4558,312.559529307966,78.7128765536271,4621.1927786614,1,0,0
4559,312.545131984441,78.724394412447,4622.20664280766,1,0,0
4560,312.530733136349,78.7359134909207,4623.22050695392,1,0,0
4561,312.516334288257,78.7474325693945,4624.23437110019,1,0,0
4562,312.501935440165,78.7589516478682,4625.24823524645,1,0,0
4563,312.487534597768,78.7704723217858,4626.26209939271,1,0,0
4564,312.473133445676,78.7819932434595,4627.27596353897,1,0,0
4565,312.458732293583,78.7935141651332,4628.28982768523,1,0,0
4566,312.444330234256,78.805035812595,4629.3036918315,1,0,0
4567,312.429926777427,78.8165585780587,4630.31755597776,1,0,0
4568,312.415523320597,78.8280813435225,4631.33142012402,1,0,0
4569,312.401119863767,78.8396041089862,4632.34528427028,1,0,0
4570,312.386714280712,78.8511285754302,4633.35914841654,1,0,0
4571,312.372308518407,78.8626531852741,4634.37301256281,1,0,0
4572,312.357902756102,78.8741777951181,4635.38687670907,1,0,0
4573,312.343495952734,78.8857032378132,4636.40074085533,1,0,0
4574,312.329087884215,78.8972296926279,4637.41460500159,1,0,0
4575,312.314679815697,78.9087561474426,4638.42846914785,0,0,0
4576,312.300271747178,78.9202826022573,4639.44233329411,0,0,0
4577,312.285861415219,78.9318108678248,4640.45619744038,0,0,0
4578,312.271451039749,78.9433391682011,4641.47006158664,0,0,0
4579,312.257040664278,78.9548674685774,4642.4839257329,0,0,0
4580,312.242629108616,78.9663967131075,4643.49778987916,0,0,0
4581,312.228216425454,78.9779268596365,4644.51165402542,0,0,0
4582,312.213803742293,78.9894570061654,4645.52551817168,0,0,0
4583,312.1993909616,79.00098723072,4646.53938231795,0,0,0
4584,312.184975970009,79.012519223993,4647.55324646421,0,0,0
4585,312.170560978418,79.024051217266,4648.56711061047,0,0,0
4586,312.156145986826,79.035583210539,4649.58097475673,0,0,0
4587,312.141729670605,79.0471162635162,4650.59483890299,0,0,0
4588,312.127312369844,79.058650104125,4651.60870304926,0,0,0
4589,312.112895069083,79.0701839447337,4652.62256719552,0,0,0
4590,312.098477524433,79.0817179804534,4653.63643134178,0,0,0
4591,312.084057913763,79.0932536689898,4654.65029548804,0,0,0
4592,312.069638303092,79.1047893575262,4655.6641596343,0,0,0
4593,312.055218692422,79.1163250460626,4656.67802378057,0,0,0
4594,312.040797607363,79.1278619141095,4657.69188792683,0,0,0
4595,312.026375686043,79.1393994511658,4658.70575207309,0,0,0
4596,312.011953764722,79.1509369882221,4659.71961621935,0,0,0
4597,311.987653281563,79.1624754749499,4660.73348036561,0,0,0
4598,311.915508992986,79.1740185611223,4661.74734451187,0,0,0
4599,311.843364704409,79.1855616472946,4662.76120865814,0,0,0
4600,311.771220415832,79.1971047334669,4663.7750728044,0,0,0
4601,311.699035273767,79.2086543561974,4664.78893695066,0,0,0
4602,311.626833107702,79.2202067027677,4665.80280109692,0,0,0
4603,311.554630941637,79.2317590493382,4666.81666524318,0,0,0
4604,311.482414667804,79.2433136531513,4667.83052938945,0,0,0
4605,311.410154531313,79.25487527499,4668.84439353571,0,0,0
4606,311.337894394821,79.2664368968286,4669.85825768197,0,0,0
4607,311.26563425833,79.2779985186672,4670.87212182823,0,0,0
4608,311.193328620932,79.2895674206509,4671.88598597449,0,0,0
4609,311.121010420852,79.3011383326637,4672.89985012075,0,0,0
4610,311.048692220771,79.3127092446766,4673.91371426702,0,0,0
4611,310.96215890444,79.324284109556,4674.92757841328,0,0,0
4612,310.84632878861,79.335867121139,4675.94144255954,0,0,0
4613,310.73049867278,79.347450132722,4676.9553067058,0,0,0
4614,310.61466855695,79.359033144305,4677.96917085206,0,0,0
4615,310.498708078286,79.3706291921714,4678.98303499832,0,0,0
4616,310.382728696843,79.3822271303157,4679.99689914459,0,0,0
4617,310.2667493154,79.3938250684601,4681.01076329085,0,0,0
4618,309.87902219664,79.4054381200517,4682.02462743711,0,0,0
4619,309.122841876717,79.4170716634351,4683.03849158337,0,0,0
4620,308.366661556794,79.4287052068185,4684.05235572963,0,0,0
4621,307.610481236871,79.440338750202,4685.0662198759,0,0,0
4622,306.204154161206,79.4521320486566,4686.08008402216,0,0,0
4623,304.788688892529,79.4639275925623,4687.09394816842,0,0,0
4624,303.373223623853,79.4757231364679,4688.10781231468,0,0,0
4625,301.944300432756,79.487630829727,4689.12167646094,0,0,0
4626,300.506217876164,79.499614851032,4690.13554060721,0,0,0
4627,299.068135319572,79.5115988723369,4691.14940475347,0,0,0
4628,297.401906058801,79.5236478628484,4692.16326889973,0,0,0
4629,295.076957044525,79.5358844366078,4693.17713304599,0,0,0
4630,292.752008030249,79.5481210103671,4694.19099719225,0,0,0
4631,290.427059015973,79.5603575841265,4695.20486133851,0,0,0
4632,288.041175026167,79.5729148682833,4696.21872548478,0,0,0
4633,285.654573490926,79.5854759289951,4697.23258963104,0,0,0
4634,283.267971955686,79.5980369897069,4698.2464537773,0,0,0
4635,281.037832333451,79.6108656921562,4699.26031792356,0,0,0
4636,278.845855256087,79.6237596749642,4700.27418206982,0,0,0
4637,276.653878178723,79.6366536577722,4701.28804621609,0,0,0
4638,274.612032280218,79.6497531181319,4702.30191036235,0,0,0
4639,272.634010302196,79.6629399313187,4703.31577450861,0,0,0
4640,270.655988324174,79.6761267445055,4704.32963865487,0,0,0
4641,268.648257724717,79.6895116151686,4705.34350280113,0,0,0
4642,266.625785814605,79.702994761236,4706.35736694739,0,0,0
4643,264.603313904493,79.7164779073034,4707.37123109366,0,0,0
4644,262.548217672413,79.7301785488506,4708.38509523992,0,0,0
4645,260.479252155171,79.7439716522989,4709.39895938618,0,0,0
4646,258.41028663793,79.7577647557471,4710.41282353244,0,0,0
4647,256.302293382352,79.7718180441177,4711.4266876787,0,0,0
4648,254.184646323528,79.7859356911765,4712.44055182497,0,0,0
4649,252.066999264705,79.8000533382353,4713.45441597123,0,0,0
4650,249.970348599678,79.8144975958643,4714.46828011749,0,0,0
4651,247.874383933948,79.8289525245935,4715.48214426375,0,0,0
4652,245.783507908791,79.8434749435086,4716.49600841001,0,0,0
4653,243.712842337714,79.8582654118735,4717.50987255627,0,0,0
4654,241.642176766637,79.8730558802383,4718.52373670254,0,0,0
4655,239.547291105969,79.8880193492431,4719.5376008488,0,0,0
4656,237.427863015137,79.9031581213205,4720.55146499506,0,0,0
4657,235.308434924304,79.9182968933978,4721.56532914132,0,0,0
4658,233.145330857018,79.9337476367356,4722.57919328758,0,0,0
4659,230.974788221359,79.9492515127046,4723.59305743385,0,0,0
4660,228.789522616944,79.9648605527361,4724.60692158011,0,0,0
4661,226.565339033537,79.9807475783319,4725.62078572637,0,0,0
4662,224.34115545013,79.9966346039276,4726.63464987263,0,0,0
4663,222.384082966099,80.0128123220339,4727.64851401889,0,0,0
4664,220.512896525421,80.0290835084746,4728.66237816516,0,0,0
4665,218.755339868903,80.0454406681233,4729.67624231142,0,0,0
4666,217.264999482519,80.0620000057498,4730.69010645768,0,0,0
4667,215.774659096135,80.0785593433763,4731.70397060394,0,0,0
4668,214.262165049111,80.0953648327877,4732.7178347502,0,0,0
4669,212.746730063143,80.1122029992984,4733.73169889646,0,0,0
4670,210.777943714149,80.1292289734704,4734.74556304273,0,0,0
4671,208.368765893881,80.1464373864723,4735.75942718899,0,0,0
4672,205.947474582514,80.1637323244106,4736.77329133525,0,0,0
4673,203.472032539292,80.1814140532908,4737.78715548151,0,0,0
4674,200.996590496069,80.1990957821709,4738.80101962777,0,0,0
4675,198.709348189501,80.217225214484,4739.81488377403,0,0,0
4676,196.438341376481,80.2353932689882,4740.8287479203,0,0,0
4677,194.329487926134,80.2538682915806,4741.84261206656,0,0,0
4678,192.284033380679,80.2724633329029,4742.85647621282,0,0,0
4679,190.211569040695,80.2913039178119,4743.87034035908,0,0,0
4680,188.118545784881,80.3103314019556,4744.88420450534,0,0,0
4681,186.002320684521,80.3295698119589,4745.89806865161,0,0,0
4682,183.859463541663,80.3490503314394,4746.91193279787,0,0,0
4683,181.695060213411,80.3687267253326,4747.92579694413,0,0,0
4684,179.499938262191,80.3886823794346,4748.93966109039,0,0,0
4685,177.32439289264,80.4088391153082,4749.95352523665,0,0,0
4686,175.177275596417,80.4292878514627,4750.96738938291,0,0,0
4687,173.054592296507,80.4499540770349,4751.98125352918,0,0,0
4688,170.961569040693,80.4708843095931,4752.99511767544,0,0,0
4689,168.841606398805,80.492083936012,4754.0089818217,0,0,0
4690,166.698749255947,80.5135125074405,4755.02284596796,0,0,0
4691,164.819415450117,80.5352573068735,4756.03671011422,0,0,0
4692,163.067590632599,80.5571551170925,4757.05057426049,0,0,0
4693,161.286302109177,80.5794212236353,4758.06443840675,0,0,0
4694,159.484806127291,80.601779931919,4759.07830255301,0,0,0
4695,157.432874525012,80.6245791719443,4760.09216669927,0,0,0
4696,155.294739448048,80.6475526055195,4761.10603084553,0,0,0
4697,152.957077110387,80.6709292288961,4762.1198949918,0,0,0
4698,150.582599166664,80.6946740083334,4763.13375913806,0,0,0
4699,148.182599166664,80.7186740083334,4764.14762328432,0,0,0
4700,146.182458333331,80.7432192708334,4765.16148743058,0,0,0
4701,144.202178072623,80.7679727740922,4766.17535157684,0,0,0
4702,142.191004888266,80.7931124388967,4767.1892157231,0,0,0
4703,140.147370714284,80.8186578660715,4768.20307986937,0,0,0
4704,138.082981725145,80.8444627284357,4769.21694401563,0,0,0
4705,135.97771856725,80.8707785179094,4770.23080816189,0,0,0
4706,133.840657934131,80.8974917758234,4771.24467230815,0,0,0
4707,131.677238496931,80.9245345187884,4772.25853645441,0,0,0
4708,129.468649539876,80.9521418807515,4773.27240060067,0,0,0
4709,127.221319968552,80.9802335003931,4774.28626474694,0,0,0
4710,124.940579838708,81.0087427520161,4775.3001288932,0,0,0
4711,122.617999193548,81.0377750100807,4776.31399303946,0,0,0
4712,120.239668046358,81.0675041494205,4777.32785718572,0,0,0
4713,117.818978741498,81.0977627657313,4778.34172133198,0,0,0
4714,115.434318608204,81.12858116274,4779.35558547825,0,0,0
4715,113.235365728623,81.1599947753054,4780.36944962451,0,0,0
4716,110.982226408767,81.1921824798748,4781.38331377077,0,0,0
4717,108.931566681945,81.2249738886343,4782.39717791703,0,0,0
4718,107.10929848131,81.2583140303738,4783.41104206329,0,0,0
4719,105.416142261906,81.2921771547619,4784.42490620956,0,0,0
4720,103.747131966883,81.3265688327948,4785.43877035582,0,0,0
4721,102.292514538863,81.3614796510673,4786.45263450208,0,0,0
4722,100.814682026548,81.3969476313628,4787.46649864834,0,0,0
4723,99.3146488939924,81.4329484265442,4788.4803627946,0,0,0
4724,97.8406919551958,81.4694827011201,4789.49422694086,0,0,0
4725,96.3573079710169,81.5065673007246,4790.50809108713,0,0,0
4726,94.880684926328,81.5442242599657,4791.52195523339,0,0,0
4727,93.4263631350293,81.5824636497326,4792.53581937965,0,0,0
4728,91.9438899476861,81.6213028400597,4793.54968352591,0,0,0
4729,90.3884507743397,81.6607887306415,4794.56354767217,0,0,0
4730,88.7810354729766,81.7009741131756,4795.57741181844,0,0,0
4731,87.5739494863032,81.7418025256848,4796.5912759647,0,0,0
4732,86.74790293779,81.7831048531105,4797.60514011096,0,0,0
4733,85.9139299418625,81.8248035029069,4798.61900425722,0,0,0
4734,85.0718072183118,81.8669096390844,4799.63286840348,0,0,0
4735,84.2213030213287,81.9094348489336,4800.64673254974,0,0,0
4736,83.362176734451,81.9523911632775,4801.66059669601,0,0,0
4737,82.4941784420303,81.9957910778985,4802.67446084227,0,0,0
4738,81.6170484756114,82.0396475762194,4803.68832498853,0,0,0
4739,80.7298255597031,82.0840087220149,4804.70218913479,0,0,0
4740,79.8326378768863,82.1288681061557,4805.71605328105,0,0,0
4741,78.9253550126917,82.1742322493654,4806.72991742732,0,0,0
4742,78.0076663461552,82.2201166826923,4807.74378157358,0,0,0
4743,77.0792483808301,82.2665375809585,4808.75764571984,0,0,0
4744,76.1397640706813,82.3135117964659,4809.7715098661,0,0,0
4745,75.1887429812841,82.3610628509358,4810.78537401236,0,0,0
4746,74.1802227011498,82.409291091954,4811.79923815862,0,0,0
4747,72.8675406936816,82.458248643544,4812.81310230489,0,0,0
4748,71.3703486382682,82.508155045391,4813.82696645115,0,0,0
4749,70.2305662181305,82.5589716890935,4814.84083059741,0,0,0
4750,69.1970721014498,82.6106463949275,4815.85469474367,0,0,0
4751,68.1483574046926,82.6630821297654,4816.86855888993,0,0,0
4752,67.0842429525231,82.7162878523739,4817.8824230362,0,0,0
4753,66.5029967996993,82.7702003200301,4818.89628718246,0,0,0
4754,65.8387942570137,82.8245803828658,4819.91015132872,0,0,0
4755,64.8177603527621,82.8796119823619,4820.92401547498,0,0,0
4756,63.9054695450102,82.9356248727984,4821.93787962124,0,0,0
4757,63.5524458497056,82.9921086640471,4822.9517437675,0,0,0
4758,63.1974157178219,83.0489134851485,4823.96560791377,0,0,0
4759,63.3625510722348,83.1058785750564,4824.97947206003,0,0,0
4760,64.1695504830538,83.1623685338138,4825.99333620629,0,0,0
4761,64.9279292211721,83.2180941711554,4827.00720035255,0,0,0
4762,65.527844227829,83.2732844227829,4828.02106449881,0,0,0
4763,66.14942808735,83.3279714043675,4829.03492864508,0,0,0
4764,67.2286015625001,83.381930078125,4830.04879279134,0,0,0
4765,68.2917944852934,83.4350897242647,4831.0626569376,0,0,0
4766,69.3379601293098,83.4873980064655,4832.07652108386,0,0,0
4767,70.184629807692,83.5389629807692,4833.09038523012,0,0,0
4768,70.6957650495748,83.5900765049575,4834.10424937638,0,0,0
4769,71.6083523199436,83.6407784106648,4835.11811352265,0,0,0
4770,73.0992239441402,83.6904741314714,4836.13197766891,0,0,0
4771,74.3752960349449,83.7392648017473,4837.14584181517,0,0,0
4772,75.3372609707435,83.7873630485372,4838.15970596143,0,0,0
4773,76.4586789118992,83.834847156476,4839.17357010769,0,0,0
4774,77.8314162946417,83.8815472098214,4840.18743425396,0,0,0
4775,79.2058170540193,83.9273605684673,4841.20129840022,0,0,0
4776,80.5572158106428,83.9724071936881,4842.21516254648,0,0,0
4777,81.9673801797678,84.0167108622791,4843.22902669274,0,0,0
4778,83.5885651913869,84.0602141297847,4844.242890839,0,0,0
4779,85.2939442488254,84.1028486062206,4845.25675498526,0,0,0
4780,86.7261320727473,84.1447044024249,4846.27061913153,0,0,0
4781,87.9626769646913,84.1859225654897,4847.28448327779,0,0,0
4782,89.3118870718677,84.2265539163391,4848.29834742405,0,0,0
4783,90.8411043046334,84.2665276076158,4849.31221157031,0,0,0
4784,92.4126252711479,84.3058156317787,4850.32607571657,0,0,0
4785,93.9578256929623,84.3444456423241,4851.33993986284,0,0,0
4786,95.4780298742128,84.3824507468553,4852.3538040091,0,0,0
4787,97.0708352009263,84.4198518933539,4853.36766815536,0,0,0
4788,98.8061117424231,84.4566222348485,4854.38153230162,0,0,0
4789,100.611931311881,84.4927386262376,4855.39539644788,0,0,0
4790,102.309767023346,84.5282441755837,4856.40926059415,0,0,0
4791,103.70885105364,84.563221276341,4857.42312474041,0,0,0
4792,105.088161398468,84.5977040349617,4858.43698888667,0,0,0
4793,106.44834009434,84.6317085023585,4859.45085303293,0,0,0
4794,107.791859200744,84.6652964800186,4860.46471717919,0,0,0
4795,109.119451007326,84.6984862751832,4861.47858132545,0,0,0
4796,110.431805505416,84.7312951376354,4862.49244547172,0,0,0
4797,111.729573398577,84.7637393349644,4863.50630961798,0,0,0
4798,113.010712188612,84.7957678047153,4864.52017376424,0,0,0
4799,114.410561650592,84.8274013700132,4865.5340379105,0,0,0
4800,115.907802262932,84.8586560452586,4866.54790205676,0,0,0
4801,117.451737817797,84.8895347563559,4867.56176620302,0,0,0
4802,118.97716154661,84.9200432309322,4868.57563034929,0,0,0
4803,120.4775421875,84.95005084375,4869.58949449555,0,0,0
4804,121.961516905738,84.9797303381148,4870.60335864181,0,0,0
4805,123.344181194512,85.0091045298628,4871.61722278807,0,0,0
4806,124.506408797417,85.0381602199354,4872.63108693433,0,0,0
4807,125.393155251597,85.0669385083866,4873.6449510806,0,0,0
4808,126.251448081487,85.0955482693829,4874.65881522686,0,0,0
4809,127.174258300781,85.1239851660156,4875.67267937312,0,0,0
4810,128.580508300781,85.1521101660156,4876.68654351938,0,0,0
4811,129.971577403845,85.1799315480769,4877.70040766564,0,0,0
4812,131.350795928029,85.2075159185606,4878.7142718119,0,0,0
4813,132.714432291666,85.2347886458333,4879.72813595817,0,0,0
4814,134.061978078357,85.2617395615672,4880.74200010443,0,0,0
4815,135.399301930147,85.2884860386029,4881.75586425069,0,0,0
4816,136.722831341912,85.3149566268383,4882.76972839695,0,0,0
4817,138.235644536903,85.3410940756151,4883.78359254321,0,0,0
4818,139.791792852063,85.3670298808677,4884.79745668948,0,0,0
4819,141.328065967283,85.3926344327881,4885.81132083574,0,0,0
4820,142.566341249854,85.4179609398701,4886.825184982,0,0,0
4821,143.628906691724,85.4431406409021,4887.83904912826,0,0,0
4822,144.322815712542,85.4681213656515,4888.85291327452,0,0,0
4823,145.014046400791,85.4930056704285,4889.86677742079,0,0,0
4824,145.702646247769,85.5177952649197,4890.88064156705,0,0,0
4825,146.386588020965,85.5424171687548,4891.89450571331,0,0,0
4826,147.068594809721,85.56696941315,4892.90836985957,0,0,0
4827,147.746816362095,85.5913853890354,4893.92223400583,0,0,0
4828,148.851002147946,85.6156289270746,4894.93609815209,0,0,0
4829,150.208923354987,85.6397697485331,4895.94996229836,0,0,0
4830,151.547271315029,85.6635626011561,4896.96382644462,0,0,0
4831,152.879369863711,85.6872443531326,4897.97769059088,0,0,0
4832,154.197514696908,85.7106780390562,4898.99155473714,0,0,0
4833,155.504607508019,85.733915244587,4900.0054188834,0,0,0
4834,156.803725390939,85.7570106736167,4901.01928302967,1,0,0
4835,158.286779473685,85.7798016921053,4902.03314717593,1,0,0
4836,159.783672125842,85.8025058078716,4903.04701132219,1,0,0
4837,161.08869542983,85.82487763594,4904.06087546845,1,0,0
4838,162.333159892639,85.8471631978528,4905.07473961471,1,0,0
4839,163.437454371167,85.8692490874233,4906.08860376097,1,0,0
4840,164.535182196971,85.8912036439394,4907.10246790724,1,0,0
4841,165.62609128788,85.9130218257576,4908.1163320535,1,0,0
4842,166.567410371704,85.9346852592926,4909.13019619976,1,0,0
4843,167.430719724222,85.9562679931056,4910.14406034602,1,0,0
4844,168.287434976248,85.9776858744062,4911.15792449228,1,0,0
4845,169.14254186461,85.9990635466152,4912.17178863854,1,0,0
4846,169.99014147059,86.0202535367647,4913.18565278481,1,0,0
4847,170.83685343823,86.0414213359558,4914.19951693107,1,0,0
4848,171.676014277391,86.0624003569348,4915.21338107733,1,0,0
4849,172.514111143189,86.0833527785797,4916.22724522359,1,0,0
4850,173.34551991917,86.1041379979793,4917.24110936985,1,0,0
4851,174.21888607143,86.1248777214286,4918.25497351612,1,0,0
4852,175.247457500001,86.14544915,4919.26883766238,1,0,0
4853,176.272909957628,86.1659581991526,4920.28270180864,1,0,0
4854,177.289859110171,86.1862971822034,4921.2965659549,1,0,0
4855,178.273118503773,86.2065693000839,4922.31043010116,1,0,0
4856,179.178399308467,86.2266866512993,4923.32429424743,1,0,0
4857,180.049856312293,86.2467464078073,4924.33815839369,1,0,0
4858,180.847198504985,86.2666799626246,4925.35202253995,1,0,0
4859,181.642393249178,86.2865598312295,4926.36588668621,1,0,0
4860,182.432733534578,86.3063183383645,4927.37975083247,1,0,0
4861,183.221131936889,86.3260282984222,4928.39361497873,1,0,0
4862,184.004592219805,86.3456148054951,4929.407479125,1,0,0
4863,184.786429611652,86.3651607402913,4930.42134327126,1,0,0
4864,185.563128640778,86.3845782160195,4931.43520741752,1,0,0
4865,186.338631283424,86.4039657820856,4932.44907156378,1,0,0
4866,187.10868475936,86.423217118984,4933.46293571004,1,0,0
4867,187.878070254508,86.4424517563627,4934.47679985631,1,0,0
4868,188.641590933193,86.4615397733298,4935.49066400257,1,0,0
4869,189.405068611989,86.4806267152997,4936.50452814883,1,0,0
4870,190.162166403787,86.4995541600947,4937.51839229509,1,0,0
4871,190.919264195585,86.5184816048896,4938.53225644135,1,0,0
4872,191.503564913884,86.5372854971295,4939.54612058761,1,0,0
4873,192.067239235387,86.5560746411796,4940.55998473388,1,0,0
4874,192.628231522304,86.5747743840768,4941.57384888014,1,0,0
4875,193.188397497408,86.5934465832469,4942.5877130264,1,0,0
4876,193.746407409795,86.6120469136598,4943.60157717266,1,0,0
4877,194.303108440723,86.6306036146908,4944.61544131892,1,0,0
4878,194.858212282275,86.6491070760759,4945.62930546519,1,0,0
4879,195.4114909708,86.6675496990267,4946.64316961145,1,0,0
4880,195.963762920062,86.6859587640021,4947.65703375771,1,0,0
4881,196.513661087068,86.7042887029023,4948.67089790397,1,0,0
4882,197.063173266701,86.7226057755567,4949.68476205023,1,0,0
4883,197.609731971154,86.7408243990385,4950.69862619649,1,0,0
4884,198.156290675608,86.7590430225203,4951.71249034276,1,0,0
4885,198.699814071932,86.7771604690644,4952.72635448902,1,0,0
4886,199.243073629276,86.7952691209759,4953.74021863528,1,0,0
4887,199.847905742315,86.8132973069233,4954.75408278154,1,0,0
4888,200.47774828168,86.831292808048,4955.7679469278,1,0,0
4889,201.148829613096,86.8492207403274,4956.78181107407,1,0,0
4890,201.863115327382,86.8670778831845,4957.79567522033,1,0,0
4891,202.576004183072,86.8849001045768,4958.80953936659,1,0,0
4892,203.284665600395,86.9026166400099,4959.82340351285,1,0,0
4893,203.993327017718,86.9203331754429,4960.83726765911,1,0,0
4894,204.522888746335,86.9379296248779,4961.85113180537,1,0,0
4895,205.050747983872,86.9555249327957,4962.86499595164,1,0,0
4896,205.576399599127,86.9730466533042,4963.8788600979,1,0,0
4897,206.101180940234,86.9905393646745,4964.89272424416,1,0,0
4898,206.624652355074,87.0079884118358,4965.90658839042,1,0,0
4899,207.146391485508,87.0253797161836,4966.92045253668,1,0,0
4900,207.667737932278,87.0427579310759,4967.93431668295,1,0,0
4901,208.18646992075,87.0600489973583,4968.94818082921,1,0,0
4902,208.705201909223,87.0773400636408,4969.96204497547,1,0,0
4903,209.221504477078,87.0945501492359,4970.97590912173,1,0,0
4904,209.737263789399,87.1117421263133,4971.98977326799,1,0,0
4905,210.335123576851,87.1288780894213,4973.00363741425,1,0,0
4906,211.01823553131,87.1459558882828,4974.01750156052,1,0,0
4907,211.700584039549,87.1630146009887,4975.03136570678,1,0,0
4908,212.378550141244,87.1799637535311,4976.04522985304,1,0,0
4909,213.056516242939,87.1969129060735,4977.0590939993,1,0,0
4910,213.664283915635,87.2137652547325,4978.07295814556,1,0,0
4911,214.253206561113,87.2305916160318,4979.08682229183,1,0,0
4912,214.80633381738,87.2473777939127,4980.10068643809,1,0,0
4913,215.308192553439,87.264106418448,4981.11455058435,1,0,0
4914,215.809995552219,87.280833185074,4982.12841473061,1,0,0
4915,216.309071337801,87.2974690445934,4983.14227887687,1,0,0
4916,216.808147123383,87.3141049041128,4984.15614302313,1,0,0
4917,217.305528664982,87.3306842888327,4985.1700071694,1,0,0
4918,217.801852194394,87.3472284064798,4986.18387131566,1,0,0
4919,218.297637282907,87.3637545760969,4987.19773546192,1,0,0
4920,218.79123874543,87.380207958181,4988.21159960818,1,0,0
4921,219.284840207953,87.3966613402651,4989.22546375444,1,0,0
4922,219.776377443182,87.4130459147728,4990.23932790071,1,0,0
4923,220.267286534091,87.4294095511364,4991.25319204697,1,0,0
4924,220.757337420887,87.4457445806962,4992.26705619323,1,0,0
4925,221.24558335217,87.4620194450723,4993.28092033949,1,0,0
4926,221.733829283454,87.4782943094485,4994.29478448575,1,0,0
4927,222.219797830486,87.4944932610162,4995.30864863202,1,0,0
4928,222.705409341277,87.5106803113759,4996.32251277828,1,0,0
4929,223.126777193375,87.5268388596688,4997.33637692454,1,0,0
4930,223.449069046553,87.5429534523277,4998.3502410708,1,0,0
4931,223.771360899731,87.5590680449866,4999.36410521706,1,0,0
4932,224.092604928635,87.5751302464318,5000.37796936332,1,0,0
4933,224.41374676628,87.591187338314,5001.39183350959,1,0,0
4934,224.767973922462,87.6072189568985,5002.40569765585,1,0,0
4935,225.167885053322,87.6232154021329,5003.41956180211,1,0,0
4936,225.567796184181,87.6392118473673,5004.43342594837,1,0,0
4937,226.039005470822,87.6551335156941,5005.44729009463,1,0,0
4938,226.516459051724,87.6710486350575,5006.46115424089,1,0,0
4939,226.992889346966,87.6869296448989,5007.47501838716,1,0,0
4940,227.467823383905,87.7027607794635,5008.48888253342,1,0,0
4941,227.942757420845,87.7185919140282,5009.50274667968,1,0,0
4942,228.277241790718,87.7343620895359,5010.51661082594,1,0,0
4943,228.592478218039,87.7501239109019,5011.5304749722,1,0,0
4944,228.907338678011,87.7658669339005,5012.54433911847,1,0,0
4945,229.221474803665,87.7815737401833,5013.55820326473,1,0,0
4946,229.53561092932,87.797280546466,5014.57206741099,1,0,0
4947,229.911030346664,87.8129412138666,5015.58593155725,1,0,0
4948,230.302249646816,87.8285899858727,5016.59979570351,1,0,0
4949,230.711604833478,87.8442201611159,5017.61365984978,1,0,0
4950,231.178732861159,87.859791095372,5018.62752399604,1,0,0
4951,231.645860888841,87.8753620296281,5019.6413881423,1,0,0
4952,232.111372794751,87.8908790931584,5020.65525228856,1,0,0
4953,232.576088801636,87.9063696267212,5021.66911643482,1,0,0
4954,233.027086653814,87.9218543326907,5022.68298058108,1,0,0
4955,233.335569944302,87.9372784972151,5023.69684472735,1,0,0
4956,233.64405323479,87.9527026617395,5024.71070887361,1,0,0
4957,233.952015478224,87.9681007739112,5025.72457301987,1,0,0
4958,234.259445025619,87.983472251281,5026.73843716613,1,0,0
4959,234.566874573015,87.9988437286507,5027.75230131239,1,0,0
4960,234.94164020953,88.0141656083812,5028.76616545866,1,0,0
4961,235.324537465433,88.0294814986173,5029.78002960492,1,0,0
4962,235.728293977562,88.0447764659187,5030.79389375118,1,0,0
4963,236.185533604996,88.0600177868332,5031.80775789744,1,0,0
4964,236.642773232431,88.0752591077477,5032.8216220437,1,0,0
4965,237.098496366892,88.0904498788964,5033.83548618996,1,0,0
4966,237.553424757793,88.1056141585931,5034.84935033623,1,0,0
4967,238.008311137888,88.1207770379296,5035.86321448249,1,0,0
4968,238.460951540235,88.1358650513412,5036.87707862875,1,0,0
4969,238.913591942582,88.1509530647528,5037.89094277501,1,0,0
4970,239.365400489992,88.1660133496664,5038.90480692127,1,0,0
4971,239.815775802753,88.1810258600918,5039.91867106753,1,0,0
4972,240.266151115513,88.1960383705171,5040.9325352138,1,0,0
4973,240.662513099191,88.2110005239677,5041.94639936006,1,0,0
4974,241.036034576676,88.2259413830671,5042.96026350632,1,0,0
4975,241.407617969396,88.2408808984698,5043.97412765258,1,0,0
4976,241.705384718776,88.2557692359388,5044.98799179884,1,0,0
4977,242.003151468156,88.2706575734078,5046.00185594511,1,0,0
4978,242.300585428689,88.2855292714345,5047.01572009137,1,0,0
4979,242.597370259687,88.3003685129844,5048.02958423763,1,0,0
4980,242.894155090684,88.3152077545342,5049.04344838389,1,0,0
4981,243.190312345933,88.3300156172966,5050.05731253015,1,0,0
4982,243.486121713229,88.3448060856615,5051.07117667642,1,0,0
4983,243.781931080526,88.3595965540263,5052.08504082268,1,0,0
4984,244.076830569206,88.3743415284603,5053.09890496894,1,0,0
4985,244.371670864046,88.3890835432023,5054.1127691152,1,0,0
4986,244.666293979592,88.4038146989796,5055.12663326146,1,0,0
4987,244.960171530612,88.4185085765306,5056.14049740772,1,0,0
4988,245.254049081633,88.4332024540817,5057.15436155399,1,0,0
4989,245.547445179008,88.4478722589504,5058.16822570025,1,0,0
4990,245.840366253052,88.4625183126526,5059.18208984651,1,0,0
4991,246.133287327096,88.4771643663548,5060.19595399277,1,0,0
4992,246.425474553934,88.4917737276967,5061.20981813903,1,0,0
4993,246.717445356854,88.5063722678427,5062.2236822853,1,0,0
4994,247.014067195073,88.5209689065024,5063.23754643156,1,0,0
4995,247.450254594104,88.5355084864701,5064.25141057782,1,0,0
4996,247.886441993135,88.5500480664378,5065.26527472408,1,0,0
4997,248.322037932074,88.5645679310691,5066.27913887034,1,0,0
4998,248.75612153336,88.5790373844454,5067.2930030166,1,0,0
4999,249.190205134647,88.5935068378216,5068.30686716287,1,0,0
5000,249.586047334467,88.6079418933787,5069.32073130913,1,0,0
5001,249.94611934887,88.6223447739548,5070.33459545539,1,0,0
5002,250.306191363273,88.6367476545309,5071.34845960165,1,0,0
5003,250.612288775917,88.6511144387959,5072.36232374791,1,0,0
5004,250.89937011563,88.6654685057815,5073.37618789418,1,0,0
5005,251.186451455343,88.6798225727672,5074.39005204044,1,0,0
5006,251.472663056439,88.694133152822,5075.4039161867,1,0,0
5007,251.758831577902,88.7084415788951,5076.41778033296,0,0,0
5008,252.044857468304,88.7227428734152,5077.43164447922,0,0,0
5009,252.330118958003,88.7370059479002,5078.44550862548,0,0,0
5010,252.615380447702,88.7512690223851,5079.45937277175,0,0,0
5011,252.900323953397,88.7655161976698,5080.47323691801,0,0,0
5012,253.18468414297,88.7797342071485,5081.48710106427,0,0,0
5013,253.469044332544,88.7939522166272,5082.50096521053,0,0,0
5014,253.714713600118,88.8081475733412,5083.51482935679,0,0,0
5015,253.927353883639,88.8223235922426,5084.52869350306,0,0,0
5016,254.139994167159,88.8364996111439,5085.54255764932,0,0,0
5017,254.301576306997,88.8506576306997,5086.55642179558,0,0,0
5018,254.443085740959,88.8648085740959,5087.57028594184,0,0,0
5019,254.584595174922,88.8789595174922,5088.5841500881,0,0,0
5020,254.725906642465,88.8930906642465,5089.59801423437,0,0,0
5021,254.867193926609,88.9072193926609,5090.61187838063,0,0,0
5022,255.010582823213,88.921346625857,5091.62574252689,0,0,0
5023,255.186880570519,88.9354504456415,5092.63960667315,0,0,0
5024,255.363178317826,88.9495542654261,5093.65347081941,0,0,0
5025,255.539398888075,88.963651911046,5094.66733496567,0,0,0
5026,255.715351967253,88.9777281573803,5095.68119911194,0,0,0
5027,255.891305046432,88.9918044037146,5096.6950632582,0,0,0
5028,256.067126890244,89.0058701512195,5097.70892740446,0,0,0
5029,256.242736646342,89.0199189317073,5098.72279155072,0,0,0
5030,256.418346402439,89.0339677121951,5099.73665569698,0,0,0
5031,256.593773186466,89.0480018549173,5100.75051984324,0,0,0
5032,256.76904095667,89.0620232765336,5101.76438398951,0,0,0
5033,256.944308726874,89.07604469815,5102.77824813577,0,0,0
5034,256.451457007257,89.090099502373,5103.79211228203,0,0,0
5035,255.647436906755,89.1041698541318,5104.80597642829,0,0,0
5036,254.843416806252,89.1182402058906,5105.81984057455,0,0,0
5037,254.033313199194,89.1324170190141,5106.83370472082,0,0,0
5038,253.222045593561,89.1466142021127,5107.84756886708,0,0,0
5039,252.410616137415,89.1608142175952,5108.86143301334,0,0,0
5040,251.591969178916,89.175140539369,5109.8752971596,0,0,0
5041,250.773322220417,89.1894668611427,5110.88916130586,0,0,0
5042,249.764555076765,89.2038309615883,5111.90302545212,0,0,0
5043,248.118828961932,89.2183216317817,5112.91688959839,0,0,0
5044,246.473102847099,89.2328123019752,5113.93075374465,0,0,0
5045,244.413719188685,89.2474781224195,5114.94461789091,0,0,0
5046,241.88688186416,89.2623418713873,5115.95848203717,0,0,0
5047,239.360044539634,89.2772056203551,5116.97234618343,0,0,0
5048,236.77639247026,89.2924035737044,5117.9862103297,0,0,0
5049,234.176562393795,89.3076966918012,5119.00007447596,0,0,0
5050,231.667858925455,89.3230549313427,5120.01393862222,0,0,0
5051,229.627754304706,89.33874804381,5121.02780276848,0,0,0
5052,227.587649683956,89.3544411562773,5122.04166691474,0,0,0
5053,225.518496152986,89.3703577219001,5123.05553106101,0,0,0
5054,223.431074208293,89.3864148137824,5124.06939520727,0,0,0
5055,221.347716702805,89.4025182663776,5125.08325935353,0,0,0
5056,219.293391206343,89.4189528703493,5126.09712349979,0,0,0
5057,217.239065709881,89.4353874743209,5127.11098764605,0,0,0
5058,215.210587535012,89.4520784372082,5128.12485179231,0,0,0
5059,213.193780812322,89.4688851598973,5129.13871593858,0,0,0
5060,211.162692693407,89.4858108942216,5130.15258008484,0,0,0
5061,209.099655444123,89.503002871299,5131.1664442311,0,0,0
5062,207.036618194839,89.5201948483763,5132.18030837736,0,0,0
5063,205.44907839912,89.537732462232,5133.19417252362,0,0,0
5064,203.870131030699,89.5552763218811,5134.20803666988,0,0,0
5065,202.271383370534,89.5730401847718,5135.22190081615,0,0,0
5066,200.664240513391,89.590897327629,5136.23576496241,0,0,0
5067,199.127975265016,89.6089003091873,5137.24962910867,0,0,0
5068,197.674164058555,89.6270729492681,5138.26349325493,0,0,0
5069,196.262873527151,89.6453160924693,5139.27735740119,0,0,0
5070,194.971889920593,89.6637587154201,5140.29122154746,0,0,0
5071,193.679173141891,89.682226097973,5141.30508569372,0,0,0
5072,192.36940183212,89.700937116684,5142.31894983998,0,0,0
5073,191.059630522349,89.719648135395,5143.33281398624,0,0,0
5074,189.731397217826,89.7386228968882,5144.3466781325,0,0,0
5075,188.402283293776,89.7576102386604,5145.36054227877,0,0,0
5076,187.056278974839,89.776838871788,5146.37440642503,0,0,0
5077,185.707242572269,89.7961108203962,5147.38827057129,0,0,0
5078,184.418165817712,89.815605141266,5148.40213471755,0,0,0
5079,183.146772174681,89.8351650434665,5149.41599886381,0,0,0
5080,181.934988573789,89.8549168571035,5150.42986301007,0,0,0
5081,180.745561261013,89.8747406456498,5151.44372715634,0,0,0
5082,179.544832170759,89.894752797154,5152.4575913026,0,0,0
5083,178.339475027901,89.9148420828683,5153.47145544886,0,0,0
5084,177.122363829185,89.9351272695136,5154.48531959512,0,0,0
5085,175.900644372171,89.9554892604638,5155.49918374138,0,0,0
5086,174.666249569953,89.9760625071674,5156.51304788765,0,0,0
5087,173.427717459862,89.9967047090023,5157.52691203391,0,0,0
5088,172.517514227642,90.017562144309,5158.54077618017,0,0,0
5089,171.681277293843,90.0384680676539,5159.55464032643,0,0,0
5090,171.220315274532,90.0594842362734,5160.56850447269,0,0,0
5091,170.799753374413,90.0805123312794,5161.58236861895,0,0,0
5092,170.377218163145,90.1016390918427,5162.59623276522,0,0,0
5093,169.977261410483,90.1227738589517,5163.61009691148,0,0,0
5094,169.765247276207,90.1439752723793,5164.62396105774,0,0,0
5095,169.553122712515,90.1651877287485,5165.637825204,0,0,0
5096,169.340607954545,90.1864392045455,5166.65168935026,0,0,0
5097,169.019647431151,90.207714102754,5167.66555349653,0,0,0
5098,168.486629960023,90.2290348015991,5168.67941764279,0,0,0
5099,167.802365292712,90.2504408676822,5169.69328178905,0,0,0
5100,166.942150238948,90.2719462440263,5170.70714593531,0,0,0
5101,166.076935765983,90.2935766058504,5171.72101008157,0,0,0
5102,165.208419481302,90.3152895129675,5172.73487422783,0,0,0
5103,164.667545413122,90.3371227293439,5173.7487383741,0,0,0
5104,164.230121354799,90.35899393226,5174.76260252036,0,0,0
5105,163.790708028083,90.3809645985959,5175.77646666662,0,0,0
5106,163.326316528545,90.4029561157152,5176.79033081288,0,0,0
5107,162.66333310313,90.425055563229,5177.80419495914,0,0,0
5108,161.931325588599,90.447216860285,5178.81805910541,0,0,0
5109,161.039132280049,90.4695216929988,5179.83192325167,0,0,0
5110,160.142402690863,90.4919399327284,5180.84578739793,0,0,0
5111,159.241276282853,90.5144680929287,5181.85965154419,0,0,0
5112,158.667578656998,90.5371210671501,5182.87351569045,0,0,0
5113,158.213606399747,90.5598196800126,5183.88737983671,0,0,0
5114,157.757401615969,90.5826299192015,5184.90124398298,0,0,0
5115,157.300624044586,90.6054687977707,5185.91510812924,0,0,0
5116,156.842025318471,90.6283987340765,5186.9289722755,0,0,0
5117,156.382317381562,90.6513841309219,5187.94283642176,0,0,0
5118,155.921369878361,90.674431506082,5188.95670056802,0,0,0
5119,155.458674227799,90.6975662886101,5189.97056471429,0,0,0
5120,154.99562232215,90.720733476152,5190.98442886055,0,0,0
5121,154.559082305982,90.7440156103476,5191.99829300681,0,0,0
5122,154.121921049959,90.7673308773355,5193.01215715307,0,0,0
5123,153.683253300163,90.790726490658,5194.02602129933,0,0,0
5124,153.243334540817,90.8141888244898,5195.03988544559,0,0,0
5125,152.802518214286,90.8376990285714,5196.05374959186,0,0,0
5126,152.359790658327,90.8613111648893,5197.06761373812,0,0,0
5127,152.031741842723,90.8849438579812,5198.08147788438,0,0,0
5128,152.20075592723,90.9086058298122,5199.09534203064,0,0,0
5129,152.369612456487,90.9322457439082,5200.1092061769,0,0,0
5130,152.538309738586,90.9558633634021,5201.12307032317,0,0,0
5131,152.706753365963,90.9794454712348,5202.13693446943,0,0,0
5132,152.903800300896,91.0030123238944,5203.15079861569,0,0,0
5133,153.340448929371,91.02652417312,5204.16466276195,0,0,0
5134,153.884066391051,91.0499688797017,5205.17852690821,0,0,0
5135,154.584455496109,91.0733151832036,5206.19239105447,0,0,0
5136,155.281100627413,91.0965366875804,5207.20625520074,0,0,0
5137,155.976081322393,91.1197027107465,5208.220119347,0,0,0
5138,156.444514226342,91.1427257113171,5209.23398349326,0,0,0
5139,156.904338581424,91.1657169290712,5210.24784763952,0,0,0
5140,157.3623538486,91.18861769243,5211.26171178578,0,0,0
5141,157.873979950964,91.2114591980386,5212.27557593205,0,0,0
5142,158.443420001582,91.2342368000633,5213.28944007831,0,0,0
5143,159.091853250628,91.2568951083543,5214.30330422457,0,0,0
5144,159.770245210427,91.2795081736809,5215.31716837083,0,0,0
5145,160.443784523067,91.3019594841023,5216.33103251709,0,0,0
5146,161.116231667698,91.3243743889233,5217.34489666336,0,0,0
5147,161.784548499381,91.3466516166461,5218.35876080962,0,0,0
5148,162.451001458846,91.3688667152949,5219.37262495588,0,0,0
5149,163.114392122236,91.3909797374079,5220.38648910214,0,0,0
5150,163.712610742605,91.4130044297042,5221.4003532484,0,0,0
5151,164.261558592559,91.4349623437024,5222.41421739466,0,0,0
5152,164.726711316748,91.4568355658374,5223.42808154093,0,0,0
5153,165.163604520631,91.4786802260315,5224.44194568719,0,0,0
5154,165.598562952899,91.5004281476449,5225.45580983345,0,0,0
5155,166.049718112245,91.5221572704082,5226.46967397971,0,0,0
5156,166.697977415966,91.5437659138655,5227.48353812597,0,0,0
5157,167.345190926698,91.5653396975566,5228.49740227223,0,0,0
5158,167.988814287843,91.5867938095948,5229.5112664185,0,0,0
5159,168.669172101449,91.60819063147,5230.52513056476,0,0,0
5160,169.414513716356,91.6294861061816,5231.53899471102,0,0,0
5161,170.207526670574,91.6506881667644,5232.55285885728,0,0,0
5162,171.051606389214,91.6717901597304,5233.56672300354,0,0,0
5163,171.891080429732,91.6927770107433,5234.58058714981,0,0,0
5164,172.72731736353,91.7136829340883,5235.59445129607,0,0,0
5165,173.558366225546,91.7344591556387,5236.60831544233,0,0,0
5166,174.386904775603,91.7551726193901,5237.62217958859,0,0,0
5167,175.209829247434,91.7757457311859,5238.63604373485,0,0,0
5168,176.030809863169,91.7962702465792,5239.64990788111,0,0,0
5169,176.84589858757,91.8166474646893,5240.66377202738,0,0,0
5170,177.659457909604,91.8369864477401,5241.67763617364,1,0,0
5171,178.466987961926,91.8571746990482,5242.6915003199,1,0,0
5172,179.273258958567,91.8773314739642,5243.70536446616,1,0,0
5173,180.073496392897,91.8973374098224,5244.71922861242,1,0,0
5174,180.872608490566,91.9173152122642,5245.73309275869,1,0,0
5175,181.665808855886,91.9371452213971,5246.74695690495,1,0,0
5176,182.457888063807,91.9569472015952,5247.76082105121,1,0,0
5177,183.24429689204,91.976607422301,5248.77468519747,1,0,0
5178,184.029465921483,91.9962366480371,5249.78854934373,1,0,0
5179,184.73329842525,92.0157370978643,5250.80241349,1,0,0
5180,185.414563632063,92.0352018180589,5251.81627763626,1,0,0
5181,186.022143058539,92.0545714352847,5252.83014178252,1,0,0
5182,186.602164540816,92.0739054846939,5253.84400592878,1,0,0
5183,187.179738727321,92.0931579575774,5254.85787007504,1,0,0
5184,187.756046091249,92.1123682030416,5255.8717342213,1,0,0
5185,188.439851959746,92.1314962989937,5256.88559836757,1,0,0
5186,189.202563824153,92.1505640956038,5257.89946251383,1,0,0
5187,189.962206144958,92.169555153624,5258.91332666009,1,0,0
5188,190.718508665967,92.1884627166492,5259.92719080635,1,0,0
5189,191.404497329338,92.2073165776446,5260.94105495261,1,0,0
5190,191.967290450756,92.2260763483585,5261.95491909888,1,0,0
5191,192.486317557054,92.2448158778527,5262.96878324514,1,0,0
5192,192.859761540457,92.2634880770228,5263.9826473914,1,0,0
5193,193.233068310951,92.2821534155475,5264.99651153766,1,0,0
5194,193.604969137397,92.3007484568699,5266.01037568392,1,0,0
5195,193.976869963843,92.3193434981922,5267.02423983018,1,0,0
5196,194.520467818603,92.3378489272868,5268.03810397645,1,0,0
5197,195.075452402365,92.3563484134121,5269.05196812271,1,0,0
5198,195.627798965782,92.3747599655261,5270.06583226897,1,0,0
5199,196.179382213994,92.3931460737998,5271.07969641523,1,0,0
5200,196.728949428934,92.4114649809645,5272.09356056149,1,0,0
5201,197.277172779188,92.4297390926396,5273.10742470775,1,0,0
5202,197.824031470737,92.4479677156912,5274.12128885402,1,0,0
5203,198.368935607972,92.4661311869324,5275.13515300028,1,0,0
5204,198.913154651454,92.4842718217151,5276.14901714654,1,0,0
5205,199.454779526078,92.5023259842026,5277.1628812928,1,0,0
5206,199.996404400702,92.5203801466901,5278.17674543906,1,0,0
5207,200.534810755234,92.5383270251745,5279.19060958533,1,0,0
5208,201.073195600698,92.5562731866899,5280.20447373159,1,0,0
5209,201.609132990584,92.5741377663528,5281.21833787785,1,0,0
5210,202.144316340436,92.5919772113479,5282.23220202411,1,0,0
5211,202.724075566363,92.6097593018961,5283.24606617037,1,0,0
5212,203.344612379955,92.6274889251416,5284.25993031664,1,0,0
5213,203.987312072336,92.6451828018084,5285.2737944629,1,0,0
5214,204.691124389051,92.6627781097263,5286.28765860916,1,0,0
5215,205.394936705767,92.6803734176442,5287.30152275542,1,0,0
5216,206.093327109602,92.6978331777401,5288.31538690168,1,0,0
5217,206.791678225023,92.7152919556256,5289.32925104794,1,0,0
5218,207.365043533236,92.7326681177746,5290.34311519421,1,0,0
5219,207.885274747109,92.750009158237,5291.35697934047,1,0,0
5220,208.404324892241,92.7673108297414,5292.37084348673,1,0,0
5221,208.921566271551,92.7845522090517,5293.38470763299,1,0,0
5222,209.445006159247,92.8017858902642,5294.39857177925,1,0,0
5223,210.04486333611,92.818924666746,5295.41243592552,1,0,0
5224,210.644720512972,92.8360634432278,5296.42630007178,1,0,0
5225,211.304366965973,92.8531091741493,5297.44016421804,1,0,0
5226,211.98489626654,92.8701224066635,5298.4540283643,1,0,0
5227,212.663433630394,92.8870858407599,5299.46789251056,1,0,0
5228,213.33885576923,92.9039713942308,5300.48175665682,1,0,0
5229,214.007098997201,92.9208549498601,5301.49562080309,1,0,0
5230,214.342919892724,92.9376459946362,5302.50948494935,1,0,0
5231,214.678740788246,92.9544370394123,5303.52334909561,1,0,0
5232,215.013764056691,92.9711882028346,5304.53721324187,1,0,0
5233,215.348336547398,92.9879168273699,5305.55107738813,1,0,0
5234,215.723845615456,93.0046281871819,5306.5649415344,1,0,0
5235,216.223614241092,93.0212871413697,5307.57880568066,1,0,0
5236,216.723382866728,93.0379460955576,5308.59266982692,1,0,0
5237,217.360312729778,93.0545078182445,5309.60653397318,1,0,0
5238,218.02207743566,93.0710519358915,5310.62039811944,1,0,0
5239,218.681770301093,93.0875442575274,5311.6342622657,1,0,0
5240,219.338704607663,93.1039676151916,5312.64812641197,1,0,0
5241,219.995638914232,93.1203909728558,5313.66199055823,1,0,0
5242,220.32451009528,93.1367255047641,5314.67585470449,1,0,0
5243,220.651188861161,93.1530594430581,5315.68971885075,1,0,0
5244,220.977224344484,93.1693612172242,5316.70358299701,1,0,0
5245,221.302721632006,93.1856360816003,5317.71744714328,1,0,0
5246,221.635138623057,93.2019055449223,5318.73131128954,1,0,0
5247,222.040452741499,93.21811810966,5319.7451754358,1,0,0
5248,222.445766859941,93.2343306743976,5320.75903958206,1,0,0
5249,222.899744791666,93.2504914930555,5321.77290372832,1,0,0
5250,223.383615759407,93.2666205253136,5322.78676787458,1,0,0
5251,223.86712583556,93.282737527852,5323.80063202085,1,0,0
5252,224.34840925802,93.2987803086007,5324.81449616711,1,0,0
5253,224.82969268048,93.3148230893493,5325.82836031337,1,0,0
5254,225.206397626441,93.3308198813221,5326.84222445963,1,0,0
5255,225.525829747116,93.3467914873558,5327.85608860589,1,0,0
5256,225.84510179045,93.3627550895225,5328.86995275216,1,0,0
5257,226.163404177718,93.3786702088859,5329.88381689842,1,0,0
5258,226.481706564986,93.3945853282493,5330.89768104468,1,0,0
5259,226.849075231226,93.410463009249,5331.91154519094,1,0,0
5260,227.245463691918,93.4263185476767,5332.9254093372,1,0,0
5261,227.649969489482,93.4421656496494,5333.93927348346,1,0,0
5262,228.123238551708,93.4579412850569,5334.95313762973,1,0,0
5263,228.596507613935,93.4737169204645,5335.96700177599,1,0,0
5264,229.068365464254,93.4894455154751,5336.98086592225,1,0,0
5265,229.539158838273,93.5051386279424,5337.99473006851,1,0,0
5266,230.006606011284,93.5208303005642,5339.00859421477,1,0,0
5267,230.319106011284,93.5364553005642,5340.02245836104,1,0,0
5268,230.631606011284,93.5520803005642,5341.0363225073,1,0,0
5269,230.943607374567,93.5676803687283,5342.05018665356,1,0,0
5270,231.255026059688,93.5832513029844,5343.06405079982,1,0,0
5271,231.566444744809,93.5988222372405,5344.07791494608,1,0,0
5272,231.946057018961,93.6143422807584,5345.09177909234,1,0,0
5273,232.333904465632,93.6298561786253,5346.10564323861,1,0,0
5274,232.745381807461,93.6453460602487,5347.11950738487,1,0,0
5275,233.208503591337,93.6607834530446,5348.13337153113,1,0,0
5276,233.671625375213,93.6762208458404,5349.14723567739,1,0,0
5277,234.133033436432,93.6916011145478,5350.16109982365,1,0,0
5278,234.593784289675,93.7069594763225,5351.17496396992,1,0,0
5279,235.054257374787,93.7223085791596,5352.18882811618,1,0,0
5280,235.512661449489,93.737588714983,5353.20269226244,1,0,0
5281,235.971065524192,93.7528688508064,5354.2165564087,1,0,0
5282,236.428306746198,93.7681102248733,5355.23042055496,1,0,0
5283,236.884387827279,93.783312927576,5356.24428470123,1,0,0
5284,237.34046890836,93.7985156302787,5357.25814884749,1,0,0
5285,237.728861236603,93.8136544494641,5358.27201299375,1,0,0
5286,238.107091957343,93.8287836782937,5359.28587714001,1,0,0
5287,238.468015180066,93.8439007590033,5360.29974128627,1,0,0
5288,238.769522717755,93.8589761358877,5361.31360543253,1,0,0
5289,239.071030255443,93.8740515127722,5362.3274695788,1,0,0
5290,239.371961707011,93.8890980853506,5363.34133372506,1,0,0
5291,239.672462541736,93.9041231270868,5364.35519787132,1,0,0
5292,239.97296337646,93.919148168823,5365.36906201758,1,0,0
5293,240.272554180532,93.9341277090266,5366.38292616384,1,0,0
5294,240.572055012479,93.949102750624,5367.3967903101,1,0,0
5295,240.871318511608,93.9640659255804,5368.41065445637,1,0,0
5296,241.169825974295,93.9789912987147,5369.42451860263,1,0,0
5297,241.468333436981,93.9939166718491,5370.43838274889,1,0,0
5298,241.807818761619,94.0088127504648,5371.45224689515,1,0,0
5299,242.179642764924,94.023685710597,5372.46611104141,1,0,0
5300,242.551466768229,94.0385586707292,5373.47997518768,1,0,0
5301,242.986114463404,94.0533704821135,5374.49383933394,1,0,0
5302,243.430193410772,94.0681731136924,5375.5077034802,1,0,0
5303,243.873907682077,94.0829635894026,5376.52156762646,1,0,0
5304,244.315806209082,94.0976935403027,5377.53543177272,1,0,0
5305,244.757704736087,94.1124234912029,5378.54929591899,1,0,0
5306,245.132526589241,94.1271263294621,5379.56316006525,1,0,0
5307,245.425925122248,94.1417962561124,5380.57702421151,1,0,0
5308,245.719323655256,94.1564661827628,5381.59088835777,1,0,0
5309,246.012030970755,94.1711015485377,5382.60475250403,1,0,0
5310,246.304476137286,94.1857238068643,5383.61861665029,1,0,0
5311,246.596921303817,94.2003460651909,5384.63248079656,1,0,0
5312,246.960463595425,94.214918543817,5385.64634494282,1,0,0
5313,247.32476232038,94.2294904928152,5386.66020908908,1,0,0
5314,247.706378072118,94.2440459357373,5387.67407323534,1,0,0
5315,248.141511029411,94.258550367647,5388.6879373816,1,0,0
5316,248.576643986703,94.2730547995568,5389.70180152787,1,0,0
5317,249.010757969125,94.2875252656375,5390.71566567413,1,0,0
5318,249.443797263432,94.3019599087811,5391.72952982039,1,0,0
5319,249.876836557738,94.3163945519246,5392.74339396665,1,0,0
5320,250.205758885782,94.3307879442891,5393.75725811291,1,0,0
5321,250.493298821885,94.3451649410942,5394.77112225917,1,0,0
5322,250.780838757987,94.3595419378994,5395.78498640544,1,0,0
5323,251.067523984872,94.3738761992436,5396.7988505517,1,0,0
5324,251.354148188694,94.3882074094347,5397.81271469796,1,0,0
5325,251.640642956349,94.4025321478174,5398.82657884422,1,0,0
5326,251.926357242063,94.4168178621032,5399.84044299048,1,0,0
5327,252.212071527777,94.4311035763889,5400.85430713674,1,0,0
5328,252.497476364715,94.4453738182357,5401.86817128301,1,0,0
5329,252.782286491297,94.4596143245649,5402.88203542927,1,0,0
5330,253.067096617879,94.473854830894,5403.89589957553,1,0,0
5331,253.351427543375,94.4880713771687,5404.90976372179,1,0,0
5332,253.635339215299,94.502266960765,5405.92362786805,1,0,0
5333,253.919250887223,94.5164625443612,5406.93749201432,1,0,0
5334,254.101341512588,94.5306341512588,5407.95135616058,1,0,0
5335,254.242962283635,94.5447962283635,5408.96522030684,1,0,0
5336,254.384583054681,94.5589583054681,5409.9790844531,1,0,0
5337,254.526005547918,94.5731005547918,5410.99294859936,1,0,0
5338,254.667403819717,94.5872403819717,5412.00681274563,1,0,0
5339,254.813179842187,94.6013786561458,5413.02067689189,1,0,0
5340,255.024903033718,94.6154935355812,5414.03454103815,1,0,0
5341,255.236626225249,94.6296084150166,5415.04840518441,1,0,0
5342,255.464276876465,94.6437138438233,5416.06226933067,1,0,0
5343,255.745746774823,94.6577873387412,5417.07613347693,1,0,0
5344,256.027216673181,94.6718608336591,5418.0899976232,1,0,0
5345,256.308347720186,94.6859173860093,5419.10386176946,1,0,0
5346,256.588940081839,94.6999470040919,5420.11772591572,1,0,0
5347,256.869532443491,94.7139766221746,5421.13159006198,1,0,0
5348,257.149658216782,94.7279829108391,5422.14545420824,1,0,0
5349,257.429378496503,94.7419689248251,5423.15931835451,1,0,0
5350,257.709098776223,94.7559549388111,5424.17318250077,1,0,0
5351,257.988234024011,94.7699117012006,5425.18704664703,1,0,0
5352,258.267087625871,94.7838543812935,5426.20091079329,1,0,0
5353,258.54594122773,94.7977970613865,5427.21477493955,1,0,0
5354,258.824100482625,94.8117050241312,5428.22863908581,1,0,0
5355,259.102092760617,94.8256046380309,5429.24250323208,1,0,0
5356,259.380085038609,94.8395042519305,5430.25636737834,1,0,0
5357,259.657282621246,94.8533641310623,5431.2702315246,1,0,0
5358,259.934418879907,94.8672209439953,5432.28409567086,1,0,0
5359,260.211519666154,94.8810759833077,5433.29795981712,1,0,0
5360,260.487805161166,94.8948902580583,5434.31182396338,1,0,0
5361,260.764090656177,94.9087045328089,5435.32568810965,1,0,0
5362,261.020141701761,94.9225141701761,5436.33955225591,1,0,0
5363,261.157967122894,94.9362967122894,5437.35341640217,1,0,0
5364,261.295792544027,94.9500792544027,5438.36728054843,1,0,0
5365,261.433566561544,94.9638566561544,5439.38114469469,1,0,0
5366,261.571181240443,94.9776181240443,5440.39500884096,1,0,0
5367,261.708795919342,94.9913795919342,5441.40887298722,1,0,0
5368,261.869496350887,95.0051330900591,5442.42273713348,1,0,0
5369,262.075563895249,95.0188709263499,5443.43660127974,1,0,0
5370,262.28163143961,95.0326087626407,5444.450465426,1,0,0
5371,262.516598268645,95.0463299134322,5445.46432957227,1,0,0
5372,262.790570871384,95.0600285435692,5446.47819371853,1,0,0
5373,263.064543474124,95.0737271737062,5447.49205786479,1,0,0
5374,263.338095694233,95.0874047847117,5448.50592201105,1,0,0
5375,263.611236817146,95.1010618408573,5449.51978615731,1,0,0
5376,263.88437794006,95.114718897003,5450.53365030357,1,0,0
5376.45997256945,264.009999999999,95.121,5451,1,0,0
